date,origin,destination,cargo_type,vessel_type,cargo_volume,bdi,panamax_index,capesize_index,bunker_price,crude_oil_price,port_congestion,vessel_availability,commodity_price,usd_inr,freight_rate
2018-01-01,Australia,Visakhapatnam,Coal,Panamax,70227,1294,1200,1498,550.5,64.1,4.1,0.66,101.2,70.41,26.47
2018-01-01,Australia,Visakhapatnam,Iron Ore,Panamax,71868,1294,1200,1498,550.5,64.1,3.3,0.63,84.1,70.41,27.84
2018-01-01,Australia,Visakhapatnam,Coal,Capesize,173462,1294,1200,1498,550.5,64.1,3.1,0.69,97.7,70.41,21.5
2018-01-01,Australia,Visakhapatnam,Iron Ore,Capesize,159125,1294,1200,1498,550.5,64.1,3.2,0.69,125.5,70.41,23.6
2018-01-01,Australia,Visakhapatnam,Coal,Supramax,57026,1294,1200,1498,550.5,64.1,3.0,0.7,100.2,70.41,28.29
2018-01-01,Australia,Visakhapatnam,Iron Ore,Supramax,59502,1294,1200,1498,550.5,64.1,3.1,0.67,100.7,70.41,30.59
2018-01-01,Australia,Paradip,Coal,Panamax,75700,1294,1200,1498,550.5,64.1,3.8,0.59,106.7,70.41,26.59
2018-01-01,Australia,Paradip,Iron Ore,Panamax,71570,1294,1200,1498,550.5,64.1,3.6,0.69,96.9,70.41,26.65
2018-01-01,Australia,Paradip,Coal,Capesize,162432,1294,1200,1498,550.5,64.1,3.3,0.71,107.7,70.41,21.6
2018-01-01,Australia,Paradip,Iron Ore,Capesize,160091,1294,1200,1498,550.5,64.1,3.7,0.68,112.2,70.41,24.67
2018-01-01,Australia,Paradip,Coal,Supramax,53139,1294,1200,1498,550.5,64.1,3.2,0.66,107.7,70.41,29.98
2018-01-01,Australia,Paradip,Iron Ore,Supramax,56513,1294,1200,1498,550.5,64.1,3.4,0.64,114.4,70.41,31.39
2018-01-01,Australia,Chennai,Coal,Panamax,78911,1294,1200,1498,550.5,64.1,3.5,0.7,107.9,70.41,24.15
2018-01-01,Australia,Chennai,Iron Ore,Panamax,73913,1294,1200,1498,550.5,64.1,4.1,0.64,132.0,70.41,26.81
2018-01-01,Australia,Chennai,Coal,Capesize,189264,1294,1200,1498,550.5,64.1,3.5,0.64,105.7,70.41,21.63
2018-01-01,Australia,Chennai,Iron Ore,Capesize,160194,1294,1200,1498,550.5,64.1,3.3,0.61,98.7,70.41,24.22
2018-01-01,Australia,Chennai,Coal,Supramax,58340,1294,1200,1498,550.5,64.1,3.2,0.65,112.3,70.41,28.52
2018-01-01,Australia,Chennai,Iron Ore,Supramax,50710,1294,1200,1498,550.5,64.1,4.0,0.64,102.5,70.41,31.1
2018-01-01,Indonesia,Visakhapatnam,Coal,Panamax,67604,1294,1200,1498,550.5,64.1,3.3,0.61,107.4,70.41,12.0
2018-01-01,Indonesia,Visakhapatnam,Iron Ore,Panamax,72564,1294,1200,1498,550.5,64.1,2.4,0.72,101.8,70.41,12.0
2018-01-01,Indonesia,Visakhapatnam,Coal,Capesize,170227,1294,1200,1498,550.5,64.1,3.4,0.68,120.1,70.41,12.0
2018-01-01,Indonesia,Visakhapatnam,Iron Ore,Capesize,158791,1294,1200,1498,550.5,64.1,3.5,0.59,96.4,70.41,12.0
2018-01-01,Indonesia,Visakhapatnam,Coal,Supramax,51093,1294,1200,1498,550.5,64.1,3.5,0.75,103.5,70.41,12.0
2018-01-01,Indonesia,Visakhapatnam,Iron Ore,Supramax,57877,1294,1200,1498,550.5,64.1,3.6,0.65,111.1,70.41,12.0
2018-01-01,Indonesia,Paradip,Coal,Panamax,77002,1294,1200,1498,550.5,64.1,3.8,0.6,116.2,70.41,12.0
2018-01-01,Indonesia,Paradip,Iron Ore,Panamax,70297,1294,1200,1498,550.5,64.1,3.1,0.68,101.1,70.41,12.0
2018-01-01,Indonesia,Paradip,Coal,Capesize,180081,1294,1200,1498,550.5,64.1,3.5,0.63,92.6,70.41,12.0
2018-01-01,Indonesia,Paradip,Iron Ore,Capesize,162313,1294,1200,1498,550.5,64.1,3.7,0.61,110.0,70.41,12.0
2018-01-01,Indonesia,Paradip,Coal,Supramax,58489,1294,1200,1498,550.5,64.1,3.2,0.66,111.5,70.41,12.0
2018-01-01,Indonesia,Paradip,Iron Ore,Supramax,59369,1294,1200,1498,550.5,64.1,4.0,0.73,102.4,70.41,12.0
2018-02-01,Australia,Visakhapatnam,Coal,Panamax,69924,1336,1323,1380,493.6,67.1,3.8,0.65,99.6,70.62,25.61
2018-02-01,Australia,Visakhapatnam,Iron Ore,Panamax,77878,1336,1323,1380,493.6,67.1,3.8,0.67,106.4,70.62,26.28
2018-02-01,Australia,Visakhapatnam,Coal,Capesize,168888,1336,1323,1380,493.6,67.1,3.2,0.7,97.2,70.62,21.56
2018-02-01,Australia,Visakhapatnam,Iron Ore,Capesize,177390,1336,1323,1380,493.6,67.1,4.0,0.68,108.4,70.62,23.93
2018-02-01,Australia,Visakhapatnam,Coal,Supramax,60203,1336,1323,1380,493.6,67.1,3.6,0.62,97.9,70.62,29.27
2018-02-01,Australia,Visakhapatnam,Iron Ore,Supramax,55029,1336,1323,1380,493.6,67.1,4.1,0.62,114.7,70.62,31.99
2018-02-01,Australia,Paradip,Coal,Panamax,71711,1336,1323,1380,493.6,67.1,3.6,0.76,110.0,70.62,23.87
2018-02-01,Australia,Paradip,Iron Ore,Panamax,81999,1336,1323,1380,493.6,67.1,3.7,0.64,104.0,70.62,27.83
2018-02-01,Australia,Paradip,Coal,Capesize,163432,1336,1323,1380,493.6,67.1,3.4,0.6,101.4,70.62,23.52
2018-02-01,Australia,Paradip,Iron Ore,Capesize,160901,1336,1323,1380,493.6,67.1,4.0,0.63,110.0,70.62,25.34
2018-02-01,Australia,Paradip,Coal,Supramax,57167,1336,1323,1380,493.6,67.1,3.7,0.6,107.9,70.62,30.65
2018-02-01,Australia,Paradip,Iron Ore,Supramax,58411,1336,1323,1380,493.6,67.1,3.3,0.72,112.2,70.62,29.95
2018-02-01,Australia,Chennai,Coal,Panamax,78029,1336,1323,1380,493.6,67.1,3.9,0.79,109.6,70.62,23.28
2018-02-01,Australia,Chennai,Iron Ore,Panamax,68909,1336,1323,1380,493.6,67.1,3.8,0.65,95.8,70.62,25.58
2018-02-01,Australia,Chennai,Coal,Capesize,167528,1336,1323,1380,493.6,67.1,3.5,0.66,123.5,70.62,20.6
2018-02-01,Australia,Chennai,Iron Ore,Capesize,175778,1336,1323,1380,493.6,67.1,3.6,0.65,97.9,70.62,22.74
2018-02-01,Australia,Chennai,Coal,Supramax,50068,1336,1323,1380,493.6,67.1,3.4,0.69,99.2,70.62,27.59
2018-02-01,Australia,Chennai,Iron Ore,Supramax,60234,1336,1323,1380,493.6,67.1,4.7,0.67,115.9,70.62,30.93
2018-02-01,Indonesia,Visakhapatnam,Coal,Panamax,74084,1336,1323,1380,493.6,67.1,2.9,0.69,99.7,70.62,12.0
2018-02-01,Indonesia,Visakhapatnam,Iron Ore,Panamax,71253,1336,1323,1380,493.6,67.1,3.4,0.73,102.3,70.62,12.0
2018-02-01,Indonesia,Visakhapatnam,Coal,Capesize,190920,1336,1323,1380,493.6,67.1,4.4,0.63,94.9,70.62,12.0
2018-02-01,Indonesia,Visakhapatnam,Iron Ore,Capesize,166170,1336,1323,1380,493.6,67.1,3.9,0.7,94.4,70.62,12.0
2018-02-01,Indonesia,Visakhapatnam,Coal,Supramax,54715,1336,1323,1380,493.6,67.1,4.2,0.59,108.6,70.62,12.0
2018-02-01,Indonesia,Visakhapatnam,Iron Ore,Supramax,54272,1336,1323,1380,493.6,67.1,3.7,0.61,94.6,70.62,12.0
2018-02-01,Indonesia,Paradip,Coal,Panamax,73119,1336,1323,1380,493.6,67.1,4.4,0.55,101.5,70.62,12.0
2018-02-01,Indonesia,Paradip,Iron Ore,Panamax,69944,1336,1323,1380,493.6,67.1,3.7,0.74,108.2,70.62,12.0
2018-02-01,Indonesia,Paradip,Coal,Capesize,190408,1336,1323,1380,493.6,67.1,3.8,0.62,105.6,70.62,12.0
2018-02-01,Indonesia,Paradip,Iron Ore,Capesize,176596,1336,1323,1380,493.6,67.1,3.0,0.73,100.1,70.62,12.0
2018-02-01,Indonesia,Paradip,Coal,Supramax,50283,1336,1323,1380,493.6,67.1,3.7,0.67,107.2,70.62,12.0
2018-02-01,Indonesia,Paradip,Iron Ore,Supramax,57164,1336,1323,1380,493.6,67.1,4.1,0.61,100.0,70.62,12.0
2018-03-01,Australia,Visakhapatnam,Coal,Panamax,73080,1471,1371,1681,532.6,61.7,4.1,0.65,104.8,70.28,28.69
2018-03-01,Australia,Visakhapatnam,Iron Ore,Panamax,78818,1471,1371,1681,532.6,61.7,3.5,0.7,117.4,70.28,28.89
2018-03-01,Australia,Visakhapatnam,Coal,Capesize,171122,1471,1371,1681,532.6,61.7,4.3,0.62,110.5,70.28,25.85
2018-03-01,Australia,Visakhapatnam,Iron Ore,Capesize,173195,1471,1371,1681,532.6,61.7,3.7,0.62,120.3,70.28,27.33
2018-03-01,Australia,Visakhapatnam,Coal,Supramax,58207,1471,1371,1681,532.6,61.7,3.4,0.61,114.3,70.28,33.0
2018-03-01,Australia,Visakhapatnam,Iron Ore,Supramax,59264,1471,1371,1681,532.6,61.7,3.5,0.65,88.3,70.28,34.79
2018-03-01,Australia,Paradip,Coal,Panamax,76773,1471,1371,1681,532.6,61.7,3.5,0.64,108.3,70.28,28.49
2018-03-01,Australia,Paradip,Iron Ore,Panamax,68720,1471,1371,1681,532.6,61.7,3.6,0.66,109.5,70.28,30.52
2018-03-01,Australia,Paradip,Coal,Capesize,184700,1471,1371,1681,532.6,61.7,3.2,0.61,99.3,70.28,25.48
2018-03-01,Australia,Paradip,Iron Ore,Capesize,173903,1471,1371,1681,532.6,61.7,3.0,0.74,102.6,70.28,25.03
2018-03-01,Australia,Paradip,Coal,Supramax,60083,1471,1371,1681,532.6,61.7,3.9,0.6,109.2,70.28,34.36
2018-03-01,Australia,Paradip,Iron Ore,Supramax,60095,1471,1371,1681,532.6,61.7,3.2,0.64,102.3,70.28,34.68
2018-03-01,Australia,Chennai,Coal,Panamax,82039,1471,1371,1681,532.6,61.7,3.9,0.64,105.8,70.28,27.44
2018-03-01,Australia,Chennai,Iron Ore,Panamax,76913,1471,1371,1681,532.6,61.7,4.7,0.61,101.5,70.28,31.17
2018-03-01,Australia,Chennai,Coal,Capesize,167208,1471,1371,1681,532.6,61.7,4.1,0.63,122.5,70.28,24.58
2018-03-01,Australia,Chennai,Iron Ore,Capesize,160220,1471,1371,1681,532.6,61.7,3.7,0.59,113.3,70.28,25.79
2018-03-01,Australia,Chennai,Coal,Supramax,57032,1471,1371,1681,532.6,61.7,3.9,0.71,112.6,70.28,30.48
2018-03-01,Australia,Chennai,Iron Ore,Supramax,59026,1471,1371,1681,532.6,61.7,4.1,0.68,110.6,70.28,33.06
2018-03-01,Indonesia,Visakhapatnam,Coal,Panamax,82048,1471,1371,1681,532.6,61.7,4.3,0.6,91.3,70.28,12.0
2018-03-01,Indonesia,Visakhapatnam,Iron Ore,Panamax,71601,1471,1371,1681,532.6,61.7,3.9,0.65,85.4,70.28,12.0
2018-03-01,Indonesia,Visakhapatnam,Coal,Capesize,173269,1471,1371,1681,532.6,61.7,3.8,0.64,101.4,70.28,12.0
2018-03-01,Indonesia,Visakhapatnam,Iron Ore,Capesize,170035,1471,1371,1681,532.6,61.7,3.3,0.69,113.5,70.28,12.0
2018-03-01,Indonesia,Visakhapatnam,Coal,Supramax,55221,1471,1371,1681,532.6,61.7,3.9,0.61,117.4,70.28,12.0
2018-03-01,Indonesia,Visakhapatnam,Iron Ore,Supramax,53938,1471,1371,1681,532.6,61.7,3.9,0.68,113.2,70.28,12.0
2018-03-01,Indonesia,Paradip,Coal,Panamax,69545,1471,1371,1681,532.6,61.7,4.1,0.68,97.3,70.28,12.0
2018-03-01,Indonesia,Paradip,Iron Ore,Panamax,72723,1471,1371,1681,532.6,61.7,3.1,0.73,112.1,70.28,12.0
2018-03-01,Indonesia,Paradip,Coal,Capesize,187682,1471,1371,1681,532.6,61.7,4.4,0.61,118.0,70.28,12.0
2018-03-01,Indonesia,Paradip,Iron Ore,Capesize,191801,1471,1371,1681,532.6,61.7,3.8,0.67,102.7,70.28,12.0
2018-03-01,Indonesia,Paradip,Coal,Supramax,50334,1471,1371,1681,532.6,61.7,3.0,0.68,94.6,70.28,12.0
2018-03-01,Indonesia,Paradip,Iron Ore,Supramax,54713,1471,1371,1681,532.6,61.7,3.4,0.68,111.0,70.28,12.0
2018-04-01,Australia,Visakhapatnam,Coal,Panamax,68089,1405,1466,1642,504.1,64.6,3.5,0.61,120.7,70.09,29.43
2018-04-01,Australia,Visakhapatnam,Iron Ore,Panamax,78723,1405,1466,1642,504.1,64.6,3.9,0.68,111.8,70.09,30.25
2018-04-01,Australia,Visakhapatnam,Coal,Capesize,179138,1405,1466,1642,504.1,64.6,3.5,0.63,102.8,70.09,24.76
2018-04-01,Australia,Visakhapatnam,Iron Ore,Capesize,188832,1405,1466,1642,504.1,64.6,3.5,0.57,111.8,70.09,27.64
2018-04-01,Australia,Visakhapatnam,Coal,Supramax,55358,1405,1466,1642,504.1,64.6,5.0,0.62,104.0,70.09,34.48
2018-04-01,Australia,Visakhapatnam,Iron Ore,Supramax,53042,1405,1466,1642,504.1,64.6,3.4,0.62,103.5,70.09,35.47
2018-04-01,Australia,Paradip,Coal,Panamax,79337,1405,1466,1642,504.1,64.6,3.5,0.61,118.5,70.09,30.23
2018-04-01,Australia,Paradip,Iron Ore,Panamax,78681,1405,1466,1642,504.1,64.6,3.4,0.66,124.0,70.09,31.25
2018-04-01,Australia,Paradip,Coal,Capesize,180107,1405,1466,1642,504.1,64.6,3.3,0.66,98.0,70.09,24.94
2018-04-01,Australia,Paradip,Iron Ore,Capesize,165802,1405,1466,1642,504.1,64.6,3.0,0.72,105.2,70.09,26.0
2018-04-01,Australia,Paradip,Coal,Supramax,51407,1405,1466,1642,504.1,64.6,3.5,0.64,100.3,70.09,33.49
2018-04-01,Australia,Paradip,Iron Ore,Supramax,59020,1405,1466,1642,504.1,64.6,2.7,0.72,108.1,70.09,34.02
2018-04-01,Australia,Chennai,Coal,Panamax,81440,1405,1466,1642,504.1,64.6,3.5,0.69,109.0,70.09,26.98
2018-04-01,Australia,Chennai,Iron Ore,Panamax,70305,1405,1466,1642,504.1,64.6,4.5,0.67,112.5,70.09,29.87
2018-04-01,Australia,Chennai,Coal,Capesize,161519,1405,1466,1642,504.1,64.6,3.4,0.59,92.0,70.09,25.37
2018-04-01,Australia,Chennai,Iron Ore,Capesize,174339,1405,1466,1642,504.1,64.6,3.1,0.71,95.9,70.09,24.99
2018-04-01,Australia,Chennai,Coal,Supramax,50197,1405,1466,1642,504.1,64.6,3.5,0.66,98.1,70.09,31.82
2018-04-01,Australia,Chennai,Iron Ore,Supramax,56052,1405,1466,1642,504.1,64.6,3.5,0.69,113.9,70.09,33.78
2018-04-01,Indonesia,Visakhapatnam,Coal,Panamax,79959,1405,1466,1642,504.1,64.6,2.7,0.66,109.6,70.09,12.0
2018-04-01,Indonesia,Visakhapatnam,Iron Ore,Panamax,80127,1405,1466,1642,504.1,64.6,3.8,0.64,108.9,70.09,12.0
2018-04-01,Indonesia,Visakhapatnam,Coal,Capesize,163249,1405,1466,1642,504.1,64.6,3.9,0.62,101.1,70.09,12.0
2018-04-01,Indonesia,Visakhapatnam,Iron Ore,Capesize,188202,1405,1466,1642,504.1,64.6,3.9,0.68,87.3,70.09,12.0
2018-04-01,Indonesia,Visakhapatnam,Coal,Supramax,54589,1405,1466,1642,504.1,64.6,4.2,0.6,88.7,70.09,12.0
2018-04-01,Indonesia,Visakhapatnam,Iron Ore,Supramax,59395,1405,1466,1642,504.1,64.6,4.1,0.59,92.4,70.09,12.0
2018-04-01,Indonesia,Paradip,Coal,Panamax,69253,1405,1466,1642,504.1,64.6,4.1,0.54,106.9,70.09,12.0
2018-04-01,Indonesia,Paradip,Iron Ore,Panamax,79410,1405,1466,1642,504.1,64.6,3.8,0.66,98.0,70.09,12.0
2018-04-01,Indonesia,Paradip,Coal,Capesize,162808,1405,1466,1642,504.1,64.6,4.0,0.72,106.5,70.09,12.0
2018-04-01,Indonesia,Paradip,Iron Ore,Capesize,188186,1405,1466,1642,504.1,64.6,3.3,0.63,117.1,70.09,12.0
2018-04-01,Indonesia,Paradip,Coal,Supramax,58270,1405,1466,1642,504.1,64.6,4.1,0.6,102.8,70.09,12.0
2018-04-01,Indonesia,Paradip,Iron Ore,Supramax,56552,1405,1466,1642,504.1,64.6,3.5,0.63,112.7,70.09,12.0
2018-05-01,Australia,Visakhapatnam,Coal,Panamax,75088,1578,1621,1688,495.1,57.9,3.8,0.64,107.2,71.1,29.7
2018-05-01,Australia,Visakhapatnam,Iron Ore,Panamax,81337,1578,1621,1688,495.1,57.9,3.4,0.66,119.3,71.1,31.57
2018-05-01,Australia,Visakhapatnam,Coal,Capesize,172344,1578,1621,1688,495.1,57.9,3.2,0.69,120.1,71.1,25.88
2018-05-01,Australia,Visakhapatnam,Iron Ore,Capesize,161463,1578,1621,1688,495.1,57.9,3.6,0.65,104.3,71.1,28.14
2018-05-01,Australia,Visakhapatnam,Coal,Supramax,50102,1578,1621,1688,495.1,57.9,3.5,0.7,91.5,71.1,34.16
2018-05-01,Australia,Visakhapatnam,Iron Ore,Supramax,59618,1578,1621,1688,495.1,57.9,3.9,0.61,111.8,71.1,36.29
2018-05-01,Australia,Paradip,Coal,Panamax,70869,1578,1621,1688,495.1,57.9,3.0,0.63,102.3,71.1,30.76
2018-05-01,Australia,Paradip,Iron Ore,Panamax,73783,1578,1621,1688,495.1,57.9,3.0,0.67,104.9,71.1,30.83
2018-05-01,Australia,Paradip,Coal,Capesize,157958,1578,1621,1688,495.1,57.9,3.4,0.69,119.8,71.1,26.39
2018-05-01,Australia,Paradip,Iron Ore,Capesize,192390,1578,1621,1688,495.1,57.9,3.1,0.7,98.6,71.1,27.09
2018-05-01,Australia,Paradip,Coal,Supramax,51808,1578,1621,1688,495.1,57.9,4.5,0.61,105.1,71.1,36.2
2018-05-01,Australia,Paradip,Iron Ore,Supramax,50222,1578,1621,1688,495.1,57.9,3.5,0.66,125.6,71.1,36.32
2018-05-01,Australia,Chennai,Coal,Panamax,73511,1578,1621,1688,495.1,57.9,3.4,0.72,83.8,71.1,28.17
2018-05-01,Australia,Chennai,Iron Ore,Panamax,81691,1578,1621,1688,495.1,57.9,3.0,0.69,107.3,71.1,29.46
2018-05-01,Australia,Chennai,Coal,Capesize,158388,1578,1621,1688,495.1,57.9,2.9,0.65,96.1,71.1,25.51
2018-05-01,Australia,Chennai,Iron Ore,Capesize,165269,1578,1621,1688,495.1,57.9,3.7,0.61,104.3,71.1,27.59
2018-05-01,Australia,Chennai,Coal,Supramax,56680,1578,1621,1688,495.1,57.9,3.8,0.59,100.8,71.1,34.44
2018-05-01,Australia,Chennai,Iron Ore,Supramax,58912,1578,1621,1688,495.1,57.9,3.4,0.65,111.5,71.1,34.69
2018-05-01,Indonesia,Visakhapatnam,Coal,Panamax,71897,1578,1621,1688,495.1,57.9,3.4,0.71,96.4,71.1,12.0
2018-05-01,Indonesia,Visakhapatnam,Iron Ore,Panamax,73195,1578,1621,1688,495.1,57.9,2.8,0.76,95.1,71.1,12.0
2018-05-01,Indonesia,Visakhapatnam,Coal,Capesize,176821,1578,1621,1688,495.1,57.9,2.9,0.71,94.8,71.1,12.0
2018-05-01,Indonesia,Visakhapatnam,Iron Ore,Capesize,185494,1578,1621,1688,495.1,57.9,2.8,0.67,112.8,71.1,12.0
2018-05-01,Indonesia,Visakhapatnam,Coal,Supramax,56468,1578,1621,1688,495.1,57.9,3.4,0.66,107.5,71.1,12.0
2018-05-01,Indonesia,Visakhapatnam,Iron Ore,Supramax,52495,1578,1621,1688,495.1,57.9,3.3,0.65,94.7,71.1,12.0
2018-05-01,Indonesia,Paradip,Coal,Panamax,77271,1578,1621,1688,495.1,57.9,3.6,0.61,108.3,71.1,12.0
2018-05-01,Indonesia,Paradip,Iron Ore,Panamax,77475,1578,1621,1688,495.1,57.9,3.3,0.69,118.0,71.1,12.0
2018-05-01,Indonesia,Paradip,Coal,Capesize,163319,1578,1621,1688,495.1,57.9,2.8,0.64,100.0,71.1,12.0
2018-05-01,Indonesia,Paradip,Iron Ore,Capesize,171125,1578,1621,1688,495.1,57.9,3.4,0.67,93.5,71.1,12.0
2018-05-01,Indonesia,Paradip,Coal,Supramax,55730,1578,1621,1688,495.1,57.9,3.1,0.62,97.2,71.1,12.0
2018-05-01,Indonesia,Paradip,Iron Ore,Supramax,51864,1578,1621,1688,495.1,57.9,4.3,0.6,105.8,71.1,12.19
2018-06-01,Australia,Visakhapatnam,Coal,Panamax,71196,1521,1520,2048,518.1,69.6,3.2,0.74,100.0,70.22,30.14
2018-06-01,Australia,Visakhapatnam,Iron Ore,Panamax,76353,1521,1520,2048,518.1,69.6,3.4,0.68,96.3,70.22,32.62
2018-06-01,Australia,Visakhapatnam,Coal,Capesize,163979,1521,1520,2048,518.1,69.6,2.9,0.68,104.4,70.22,26.6
2018-06-01,Australia,Visakhapatnam,Iron Ore,Capesize,180557,1521,1520,2048,518.1,69.6,3.6,0.65,111.5,70.22,29.22
2018-06-01,Australia,Visakhapatnam,Coal,Supramax,51933,1521,1520,2048,518.1,69.6,3.5,0.67,104.4,70.22,34.54
2018-06-01,Australia,Visakhapatnam,Iron Ore,Supramax,60181,1521,1520,2048,518.1,69.6,3.5,0.66,108.6,70.22,37.36
2018-06-01,Australia,Paradip,Coal,Panamax,72286,1521,1520,2048,518.1,69.6,3.2,0.7,105.2,70.22,30.47
2018-06-01,Australia,Paradip,Iron Ore,Panamax,78371,1521,1520,2048,518.1,69.6,2.6,0.72,96.7,70.22,32.04
2018-06-01,Australia,Paradip,Coal,Capesize,168656,1521,1520,2048,518.1,69.6,3.1,0.66,116.6,70.22,27.31
2018-06-01,Australia,Paradip,Iron Ore,Capesize,158354,1521,1520,2048,518.1,69.6,3.5,0.67,94.2,70.22,29.3
2018-06-01,Australia,Paradip,Coal,Supramax,54778,1521,1520,2048,518.1,69.6,3.2,0.71,100.9,70.22,35.52
2018-06-01,Australia,Paradip,Iron Ore,Supramax,57613,1521,1520,2048,518.1,69.6,3.6,0.66,91.5,70.22,37.42
2018-06-01,Australia,Chennai,Coal,Panamax,71944,1521,1520,2048,518.1,69.6,3.0,0.67,94.2,70.22,28.89
2018-06-01,Australia,Chennai,Iron Ore,Panamax,81749,1521,1520,2048,518.1,69.6,2.4,0.66,96.4,70.22,30.92
2018-06-01,Australia,Chennai,Coal,Capesize,178969,1521,1520,2048,518.1,69.6,3.6,0.64,104.6,70.22,26.92
2018-06-01,Australia,Chennai,Iron Ore,Capesize,163678,1521,1520,2048,518.1,69.6,3.7,0.71,92.4,70.22,27.34
2018-06-01,Australia,Chennai,Coal,Supramax,50136,1521,1520,2048,518.1,69.6,3.0,0.66,99.9,70.22,34.29
2018-06-01,Australia,Chennai,Iron Ore,Supramax,51192,1521,1520,2048,518.1,69.6,3.1,0.63,111.4,70.22,36.77
2018-06-01,Indonesia,Visakhapatnam,Coal,Panamax,76394,1521,1520,2048,518.1,69.6,3.0,0.71,106.6,70.22,12.0
2018-06-01,Indonesia,Visakhapatnam,Iron Ore,Panamax,69442,1521,1520,2048,518.1,69.6,2.9,0.69,102.1,70.22,12.0
2018-06-01,Indonesia,Visakhapatnam,Coal,Capesize,160544,1521,1520,2048,518.1,69.6,3.3,0.68,110.3,70.22,12.0
2018-06-01,Indonesia,Visakhapatnam,Iron Ore,Capesize,174855,1521,1520,2048,518.1,69.6,2.5,0.65,112.1,70.22,12.0
2018-06-01,Indonesia,Visakhapatnam,Coal,Supramax,54786,1521,1520,2048,518.1,69.6,3.0,0.69,104.9,70.22,12.0
2018-06-01,Indonesia,Visakhapatnam,Iron Ore,Supramax,55723,1521,1520,2048,518.1,69.6,3.7,0.66,115.6,70.22,12.0
2018-06-01,Indonesia,Paradip,Coal,Panamax,80258,1521,1520,2048,518.1,69.6,3.4,0.65,109.7,70.22,12.0
2018-06-01,Indonesia,Paradip,Iron Ore,Panamax,77702,1521,1520,2048,518.1,69.6,3.4,0.69,109.0,70.22,12.0
2018-06-01,Indonesia,Paradip,Coal,Capesize,169229,1521,1520,2048,518.1,69.6,3.8,0.67,103.7,70.22,12.0
2018-06-01,Indonesia,Paradip,Iron Ore,Capesize,175261,1521,1520,2048,518.1,69.6,2.9,0.7,108.3,70.22,12.0
2018-06-01,Indonesia,Paradip,Coal,Supramax,56474,1521,1520,2048,518.1,69.6,3.3,0.67,94.1,70.22,12.0
2018-06-01,Indonesia,Paradip,Iron Ore,Supramax,55453,1521,1520,2048,518.1,69.6,3.8,0.65,107.1,70.22,12.0
2018-07-01,Australia,Visakhapatnam,Coal,Panamax,72688,1537,1509,1827,523.7,63.2,3.3,0.62,106.1,70.58,30.64
2018-07-01,Australia,Visakhapatnam,Iron Ore,Panamax,67868,1537,1509,1827,523.7,63.2,2.7,0.7,107.9,70.58,30.88
2018-07-01,Australia,Visakhapatnam,Coal,Capesize,167076,1537,1509,1827,523.7,63.2,3.5,0.65,100.6,70.58,27.83
2018-07-01,Australia,Visakhapatnam,Iron Ore,Capesize,165226,1537,1509,1827,523.7,63.2,2.4,0.7,110.2,70.58,27.42
2018-07-01,Australia,Visakhapatnam,Coal,Supramax,59959,1537,1509,1827,523.7,63.2,3.0,0.66,94.8,70.58,34.95
2018-07-01,Australia,Visakhapatnam,Iron Ore,Supramax,56523,1537,1509,1827,523.7,63.2,2.8,0.64,104.1,70.58,37.03
2018-07-01,Australia,Paradip,Coal,Panamax,80911,1537,1509,1827,523.7,63.2,2.3,0.69,104.6,70.58,29.67
2018-07-01,Australia,Paradip,Iron Ore,Panamax,73027,1537,1509,1827,523.7,63.2,2.6,0.67,105.6,70.58,31.84
2018-07-01,Australia,Paradip,Coal,Capesize,184482,1537,1509,1827,523.7,63.2,2.9,0.73,107.7,70.58,26.05
2018-07-01,Australia,Paradip,Iron Ore,Capesize,158638,1537,1509,1827,523.7,63.2,3.1,0.7,97.4,70.58,28.2
2018-07-01,Australia,Paradip,Coal,Supramax,50790,1537,1509,1827,523.7,63.2,3.0,0.71,104.3,70.58,35.03
2018-07-01,Australia,Paradip,Iron Ore,Supramax,54907,1537,1509,1827,523.7,63.2,3.0,0.65,94.1,70.58,37.27
2018-07-01,Australia,Chennai,Coal,Panamax,72155,1537,1509,1827,523.7,63.2,3.0,0.65,111.7,70.58,29.03
2018-07-01,Australia,Chennai,Iron Ore,Panamax,74699,1537,1509,1827,523.7,63.2,2.8,0.69,103.6,70.58,30.03
2018-07-01,Australia,Chennai,Coal,Capesize,184794,1537,1509,1827,523.7,63.2,2.3,0.75,111.3,70.58,23.99
2018-07-01,Australia,Chennai,Iron Ore,Capesize,192033,1537,1509,1827,523.7,63.2,2.9,0.66,102.9,70.58,26.96
2018-07-01,Australia,Chennai,Coal,Supramax,55656,1537,1509,1827,523.7,63.2,2.9,0.64,117.0,70.58,34.05
2018-07-01,Australia,Chennai,Iron Ore,Supramax,50364,1537,1509,1827,523.7,63.2,2.5,0.71,102.8,70.58,34.35
2018-07-01,Indonesia,Visakhapatnam,Coal,Panamax,79508,1537,1509,1827,523.7,63.2,2.5,0.69,119.4,70.58,12.0
2018-07-01,Indonesia,Visakhapatnam,Iron Ore,Panamax,78097,1537,1509,1827,523.7,63.2,2.7,0.68,107.2,70.58,12.0
2018-07-01,Indonesia,Visakhapatnam,Coal,Capesize,182493,1537,1509,1827,523.7,63.2,2.9,0.66,110.6,70.58,12.0
2018-07-01,Indonesia,Visakhapatnam,Iron Ore,Capesize,186105,1537,1509,1827,523.7,63.2,2.7,0.74,105.9,70.58,12.0
2018-07-01,Indonesia,Visakhapatnam,Coal,Supramax,50397,1537,1509,1827,523.7,63.2,3.7,0.62,118.9,70.58,12.0
2018-07-01,Indonesia,Visakhapatnam,Iron Ore,Supramax,54980,1537,1509,1827,523.7,63.2,2.5,0.68,109.9,70.58,12.0
2018-07-01,Indonesia,Paradip,Coal,Panamax,70493,1537,1509,1827,523.7,63.2,3.6,0.67,105.3,70.58,12.0
2018-07-01,Indonesia,Paradip,Iron Ore,Panamax,78407,1537,1509,1827,523.7,63.2,2.7,0.7,113.7,70.58,12.0
2018-07-01,Indonesia,Paradip,Coal,Capesize,192067,1537,1509,1827,523.7,63.2,2.7,0.76,95.2,70.58,12.0
2018-07-01,Indonesia,Paradip,Iron Ore,Capesize,188069,1537,1509,1827,523.7,63.2,2.3,0.8,104.2,70.58,12.0
2018-07-01,Indonesia,Paradip,Coal,Supramax,59535,1537,1509,1827,523.7,63.2,2.8,0.73,110.2,70.58,12.0
2018-07-01,Indonesia,Paradip,Iron Ore,Supramax,50947,1537,1509,1827,523.7,63.2,3.1,0.62,116.0,70.58,12.05
2018-08-01,Australia,Visakhapatnam,Coal,Panamax,72888,1523,1449,1640,506.6,64.9,2.9,0.67,111.2,70.97,27.0
2018-08-01,Australia,Visakhapatnam,Iron Ore,Panamax,71372,1523,1449,1640,506.6,64.9,2.2,0.73,108.0,70.97,28.4
2018-08-01,Australia,Visakhapatnam,Coal,Capesize,191443,1523,1449,1640,506.6,64.9,2.2,0.77,101.3,70.97,22.83
2018-08-01,Australia,Visakhapatnam,Iron Ore,Capesize,186510,1523,1449,1640,506.6,64.9,2.1,0.71,88.2,70.97,25.07
2018-08-01,Australia,Visakhapatnam,Coal,Supramax,51337,1523,1449,1640,506.6,64.9,2.1,0.71,117.0,70.97,31.56
2018-08-01,Australia,Visakhapatnam,Iron Ore,Supramax,58362,1523,1449,1640,506.6,64.9,3.0,0.73,114.7,70.97,33.65
2018-08-01,Australia,Paradip,Coal,Panamax,71546,1523,1449,1640,506.6,64.9,3.1,0.68,102.9,70.97,28.56
2018-08-01,Australia,Paradip,Iron Ore,Panamax,81508,1523,1449,1640,506.6,64.9,2.7,0.67,104.0,70.97,29.77
2018-08-01,Australia,Paradip,Coal,Capesize,173415,1523,1449,1640,506.6,64.9,2.7,0.62,112.3,70.97,25.76
2018-08-01,Australia,Paradip,Iron Ore,Capesize,158549,1523,1449,1640,506.6,64.9,1.8,0.86,98.0,70.97,23.21
2018-08-01,Australia,Paradip,Coal,Supramax,60169,1523,1449,1640,506.6,64.9,3.1,0.63,109.9,70.97,33.3
2018-08-01,Australia,Paradip,Iron Ore,Supramax,51448,1523,1449,1640,506.6,64.9,2.8,0.66,113.6,70.97,35.0
2018-08-01,Australia,Chennai,Coal,Panamax,74957,1523,1449,1640,506.6,64.9,3.0,0.7,106.2,70.97,27.04
2018-08-01,Australia,Chennai,Iron Ore,Panamax,81464,1523,1449,1640,506.6,64.9,3.1,0.69,101.4,70.97,28.81
2018-08-01,Australia,Chennai,Coal,Capesize,171285,1523,1449,1640,506.6,64.9,3.1,0.72,110.1,70.97,22.9
2018-08-01,Australia,Chennai,Iron Ore,Capesize,184883,1523,1449,1640,506.6,64.9,2.4,0.72,113.0,70.97,24.13
2018-08-01,Australia,Chennai,Coal,Supramax,53097,1523,1449,1640,506.6,64.9,3.3,0.68,103.0,70.97,31.99
2018-08-01,Australia,Chennai,Iron Ore,Supramax,54291,1523,1449,1640,506.6,64.9,3.1,0.7,110.8,70.97,33.33
2018-08-01,Indonesia,Visakhapatnam,Coal,Panamax,72368,1523,1449,1640,506.6,64.9,2.6,0.71,103.6,70.97,12.0
2018-08-01,Indonesia,Visakhapatnam,Iron Ore,Panamax,74230,1523,1449,1640,506.6,64.9,2.2,0.65,97.9,70.97,12.0
2018-08-01,Indonesia,Visakhapatnam,Coal,Capesize,179182,1523,1449,1640,506.6,64.9,2.4,0.66,118.1,70.97,12.0
2018-08-01,Indonesia,Visakhapatnam,Iron Ore,Capesize,174271,1523,1449,1640,506.6,64.9,1.8,0.71,105.5,70.97,12.0
2018-08-01,Indonesia,Visakhapatnam,Coal,Supramax,56186,1523,1449,1640,506.6,64.9,2.1,0.66,113.2,70.97,12.0
2018-08-01,Indonesia,Visakhapatnam,Iron Ore,Supramax,59697,1523,1449,1640,506.6,64.9,3.0,0.7,103.0,70.97,12.0
2018-08-01,Indonesia,Paradip,Coal,Panamax,71773,1523,1449,1640,506.6,64.9,2.4,0.7,91.5,70.97,12.0
2018-08-01,Indonesia,Paradip,Iron Ore,Panamax,76655,1523,1449,1640,506.6,64.9,3.1,0.65,89.7,70.97,12.0
2018-08-01,Indonesia,Paradip,Coal,Capesize,163840,1523,1449,1640,506.6,64.9,2.3,0.75,97.1,70.97,12.0
2018-08-01,Indonesia,Paradip,Iron Ore,Capesize,161240,1523,1449,1640,506.6,64.9,2.3,0.74,119.8,70.97,12.0
2018-08-01,Indonesia,Paradip,Coal,Supramax,58365,1523,1449,1640,506.6,64.9,2.0,0.75,104.8,70.97,12.0
2018-08-01,Indonesia,Paradip,Iron Ore,Supramax,56117,1523,1449,1640,506.6,64.9,2.4,0.71,108.8,70.97,12.0
2018-09-01,Australia,Visakhapatnam,Coal,Panamax,79839,1403,1352,1529,506.7,59.4,2.1,0.7,99.3,71.2,25.77
2018-09-01,Australia,Visakhapatnam,Iron Ore,Panamax,74276,1403,1352,1529,506.7,59.4,3.3,0.63,106.9,71.2,28.73
2018-09-01,Australia,Visakhapatnam,Coal,Capesize,165085,1403,1352,1529,506.7,59.4,2.1,0.74,110.1,71.2,21.77
2018-09-01,Australia,Visakhapatnam,Iron Ore,Capesize,171181,1403,1352,1529,506.7,59.4,3.1,0.74,92.7,71.2,23.99
2018-09-01,Australia,Visakhapatnam,Coal,Supramax,54210,1403,1352,1529,506.7,59.4,2.6,0.8,98.6,71.2,29.17
2018-09-01,Australia,Visakhapatnam,Iron Ore,Supramax,55862,1403,1352,1529,506.7,59.4,3.0,0.72,107.4,71.2,31.63
2018-09-01,Australia,Paradip,Coal,Panamax,70899,1403,1352,1529,506.7,59.4,2.4,0.7,100.3,71.2,25.7
2018-09-01,Australia,Paradip,Iron Ore,Panamax,79505,1403,1352,1529,506.7,59.4,2.4,0.7,98.9,71.2,27.78
2018-09-01,Australia,Paradip,Coal,Capesize,176153,1403,1352,1529,506.7,59.4,2.7,0.63,107.6,71.2,24.37
2018-09-01,Australia,Paradip,Iron Ore,Capesize,183072,1403,1352,1529,506.7,59.4,2.1,0.68,110.6,71.2,25.06
2018-09-01,Australia,Paradip,Coal,Supramax,51428,1403,1352,1529,506.7,59.4,2.3,0.71,109.5,71.2,30.05
2018-09-01,Australia,Paradip,Iron Ore,Supramax,54454,1403,1352,1529,506.7,59.4,2.2,0.75,97.7,71.2,31.31
2018-09-01,Australia,Chennai,Coal,Panamax,81407,1403,1352,1529,506.7,59.4,2.3,0.76,113.7,71.2,24.13
2018-09-01,Australia,Chennai,Iron Ore,Panamax,80130,1403,1352,1529,506.7,59.4,2.4,0.65,105.6,71.2,27.4
2018-09-01,Australia,Chennai,Coal,Capesize,161969,1403,1352,1529,506.7,59.4,3.5,0.67,106.5,71.2,22.89
2018-09-01,Australia,Chennai,Iron Ore,Capesize,170104,1403,1352,1529,506.7,59.4,2.8,0.71,96.4,71.2,22.89
2018-09-01,Australia,Chennai,Coal,Supramax,56106,1403,1352,1529,506.7,59.4,1.9,0.76,96.2,71.2,26.62
2018-09-01,Australia,Chennai,Iron Ore,Supramax,58865,1403,1352,1529,506.7,59.4,2.9,0.69,107.0,71.2,31.13
2018-09-01,Indonesia,Visakhapatnam,Coal,Panamax,80520,1403,1352,1529,506.7,59.4,2.6,0.7,112.4,71.2,12.0
2018-09-01,Indonesia,Visakhapatnam,Iron Ore,Panamax,73544,1403,1352,1529,506.7,59.4,2.8,0.71,100.9,71.2,12.0
2018-09-01,Indonesia,Visakhapatnam,Coal,Capesize,179934,1403,1352,1529,506.7,59.4,2.8,0.65,105.2,71.2,12.0
2018-09-01,Indonesia,Visakhapatnam,Iron Ore,Capesize,184268,1403,1352,1529,506.7,59.4,2.5,0.71,124.7,71.2,12.0
2018-09-01,Indonesia,Visakhapatnam,Coal,Supramax,53542,1403,1352,1529,506.7,59.4,2.6,0.65,96.5,71.2,12.0
2018-09-01,Indonesia,Visakhapatnam,Iron Ore,Supramax,55067,1403,1352,1529,506.7,59.4,2.8,0.69,90.6,71.2,12.0
2018-09-01,Indonesia,Paradip,Coal,Panamax,76793,1403,1352,1529,506.7,59.4,2.2,0.71,95.3,71.2,12.0
2018-09-01,Indonesia,Paradip,Iron Ore,Panamax,82422,1403,1352,1529,506.7,59.4,2.2,0.74,99.5,71.2,12.0
2018-09-01,Indonesia,Paradip,Coal,Capesize,181725,1403,1352,1529,506.7,59.4,2.7,0.68,100.1,71.2,12.0
2018-09-01,Indonesia,Paradip,Iron Ore,Capesize,179336,1403,1352,1529,506.7,59.4,2.6,0.67,92.7,71.2,12.0
2018-09-01,Indonesia,Paradip,Coal,Supramax,53545,1403,1352,1529,506.7,59.4,1.6,0.79,94.1,71.2,12.0
2018-09-01,Indonesia,Paradip,Iron Ore,Supramax,49621,1403,1352,1529,506.7,59.4,3.1,0.66,112.0,71.2,12.0
2018-10-01,Australia,Visakhapatnam,Coal,Panamax,74315,1269,1087,1449,527.8,59.1,2.7,0.72,106.0,70.57,24.3
2018-10-01,Australia,Visakhapatnam,Iron Ore,Panamax,74640,1269,1087,1449,527.8,59.1,2.2,0.72,114.3,70.57,25.45
2018-10-01,Australia,Visakhapatnam,Coal,Capesize,188722,1269,1087,1449,527.8,59.1,2.1,0.66,116.8,70.57,21.88
2018-10-01,Australia,Visakhapatnam,Iron Ore,Capesize,186930,1269,1087,1449,527.8,59.1,3.1,0.63,92.2,70.57,24.42
2018-10-01,Australia,Visakhapatnam,Coal,Supramax,56503,1269,1087,1449,527.8,59.1,3.5,0.63,110.9,70.57,30.58
2018-10-01,Australia,Visakhapatnam,Iron Ore,Supramax,57611,1269,1087,1449,527.8,59.1,2.4,0.72,95.5,70.57,30.05
2018-10-01,Australia,Paradip,Coal,Panamax,68568,1269,1087,1449,527.8,59.1,3.5,0.66,102.1,70.57,26.7
2018-10-01,Australia,Paradip,Iron Ore,Panamax,79119,1269,1087,1449,527.8,59.1,2.4,0.76,97.2,70.57,25.31
2018-10-01,Australia,Paradip,Coal,Capesize,166776,1269,1087,1449,527.8,59.1,2.3,0.74,114.5,70.57,21.66
2018-10-01,Australia,Paradip,Iron Ore,Capesize,161748,1269,1087,1449,527.8,59.1,2.9,0.74,95.0,70.57,23.05
2018-10-01,Australia,Paradip,Coal,Supramax,49961,1269,1087,1449,527.8,59.1,3.2,0.69,108.6,70.57,30.7
2018-10-01,Australia,Paradip,Iron Ore,Supramax,56721,1269,1087,1449,527.8,59.1,3.3,0.74,111.0,70.57,31.25
2018-10-01,Australia,Chennai,Coal,Panamax,74091,1269,1087,1449,527.8,59.1,2.5,0.67,96.6,70.57,23.62
2018-10-01,Australia,Chennai,Iron Ore,Panamax,70462,1269,1087,1449,527.8,59.1,2.9,0.69,101.1,70.57,25.82
2018-10-01,Australia,Chennai,Coal,Capesize,187647,1269,1087,1449,527.8,59.1,2.8,0.72,111.9,70.57,20.77
2018-10-01,Australia,Chennai,Iron Ore,Capesize,182997,1269,1087,1449,527.8,59.1,3.0,0.65,114.7,70.57,23.4
2018-10-01,Australia,Chennai,Coal,Supramax,60331,1269,1087,1449,527.8,59.1,2.9,0.73,106.4,70.57,27.1
2018-10-01,Australia,Chennai,Iron Ore,Supramax,51848,1269,1087,1449,527.8,59.1,2.6,0.7,111.5,70.57,29.72
2018-10-01,Indonesia,Visakhapatnam,Coal,Panamax,76355,1269,1087,1449,527.8,59.1,3.2,0.67,107.5,70.57,12.0
2018-10-01,Indonesia,Visakhapatnam,Iron Ore,Panamax,80599,1269,1087,1449,527.8,59.1,1.9,0.74,119.5,70.57,12.0
2018-10-01,Indonesia,Visakhapatnam,Coal,Capesize,157826,1269,1087,1449,527.8,59.1,3.2,0.7,103.9,70.57,12.0
2018-10-01,Indonesia,Visakhapatnam,Iron Ore,Capesize,164641,1269,1087,1449,527.8,59.1,3.0,0.64,115.3,70.57,12.0
2018-10-01,Indonesia,Visakhapatnam,Coal,Supramax,53409,1269,1087,1449,527.8,59.1,3.3,0.68,95.4,70.57,12.0
2018-10-01,Indonesia,Visakhapatnam,Iron Ore,Supramax,51137,1269,1087,1449,527.8,59.1,2.8,0.75,93.4,70.57,12.0
2018-10-01,Indonesia,Paradip,Coal,Panamax,80792,1269,1087,1449,527.8,59.1,3.0,0.67,118.8,70.57,12.0
2018-10-01,Indonesia,Paradip,Iron Ore,Panamax,67548,1269,1087,1449,527.8,59.1,2.0,0.79,118.4,70.57,12.0
2018-10-01,Indonesia,Paradip,Coal,Capesize,179981,1269,1087,1449,527.8,59.1,2.1,0.78,100.6,70.57,12.0
2018-10-01,Indonesia,Paradip,Iron Ore,Capesize,178622,1269,1087,1449,527.8,59.1,2.7,0.67,119.9,70.57,12.0
2018-10-01,Indonesia,Paradip,Coal,Supramax,54980,1269,1087,1449,527.8,59.1,3.1,0.7,111.2,70.57,12.0
2018-10-01,Indonesia,Paradip,Iron Ore,Supramax,55189,1269,1087,1449,527.8,59.1,3.1,0.65,112.6,70.57,12.0
2018-11-01,Australia,Visakhapatnam,Coal,Panamax,77042,1163,1196,1362,482.7,64.7,3.5,0.68,96.8,70.45,24.04
2018-11-01,Australia,Visakhapatnam,Iron Ore,Panamax,73257,1163,1196,1362,482.7,64.7,2.8,0.7,114.2,70.45,23.76
2018-11-01,Australia,Visakhapatnam,Coal,Capesize,169207,1163,1196,1362,482.7,64.7,3.7,0.71,101.1,70.45,19.68
2018-11-01,Australia,Visakhapatnam,Iron Ore,Capesize,190423,1163,1196,1362,482.7,64.7,2.7,0.73,89.8,70.45,20.35
2018-11-01,Australia,Visakhapatnam,Coal,Supramax,54540,1163,1196,1362,482.7,64.7,2.7,0.63,109.1,70.45,26.75
2018-11-01,Australia,Visakhapatnam,Iron Ore,Supramax,54961,1163,1196,1362,482.7,64.7,2.5,0.7,106.6,70.45,27.34
2018-11-01,Australia,Paradip,Coal,Panamax,76653,1163,1196,1362,482.7,64.7,3.6,0.63,100.2,70.45,24.66
2018-11-01,Australia,Paradip,Iron Ore,Panamax,68534,1163,1196,1362,482.7,64.7,3.1,0.65,107.8,70.45,25.3
2018-11-01,Australia,Paradip,Coal,Capesize,189218,1163,1196,1362,482.7,64.7,2.9,0.68,98.0,70.45,19.88
2018-11-01,Australia,Paradip,Iron Ore,Capesize,184684,1163,1196,1362,482.7,64.7,2.6,0.66,102.6,70.45,22.17
2018-11-01,Australia,Paradip,Coal,Supramax,53320,1163,1196,1362,482.7,64.7,2.9,0.66,85.6,70.45,27.52
2018-11-01,Australia,Paradip,Iron Ore,Supramax,50074,1163,1196,1362,482.7,64.7,3.0,0.68,110.6,70.45,28.71
2018-11-01,Australia,Chennai,Coal,Panamax,70471,1163,1196,1362,482.7,64.7,2.3,0.69,111.4,70.45,20.86
2018-11-01,Australia,Chennai,Iron Ore,Panamax,72742,1163,1196,1362,482.7,64.7,2.4,0.81,105.6,70.45,21.32
2018-11-01,Australia,Chennai,Coal,Capesize,175818,1163,1196,1362,482.7,64.7,2.6,0.67,106.6,70.45,19.53
2018-11-01,Australia,Chennai,Iron Ore,Capesize,160360,1163,1196,1362,482.7,64.7,2.8,0.7,108.0,70.45,20.79
2018-11-01,Australia,Chennai,Coal,Supramax,54585,1163,1196,1362,482.7,64.7,2.5,0.59,108.5,70.45,26.83
2018-11-01,Australia,Chennai,Iron Ore,Supramax,55137,1163,1196,1362,482.7,64.7,3.6,0.61,99.3,70.45,28.77
2018-11-01,Indonesia,Visakhapatnam,Coal,Panamax,69970,1163,1196,1362,482.7,64.7,2.8,0.74,99.8,70.45,12.0
2018-11-01,Indonesia,Visakhapatnam,Iron Ore,Panamax,80667,1163,1196,1362,482.7,64.7,3.4,0.63,93.4,70.45,12.0
2018-11-01,Indonesia,Visakhapatnam,Coal,Capesize,176354,1163,1196,1362,482.7,64.7,2.8,0.63,112.1,70.45,12.0
2018-11-01,Indonesia,Visakhapatnam,Iron Ore,Capesize,170814,1163,1196,1362,482.7,64.7,2.5,0.7,113.3,70.45,12.0
2018-11-01,Indonesia,Visakhapatnam,Coal,Supramax,55853,1163,1196,1362,482.7,64.7,2.9,0.63,112.4,70.45,12.0
2018-11-01,Indonesia,Visakhapatnam,Iron Ore,Supramax,55363,1163,1196,1362,482.7,64.7,3.4,0.68,111.1,70.45,12.0
2018-11-01,Indonesia,Paradip,Coal,Panamax,80357,1163,1196,1362,482.7,64.7,3.1,0.64,99.9,70.45,12.0
2018-11-01,Indonesia,Paradip,Iron Ore,Panamax,80909,1163,1196,1362,482.7,64.7,2.8,0.71,100.6,70.45,12.0
2018-11-01,Indonesia,Paradip,Coal,Capesize,160421,1163,1196,1362,482.7,64.7,2.5,0.72,121.5,70.45,12.0
2018-11-01,Indonesia,Paradip,Iron Ore,Capesize,172121,1163,1196,1362,482.7,64.7,3.0,0.69,109.2,70.45,12.0
2018-11-01,Indonesia,Paradip,Coal,Supramax,51284,1163,1196,1362,482.7,64.7,2.5,0.72,103.5,70.45,12.0
2018-11-01,Indonesia,Paradip,Iron Ore,Supramax,59292,1163,1196,1362,482.7,64.7,2.9,0.67,119.3,70.45,12.0
2018-12-01,Australia,Visakhapatnam,Coal,Panamax,74388,1247,1163,1441,514.1,65.7,2.8,0.74,115.5,71.03,22.38
2018-12-01,Australia,Visakhapatnam,Iron Ore,Panamax,70106,1247,1163,1441,514.1,65.7,3.2,0.58,101.0,71.03,26.84
2018-12-01,Australia,Visakhapatnam,Coal,Capesize,162469,1247,1163,1441,514.1,65.7,3.5,0.68,103.1,71.03,20.85
2018-12-01,Australia,Visakhapatnam,Iron Ore,Capesize,179232,1247,1163,1441,514.1,65.7,2.9,0.6,111.1,71.03,23.37
2018-12-01,Australia,Visakhapatnam,Coal,Supramax,56475,1247,1163,1441,514.1,65.7,3.6,0.63,108.2,71.03,28.22
2018-12-01,Australia,Visakhapatnam,Iron Ore,Supramax,50266,1247,1163,1441,514.1,65.7,3.3,0.63,114.6,71.03,29.18
2018-12-01,Australia,Paradip,Coal,Panamax,71689,1247,1163,1441,514.1,65.7,3.3,0.65,109.7,71.03,24.31
2018-12-01,Australia,Paradip,Iron Ore,Panamax,70689,1247,1163,1441,514.1,65.7,3.8,0.68,89.5,71.03,26.01
2018-12-01,Australia,Paradip,Coal,Capesize,185095,1247,1163,1441,514.1,65.7,3.4,0.67,107.8,71.03,21.59
2018-12-01,Australia,Paradip,Iron Ore,Capesize,177115,1247,1163,1441,514.1,65.7,2.7,0.73,107.2,71.03,21.5
2018-12-01,Australia,Paradip,Coal,Supramax,55513,1247,1163,1441,514.1,65.7,3.1,0.64,113.9,71.03,28.06
2018-12-01,Australia,Paradip,Iron Ore,Supramax,49962,1247,1163,1441,514.1,65.7,3.3,0.66,103.5,71.03,29.3
2018-12-01,Australia,Chennai,Coal,Panamax,71883,1247,1163,1441,514.1,65.7,3.3,0.67,110.7,71.03,22.9
2018-12-01,Australia,Chennai,Iron Ore,Panamax,71722,1247,1163,1441,514.1,65.7,3.3,0.68,112.1,71.03,24.11
2018-12-01,Australia,Chennai,Coal,Capesize,157934,1247,1163,1441,514.1,65.7,3.3,0.74,103.2,71.03,19.18
2018-12-01,Australia,Chennai,Iron Ore,Capesize,167997,1247,1163,1441,514.1,65.7,2.4,0.7,92.1,71.03,20.65
2018-12-01,Australia,Chennai,Coal,Supramax,58240,1247,1163,1441,514.1,65.7,3.6,0.72,104.2,71.03,26.03
2018-12-01,Australia,Chennai,Iron Ore,Supramax,58645,1247,1163,1441,514.1,65.7,3.2,0.65,99.1,71.03,28.35
2018-12-01,Indonesia,Visakhapatnam,Coal,Panamax,80684,1247,1163,1441,514.1,65.7,2.8,0.7,112.8,71.03,12.0
2018-12-01,Indonesia,Visakhapatnam,Iron Ore,Panamax,74018,1247,1163,1441,514.1,65.7,3.5,0.76,90.5,71.03,12.0
2018-12-01,Indonesia,Visakhapatnam,Coal,Capesize,178748,1247,1163,1441,514.1,65.7,3.4,0.71,103.9,71.03,12.0
2018-12-01,Indonesia,Visakhapatnam,Iron Ore,Capesize,175432,1247,1163,1441,514.1,65.7,3.7,0.71,96.9,71.03,12.0
2018-12-01,Indonesia,Visakhapatnam,Coal,Supramax,59955,1247,1163,1441,514.1,65.7,3.1,0.64,122.4,71.03,12.0
2018-12-01,Indonesia,Visakhapatnam,Iron Ore,Supramax,50280,1247,1163,1441,514.1,65.7,3.8,0.66,123.3,71.03,12.0
2018-12-01,Indonesia,Paradip,Coal,Panamax,69600,1247,1163,1441,514.1,65.7,2.9,0.63,100.1,71.03,12.0
2018-12-01,Indonesia,Paradip,Iron Ore,Panamax,71710,1247,1163,1441,514.1,65.7,3.1,0.59,108.6,71.03,12.0
2018-12-01,Indonesia,Paradip,Coal,Capesize,185590,1247,1163,1441,514.1,65.7,3.2,0.61,102.5,71.03,12.0
2018-12-01,Indonesia,Paradip,Iron Ore,Capesize,171395,1247,1163,1441,514.1,65.7,3.4,0.77,108.0,71.03,12.0
2018-12-01,Indonesia,Paradip,Coal,Supramax,55081,1247,1163,1441,514.1,65.7,3.3,0.63,102.4,71.03,12.0
2018-12-01,Indonesia,Paradip,Iron Ore,Supramax,53840,1247,1163,1441,514.1,65.7,3.2,0.71,101.8,71.03,12.0
2019-01-01,Australia,Visakhapatnam,Coal,Panamax,69217,1154,1141,1510,546.2,61.9,3.3,0.67,122.4,72.66,26.51
2019-01-01,Australia,Visakhapatnam,Iron Ore,Panamax,73784,1154,1141,1510,546.2,61.9,3.2,0.58,102.4,72.66,28.71
2019-01-01,Australia,Visakhapatnam,Coal,Capesize,190460,1154,1141,1510,546.2,61.9,3.4,0.66,107.7,72.66,23.1
2019-01-01,Australia,Visakhapatnam,Iron Ore,Capesize,157854,1154,1141,1510,546.2,61.9,4.0,0.68,118.9,72.66,24.22
2019-01-01,Australia,Visakhapatnam,Coal,Supramax,57463,1154,1141,1510,546.2,61.9,3.8,0.65,117.1,72.66,30.75
2019-01-01,Australia,Visakhapatnam,Iron Ore,Supramax,54846,1154,1141,1510,546.2,61.9,3.5,0.63,95.9,72.66,32.14
2019-01-01,Australia,Paradip,Coal,Panamax,72647,1154,1141,1510,546.2,61.9,3.3,0.67,110.8,72.66,26.14
2019-01-01,Australia,Paradip,Iron Ore,Panamax,73948,1154,1141,1510,546.2,61.9,3.8,0.69,113.3,72.66,28.57
2019-01-01,Australia,Paradip,Coal,Capesize,173124,1154,1141,1510,546.2,61.9,3.0,0.72,117.5,72.66,22.26
2019-01-01,Australia,Paradip,Iron Ore,Capesize,177876,1154,1141,1510,546.2,61.9,3.7,0.66,94.9,72.66,25.04
2019-01-01,Australia,Paradip,Coal,Supramax,53620,1154,1141,1510,546.2,61.9,4.0,0.56,117.8,72.66,32.98
2019-01-01,Australia,Paradip,Iron Ore,Supramax,49779,1154,1141,1510,546.2,61.9,3.4,0.61,101.8,72.66,32.91
2019-01-01,Australia,Chennai,Coal,Panamax,73644,1154,1141,1510,546.2,61.9,4.0,0.69,105.0,72.66,25.58
2019-01-01,Australia,Chennai,Iron Ore,Panamax,70768,1154,1141,1510,546.2,61.9,3.9,0.59,96.5,72.66,28.95
2019-01-01,Australia,Chennai,Coal,Capesize,174495,1154,1141,1510,546.2,61.9,3.5,0.67,103.0,72.66,22.76
2019-01-01,Australia,Chennai,Iron Ore,Capesize,158864,1154,1141,1510,546.2,61.9,3.5,0.64,108.7,72.66,24.47
2019-01-01,Australia,Chennai,Coal,Supramax,52681,1154,1141,1510,546.2,61.9,3.5,0.64,107.4,72.66,30.23
2019-01-01,Australia,Chennai,Iron Ore,Supramax,58593,1154,1141,1510,546.2,61.9,3.5,0.66,111.4,72.66,31.36
2019-01-01,Indonesia,Visakhapatnam,Coal,Panamax,75621,1154,1141,1510,546.2,61.9,3.5,0.67,96.9,72.66,12.0
2019-01-01,Indonesia,Visakhapatnam,Iron Ore,Panamax,80004,1154,1141,1510,546.2,61.9,3.6,0.6,122.1,72.66,12.0
2019-01-01,Indonesia,Visakhapatnam,Coal,Capesize,159517,1154,1141,1510,546.2,61.9,2.8,0.67,103.2,72.66,12.0
2019-01-01,Indonesia,Visakhapatnam,Iron Ore,Capesize,169654,1154,1141,1510,546.2,61.9,3.0,0.65,110.0,72.66,12.0
2019-01-01,Indonesia,Visakhapatnam,Coal,Supramax,54877,1154,1141,1510,546.2,61.9,3.1,0.68,126.1,72.66,12.0
2019-01-01,Indonesia,Visakhapatnam,Iron Ore,Supramax,51714,1154,1141,1510,546.2,61.9,3.6,0.69,125.2,72.66,12.0
2019-01-01,Indonesia,Paradip,Coal,Panamax,70916,1154,1141,1510,546.2,61.9,3.3,0.66,130.7,72.66,12.0
2019-01-01,Indonesia,Paradip,Iron Ore,Panamax,79413,1154,1141,1510,546.2,61.9,3.6,0.72,106.6,72.66,12.0
2019-01-01,Indonesia,Paradip,Coal,Capesize,174419,1154,1141,1510,546.2,61.9,3.7,0.63,112.5,72.66,12.0
2019-01-01,Indonesia,Paradip,Iron Ore,Capesize,164612,1154,1141,1510,546.2,61.9,3.6,0.69,97.9,72.66,12.0
2019-01-01,Indonesia,Paradip,Coal,Supramax,55850,1154,1141,1510,546.2,61.9,3.3,0.72,92.4,72.66,12.0
2019-01-01,Indonesia,Paradip,Iron Ore,Supramax,60016,1154,1141,1510,546.2,61.9,4.0,0.62,112.8,72.66,12.07
2019-02-01,Australia,Visakhapatnam,Coal,Panamax,77815,1346,1302,1537,558.7,70.6,4.0,0.64,109.4,71.12,28.65
2019-02-01,Australia,Visakhapatnam,Iron Ore,Panamax,72880,1346,1302,1537,558.7,70.6,4.1,0.67,106.2,71.12,29.75
2019-02-01,Australia,Visakhapatnam,Coal,Capesize,167811,1346,1302,1537,558.7,70.6,3.5,0.69,117.1,71.12,24.71
2019-02-01,Australia,Visakhapatnam,Iron Ore,Capesize,184412,1346,1302,1537,558.7,70.6,3.9,0.66,112.9,71.12,26.42
2019-02-01,Australia,Visakhapatnam,Coal,Supramax,50474,1346,1302,1537,558.7,70.6,4.2,0.65,112.3,71.12,33.22
2019-02-01,Australia,Visakhapatnam,Iron Ore,Supramax,50226,1346,1302,1537,558.7,70.6,3.4,0.66,96.4,71.12,33.14
2019-02-01,Australia,Paradip,Coal,Panamax,68652,1346,1302,1537,558.7,70.6,3.4,0.65,94.4,71.12,28.66
2019-02-01,Australia,Paradip,Iron Ore,Panamax,68593,1346,1302,1537,558.7,70.6,4.3,0.62,108.1,71.12,31.4
2019-02-01,Australia,Paradip,Coal,Capesize,185621,1346,1302,1537,558.7,70.6,3.1,0.64,103.3,71.12,24.86
2019-02-01,Australia,Paradip,Iron Ore,Capesize,174175,1346,1302,1537,558.7,70.6,3.7,0.67,107.3,71.12,27.0
2019-02-01,Australia,Paradip,Coal,Supramax,53435,1346,1302,1537,558.7,70.6,4.0,0.58,110.0,71.12,34.2
2019-02-01,Australia,Paradip,Iron Ore,Supramax,54442,1346,1302,1537,558.7,70.6,3.4,0.67,109.6,71.12,34.57
2019-02-01,Australia,Chennai,Coal,Panamax,71128,1346,1302,1537,558.7,70.6,4.4,0.66,111.2,71.12,27.82
2019-02-01,Australia,Chennai,Iron Ore,Panamax,75302,1346,1302,1537,558.7,70.6,4.1,0.65,111.4,71.12,29.99
2019-02-01,Australia,Chennai,Coal,Capesize,167449,1346,1302,1537,558.7,70.6,3.9,0.61,109.3,71.12,24.52
2019-02-01,Australia,Chennai,Iron Ore,Capesize,167165,1346,1302,1537,558.7,70.6,3.9,0.6,104.5,71.12,26.72
2019-02-01,Australia,Chennai,Coal,Supramax,52978,1346,1302,1537,558.7,70.6,3.6,0.66,116.1,71.12,30.83
2019-02-01,Australia,Chennai,Iron Ore,Supramax,52946,1346,1302,1537,558.7,70.6,3.6,0.62,115.3,71.12,33.3
2019-02-01,Indonesia,Visakhapatnam,Coal,Panamax,73159,1346,1302,1537,558.7,70.6,3.8,0.65,116.3,71.12,12.0
2019-02-01,Indonesia,Visakhapatnam,Iron Ore,Panamax,78057,1346,1302,1537,558.7,70.6,3.7,0.72,122.1,71.12,12.0
2019-02-01,Indonesia,Visakhapatnam,Coal,Capesize,167931,1346,1302,1537,558.7,70.6,4.1,0.67,110.2,71.12,12.0
2019-02-01,Indonesia,Visakhapatnam,Iron Ore,Capesize,170101,1346,1302,1537,558.7,70.6,3.8,0.63,106.0,71.12,12.0
2019-02-01,Indonesia,Visakhapatnam,Coal,Supramax,51797,1346,1302,1537,558.7,70.6,3.7,0.67,97.9,71.12,12.0
2019-02-01,Indonesia,Visakhapatnam,Iron Ore,Supramax,58853,1346,1302,1537,558.7,70.6,3.2,0.61,119.4,71.12,12.0
2019-02-01,Indonesia,Paradip,Coal,Panamax,70736,1346,1302,1537,558.7,70.6,4.0,0.58,117.8,71.12,12.0
2019-02-01,Indonesia,Paradip,Iron Ore,Panamax,77274,1346,1302,1537,558.7,70.6,4.1,0.69,103.6,71.12,12.0
2019-02-01,Indonesia,Paradip,Coal,Capesize,182462,1346,1302,1537,558.7,70.6,3.4,0.71,100.0,71.12,12.0
2019-02-01,Indonesia,Paradip,Iron Ore,Capesize,159533,1346,1302,1537,558.7,70.6,3.8,0.63,102.5,71.12,12.0
2019-02-01,Indonesia,Paradip,Coal,Supramax,49661,1346,1302,1537,558.7,70.6,3.7,0.6,115.4,71.12,12.0
2019-02-01,Indonesia,Paradip,Iron Ore,Supramax,53947,1346,1302,1537,558.7,70.6,3.1,0.63,107.8,71.12,12.0
2019-03-01,Australia,Visakhapatnam,Coal,Panamax,75319,1642,1452,1654,530.7,68.3,3.3,0.71,115.2,72.52,28.3
2019-03-01,Australia,Visakhapatnam,Iron Ore,Panamax,75269,1642,1452,1654,530.7,68.3,3.7,0.65,117.3,72.52,30.58
2019-03-01,Australia,Visakhapatnam,Coal,Capesize,187147,1642,1452,1654,530.7,68.3,3.3,0.61,110.8,72.52,26.06
2019-03-01,Australia,Visakhapatnam,Iron Ore,Capesize,168102,1642,1452,1654,530.7,68.3,4.1,0.65,91.3,72.52,27.27
2019-03-01,Australia,Visakhapatnam,Coal,Supramax,50136,1642,1452,1654,530.7,68.3,3.8,0.57,108.1,72.52,35.28
2019-03-01,Australia,Visakhapatnam,Iron Ore,Supramax,51979,1642,1452,1654,530.7,68.3,4.0,0.63,107.9,72.52,35.62
2019-03-01,Australia,Paradip,Coal,Panamax,76174,1642,1452,1654,530.7,68.3,3.6,0.64,119.8,72.52,29.92
2019-03-01,Australia,Paradip,Iron Ore,Panamax,77611,1642,1452,1654,530.7,68.3,3.9,0.62,99.1,72.52,32.58
2019-03-01,Australia,Paradip,Coal,Capesize,173949,1642,1452,1654,530.7,68.3,3.5,0.6,107.6,72.52,26.94
2019-03-01,Australia,Paradip,Iron Ore,Capesize,191027,1642,1452,1654,530.7,68.3,3.9,0.66,100.8,72.52,27.7
2019-03-01,Australia,Paradip,Coal,Supramax,50338,1642,1452,1654,530.7,68.3,3.2,0.68,125.7,72.52,33.09
2019-03-01,Australia,Paradip,Iron Ore,Supramax,54260,1642,1452,1654,530.7,68.3,4.1,0.6,127.0,72.52,36.18
2019-03-01,Australia,Chennai,Coal,Panamax,81909,1642,1452,1654,530.7,68.3,3.2,0.66,106.1,72.52,27.97
2019-03-01,Australia,Chennai,Iron Ore,Panamax,76403,1642,1452,1654,530.7,68.3,3.8,0.65,106.1,72.52,29.37
2019-03-01,Australia,Chennai,Coal,Capesize,184005,1642,1452,1654,530.7,68.3,3.9,0.61,112.9,72.52,25.77
2019-03-01,Australia,Chennai,Iron Ore,Capesize,179921,1642,1452,1654,530.7,68.3,3.8,0.59,101.8,72.52,27.73
2019-03-01,Australia,Chennai,Coal,Supramax,54987,1642,1452,1654,530.7,68.3,3.4,0.68,121.4,72.52,31.85
2019-03-01,Australia,Chennai,Iron Ore,Supramax,51942,1642,1452,1654,530.7,68.3,4.0,0.62,114.5,72.52,34.42
2019-03-01,Indonesia,Visakhapatnam,Coal,Panamax,73930,1642,1452,1654,530.7,68.3,4.2,0.6,105.7,72.52,12.0
2019-03-01,Indonesia,Visakhapatnam,Iron Ore,Panamax,71833,1642,1452,1654,530.7,68.3,3.8,0.62,103.1,72.52,12.0
2019-03-01,Indonesia,Visakhapatnam,Coal,Capesize,171236,1642,1452,1654,530.7,68.3,4.1,0.62,104.3,72.52,12.0
2019-03-01,Indonesia,Visakhapatnam,Iron Ore,Capesize,169999,1642,1452,1654,530.7,68.3,3.9,0.64,110.3,72.52,12.0
2019-03-01,Indonesia,Visakhapatnam,Coal,Supramax,56722,1642,1452,1654,530.7,68.3,3.5,0.69,93.7,72.52,12.0
2019-03-01,Indonesia,Visakhapatnam,Iron Ore,Supramax,49928,1642,1452,1654,530.7,68.3,3.5,0.63,97.3,72.52,12.0
2019-03-01,Indonesia,Paradip,Coal,Panamax,74049,1642,1452,1654,530.7,68.3,3.6,0.68,110.3,72.52,12.0
2019-03-01,Indonesia,Paradip,Iron Ore,Panamax,72795,1642,1452,1654,530.7,68.3,4.0,0.74,103.1,72.52,12.0
2019-03-01,Indonesia,Paradip,Coal,Capesize,174913,1642,1452,1654,530.7,68.3,3.7,0.68,108.5,72.52,12.0
2019-03-01,Indonesia,Paradip,Iron Ore,Capesize,187426,1642,1452,1654,530.7,68.3,4.0,0.58,105.1,72.52,12.0
2019-03-01,Indonesia,Paradip,Coal,Supramax,53154,1642,1452,1654,530.7,68.3,2.8,0.7,113.0,72.52,12.0
2019-03-01,Indonesia,Paradip,Iron Ore,Supramax,59134,1642,1452,1654,530.7,68.3,4.2,0.65,101.9,72.52,12.0
2019-04-01,Australia,Visakhapatnam,Coal,Panamax,70956,1393,1503,1704,534.4,69.6,3.4,0.66,100.8,72.11,30.17
2019-04-01,Australia,Visakhapatnam,Iron Ore,Panamax,72043,1393,1503,1704,534.4,69.6,4.2,0.65,107.5,72.11,33.66
2019-04-01,Australia,Visakhapatnam,Coal,Capesize,170482,1393,1503,1704,534.4,69.6,4.2,0.58,105.8,72.11,29.02
2019-04-01,Australia,Visakhapatnam,Iron Ore,Capesize,176557,1393,1503,1704,534.4,69.6,4.3,0.55,104.7,72.11,31.0
2019-04-01,Australia,Visakhapatnam,Coal,Supramax,59974,1393,1503,1704,534.4,69.6,3.4,0.68,112.8,72.11,35.35
2019-04-01,Australia,Visakhapatnam,Iron Ore,Supramax,50627,1393,1503,1704,534.4,69.6,3.1,0.71,117.3,72.11,36.49
2019-04-01,Australia,Paradip,Coal,Panamax,79912,1393,1503,1704,534.4,69.6,4.5,0.73,114.4,72.11,30.96
2019-04-01,Australia,Paradip,Iron Ore,Panamax,77918,1393,1503,1704,534.4,69.6,4.2,0.66,116.0,72.11,33.55
2019-04-01,Australia,Paradip,Coal,Capesize,164333,1393,1503,1704,534.4,69.6,4.0,0.65,116.2,72.11,27.85
2019-04-01,Australia,Paradip,Iron Ore,Capesize,177172,1393,1503,1704,534.4,69.6,3.2,0.62,118.0,72.11,29.81
2019-04-01,Australia,Paradip,Coal,Supramax,58148,1393,1503,1704,534.4,69.6,3.7,0.67,100.8,72.11,35.58
2019-04-01,Australia,Paradip,Iron Ore,Supramax,52084,1393,1503,1704,534.4,69.6,3.4,0.72,109.0,72.11,37.05
2019-04-01,Australia,Chennai,Coal,Panamax,68275,1393,1503,1704,534.4,69.6,4.1,0.65,113.5,72.11,30.41
2019-04-01,Australia,Chennai,Iron Ore,Panamax,79500,1393,1503,1704,534.4,69.6,4.4,0.61,107.6,72.11,33.04
2019-04-01,Australia,Chennai,Coal,Capesize,167651,1393,1503,1704,534.4,69.6,2.9,0.73,105.7,72.11,24.45
2019-04-01,Australia,Chennai,Iron Ore,Capesize,179370,1393,1503,1704,534.4,69.6,3.9,0.67,104.3,72.11,28.31
2019-04-01,Australia,Chennai,Coal,Supramax,55537,1393,1503,1704,534.4,69.6,4.2,0.63,106.5,72.11,35.14
2019-04-01,Australia,Chennai,Iron Ore,Supramax,53174,1393,1503,1704,534.4,69.6,3.3,0.62,119.5,72.11,35.84
2019-04-01,Indonesia,Visakhapatnam,Coal,Panamax,77781,1393,1503,1704,534.4,69.6,3.5,0.72,105.2,72.11,12.0
2019-04-01,Indonesia,Visakhapatnam,Iron Ore,Panamax,77126,1393,1503,1704,534.4,69.6,3.5,0.65,113.8,72.11,12.0
2019-04-01,Indonesia,Visakhapatnam,Coal,Capesize,183782,1393,1503,1704,534.4,69.6,4.2,0.68,106.6,72.11,12.0
2019-04-01,Indonesia,Visakhapatnam,Iron Ore,Capesize,191812,1393,1503,1704,534.4,69.6,3.6,0.63,105.4,72.11,12.0
2019-04-01,Indonesia,Visakhapatnam,Coal,Supramax,57616,1393,1503,1704,534.4,69.6,3.7,0.61,107.7,72.11,12.0
2019-04-01,Indonesia,Visakhapatnam,Iron Ore,Supramax,52407,1393,1503,1704,534.4,69.6,3.5,0.72,100.6,72.11,12.0
2019-04-01,Indonesia,Paradip,Coal,Panamax,77351,1393,1503,1704,534.4,69.6,3.7,0.59,102.1,72.11,12.0
2019-04-01,Indonesia,Paradip,Iron Ore,Panamax,68881,1393,1503,1704,534.4,69.6,3.8,0.66,108.8,72.11,12.0
2019-04-01,Indonesia,Paradip,Coal,Capesize,158028,1393,1503,1704,534.4,69.6,4.4,0.66,99.1,72.11,12.0
2019-04-01,Indonesia,Paradip,Iron Ore,Capesize,166988,1393,1503,1704,534.4,69.6,4.2,0.66,96.9,72.11,12.0
2019-04-01,Indonesia,Paradip,Coal,Supramax,51728,1393,1503,1704,534.4,69.6,4.1,0.64,113.9,72.11,12.1
2019-04-01,Indonesia,Paradip,Iron Ore,Supramax,49669,1393,1503,1704,534.4,69.6,4.4,0.64,102.6,72.11,13.51
2019-05-01,Australia,Visakhapatnam,Coal,Panamax,68889,1477,1578,1885,534.8,72.7,3.7,0.6,109.3,72.17,32.88
2019-05-01,Australia,Visakhapatnam,Iron Ore,Panamax,74016,1477,1578,1885,534.8,72.7,3.6,0.66,96.7,72.17,33.71
2019-05-01,Australia,Visakhapatnam,Coal,Capesize,182491,1477,1578,1885,534.8,72.7,4.2,0.68,99.2,72.17,28.81
2019-05-01,Australia,Visakhapatnam,Iron Ore,Capesize,166164,1477,1578,1885,534.8,72.7,3.6,0.67,103.9,72.17,29.45
2019-05-01,Australia,Visakhapatnam,Coal,Supramax,56901,1477,1578,1885,534.8,72.7,3.5,0.63,115.0,72.17,37.6
2019-05-01,Australia,Visakhapatnam,Iron Ore,Supramax,56284,1477,1578,1885,534.8,72.7,3.7,0.66,98.3,72.17,38.98
2019-05-01,Australia,Paradip,Coal,Panamax,73066,1477,1578,1885,534.8,72.7,3.8,0.68,103.4,72.17,32.42
2019-05-01,Australia,Paradip,Iron Ore,Panamax,73026,1477,1578,1885,534.8,72.7,3.6,0.68,95.8,72.17,34.24
2019-05-01,Australia,Paradip,Coal,Capesize,179558,1477,1578,1885,534.8,72.7,3.6,0.68,107.7,72.17,29.04
2019-05-01,Australia,Paradip,Iron Ore,Capesize,180226,1477,1578,1885,534.8,72.7,3.8,0.6,96.6,72.17,30.6
2019-05-01,Australia,Paradip,Coal,Supramax,52811,1477,1578,1885,534.8,72.7,3.3,0.7,106.4,72.17,36.41
2019-05-01,Australia,Paradip,Iron Ore,Supramax,50659,1477,1578,1885,534.8,72.7,3.2,0.67,115.8,72.17,38.93
2019-05-01,Australia,Chennai,Coal,Panamax,69892,1477,1578,1885,534.8,72.7,3.3,0.72,99.4,72.17,30.26
2019-05-01,Australia,Chennai,Iron Ore,Panamax,77777,1477,1578,1885,534.8,72.7,3.7,0.6,110.6,72.17,33.82
2019-05-01,Australia,Chennai,Coal,Capesize,175525,1477,1578,1885,534.8,72.7,3.4,0.64,100.8,72.17,27.21
2019-05-01,Australia,Chennai,Iron Ore,Capesize,185125,1477,1578,1885,534.8,72.7,2.6,0.72,117.9,72.17,27.14
2019-05-01,Australia,Chennai,Coal,Supramax,53398,1477,1578,1885,534.8,72.7,3.7,0.63,108.5,72.17,36.17
2019-05-01,Australia,Chennai,Iron Ore,Supramax,55034,1477,1578,1885,534.8,72.7,3.8,0.64,118.0,72.17,37.2
2019-05-01,Indonesia,Visakhapatnam,Coal,Panamax,80381,1477,1578,1885,534.8,72.7,3.6,0.64,116.9,72.17,12.0
2019-05-01,Indonesia,Visakhapatnam,Iron Ore,Panamax,77604,1477,1578,1885,534.8,72.7,3.3,0.73,100.7,72.17,12.0
2019-05-01,Indonesia,Visakhapatnam,Coal,Capesize,163284,1477,1578,1885,534.8,72.7,3.7,0.61,106.2,72.17,12.0
2019-05-01,Indonesia,Visakhapatnam,Iron Ore,Capesize,169899,1477,1578,1885,534.8,72.7,3.5,0.72,107.3,72.17,12.0
2019-05-01,Indonesia,Visakhapatnam,Coal,Supramax,52198,1477,1578,1885,534.8,72.7,3.4,0.65,128.9,72.17,12.0
2019-05-01,Indonesia,Visakhapatnam,Iron Ore,Supramax,60058,1477,1578,1885,534.8,72.7,3.4,0.64,103.6,72.17,12.0
2019-05-01,Indonesia,Paradip,Coal,Panamax,75613,1477,1578,1885,534.8,72.7,3.9,0.72,96.8,72.17,12.0
2019-05-01,Indonesia,Paradip,Iron Ore,Panamax,73679,1477,1578,1885,534.8,72.7,3.9,0.68,109.5,72.17,12.0
2019-05-01,Indonesia,Paradip,Coal,Capesize,178697,1477,1578,1885,534.8,72.7,3.6,0.69,101.4,72.17,12.0
2019-05-01,Indonesia,Paradip,Iron Ore,Capesize,164718,1477,1578,1885,534.8,72.7,3.4,0.63,113.0,72.17,12.0
2019-05-01,Indonesia,Paradip,Coal,Supramax,54111,1477,1578,1885,534.8,72.7,3.8,0.63,109.8,72.17,12.0
2019-05-01,Indonesia,Paradip,Iron Ore,Supramax,57074,1477,1578,1885,534.8,72.7,3.5,0.62,125.7,72.17,13.2
2019-06-01,Australia,Visakhapatnam,Coal,Panamax,80324,1645,1688,1891,543.8,68.0,3.6,0.62,98.9,72.79,33.24
2019-06-01,Australia,Visakhapatnam,Iron Ore,Panamax,79553,1645,1688,1891,543.8,68.0,3.2,0.71,108.0,72.79,33.33
2019-06-01,Australia,Visakhapatnam,Coal,Capesize,191382,1645,1688,1891,543.8,68.0,3.2,0.67,116.3,72.79,27.61
2019-06-01,Australia,Visakhapatnam,Iron Ore,Capesize,185633,1645,1688,1891,543.8,68.0,3.3,0.64,107.9,72.79,30.41
2019-06-01,Australia,Visakhapatnam,Coal,Supramax,53597,1645,1688,1891,543.8,68.0,2.4,0.73,104.4,72.79,35.0
2019-06-01,Australia,Visakhapatnam,Iron Ore,Supramax,56724,1645,1688,1891,543.8,68.0,3.1,0.65,123.6,72.79,39.25
2019-06-01,Australia,Paradip,Coal,Panamax,79567,1645,1688,1891,543.8,68.0,3.5,0.61,107.9,72.79,33.88
2019-06-01,Australia,Paradip,Iron Ore,Panamax,78776,1645,1688,1891,543.8,68.0,3.3,0.73,120.7,72.79,34.11
2019-06-01,Australia,Paradip,Coal,Capesize,179216,1645,1688,1891,543.8,68.0,3.2,0.73,112.8,72.79,27.76
2019-06-01,Australia,Paradip,Iron Ore,Capesize,183749,1645,1688,1891,543.8,68.0,2.9,0.71,110.7,72.79,29.77
2019-06-01,Australia,Paradip,Coal,Supramax,59280,1645,1688,1891,543.8,68.0,3.3,0.68,123.1,72.79,37.95
2019-06-01,Australia,Paradip,Iron Ore,Supramax,57380,1645,1688,1891,543.8,68.0,3.9,0.68,108.8,72.79,39.75
2019-06-01,Australia,Chennai,Coal,Panamax,70723,1645,1688,1891,543.8,68.0,2.9,0.66,100.8,72.79,30.85
2019-06-01,Australia,Chennai,Iron Ore,Panamax,68654,1645,1688,1891,543.8,68.0,3.5,0.65,98.5,72.79,33.65
2019-06-01,Australia,Chennai,Coal,Capesize,185368,1645,1688,1891,543.8,68.0,2.8,0.75,113.6,72.79,26.57
2019-06-01,Australia,Chennai,Iron Ore,Capesize,179773,1645,1688,1891,543.8,68.0,3.6,0.61,110.3,72.79,30.39
2019-06-01,Australia,Chennai,Coal,Supramax,51905,1645,1688,1891,543.8,68.0,2.7,0.66,114.3,72.79,35.18
2019-06-01,Australia,Chennai,Iron Ore,Supramax,58058,1645,1688,1891,543.8,68.0,2.6,0.72,117.9,72.79,36.95
2019-06-01,Indonesia,Visakhapatnam,Coal,Panamax,73025,1645,1688,1891,543.8,68.0,2.9,0.71,111.6,72.79,12.0
2019-06-01,Indonesia,Visakhapatnam,Iron Ore,Panamax,75860,1645,1688,1891,543.8,68.0,3.0,0.68,106.8,72.79,12.0
2019-06-01,Indonesia,Visakhapatnam,Coal,Capesize,188584,1645,1688,1891,543.8,68.0,3.2,0.66,114.9,72.79,12.0
2019-06-01,Indonesia,Visakhapatnam,Iron Ore,Capesize,177684,1645,1688,1891,543.8,68.0,3.5,0.64,105.7,72.79,12.0
2019-06-01,Indonesia,Visakhapatnam,Coal,Supramax,49746,1645,1688,1891,543.8,68.0,3.5,0.68,101.4,72.79,12.0
2019-06-01,Indonesia,Visakhapatnam,Iron Ore,Supramax,56697,1645,1688,1891,543.8,68.0,3.7,0.62,95.0,72.79,13.17
2019-06-01,Indonesia,Paradip,Coal,Panamax,75950,1645,1688,1891,543.8,68.0,3.4,0.71,112.6,72.79,12.0
2019-06-01,Indonesia,Paradip,Iron Ore,Panamax,82360,1645,1688,1891,543.8,68.0,3.6,0.66,122.6,72.79,12.0
2019-06-01,Indonesia,Paradip,Coal,Capesize,165510,1645,1688,1891,543.8,68.0,3.1,0.74,103.0,72.79,12.0
2019-06-01,Indonesia,Paradip,Iron Ore,Capesize,175968,1645,1688,1891,543.8,68.0,3.5,0.66,107.8,72.79,12.0
2019-06-01,Indonesia,Paradip,Coal,Supramax,54502,1645,1688,1891,543.8,68.0,3.5,0.69,104.8,72.79,12.0
2019-06-01,Indonesia,Paradip,Iron Ore,Supramax,51340,1645,1688,1891,543.8,68.0,3.7,0.69,114.0,72.79,12.39
2019-07-01,Australia,Visakhapatnam,Coal,Panamax,74327,1756,1542,1929,562.8,65.2,3.4,0.73,114.0,72.11,31.41
2019-07-01,Australia,Visakhapatnam,Iron Ore,Panamax,77994,1756,1542,1929,562.8,65.2,3.3,0.68,113.7,72.11,34.77
2019-07-01,Australia,Visakhapatnam,Coal,Capesize,174597,1756,1542,1929,562.8,65.2,3.1,0.69,109.8,72.11,28.57
2019-07-01,Australia,Visakhapatnam,Iron Ore,Capesize,189745,1756,1542,1929,562.8,65.2,2.5,0.69,96.3,72.11,29.69
2019-07-01,Australia,Visakhapatnam,Coal,Supramax,49849,1756,1542,1929,562.8,65.2,3.6,0.71,105.8,72.11,36.81
2019-07-01,Australia,Visakhapatnam,Iron Ore,Supramax,59212,1756,1542,1929,562.8,65.2,2.6,0.69,117.0,72.11,38.54
2019-07-01,Australia,Paradip,Coal,Panamax,71797,1756,1542,1929,562.8,65.2,2.4,0.73,114.5,72.11,31.09
2019-07-01,Australia,Paradip,Iron Ore,Panamax,68435,1756,1542,1929,562.8,65.2,3.0,0.68,119.0,72.11,34.47
2019-07-01,Australia,Paradip,Coal,Capesize,159986,1756,1542,1929,562.8,65.2,2.7,0.69,107.9,72.11,28.15
2019-07-01,Australia,Paradip,Iron Ore,Capesize,161034,1756,1542,1929,562.8,65.2,2.6,0.67,95.7,72.11,30.21
2019-07-01,Australia,Paradip,Coal,Supramax,52562,1756,1542,1929,562.8,65.2,2.8,0.68,109.0,72.11,37.37
2019-07-01,Australia,Paradip,Iron Ore,Supramax,50926,1756,1542,1929,562.8,65.2,2.7,0.74,101.4,72.11,38.13
2019-07-01,Australia,Chennai,Coal,Panamax,70657,1756,1542,1929,562.8,65.2,2.6,0.65,105.9,72.11,31.29
2019-07-01,Australia,Chennai,Iron Ore,Panamax,69823,1756,1542,1929,562.8,65.2,2.7,0.71,116.5,72.11,32.11
2019-07-01,Australia,Chennai,Coal,Capesize,185633,1756,1542,1929,562.8,65.2,2.9,0.65,114.1,72.11,27.16
2019-07-01,Australia,Chennai,Iron Ore,Capesize,179339,1756,1542,1929,562.8,65.2,3.0,0.64,100.2,72.11,29.69
2019-07-01,Australia,Chennai,Coal,Supramax,52871,1756,1542,1929,562.8,65.2,2.9,0.61,108.9,72.11,36.2
2019-07-01,Australia,Chennai,Iron Ore,Supramax,56839,1756,1542,1929,562.8,65.2,2.4,0.62,113.8,72.11,38.7
2019-07-01,Indonesia,Visakhapatnam,Coal,Panamax,80101,1756,1542,1929,562.8,65.2,3.1,0.69,112.7,72.11,12.0
2019-07-01,Indonesia,Visakhapatnam,Iron Ore,Panamax,74888,1756,1542,1929,562.8,65.2,2.4,0.69,123.1,72.11,12.0
2019-07-01,Indonesia,Visakhapatnam,Coal,Capesize,171738,1756,1542,1929,562.8,65.2,3.4,0.66,117.1,72.11,12.0
2019-07-01,Indonesia,Visakhapatnam,Iron Ore,Capesize,164374,1756,1542,1929,562.8,65.2,2.7,0.62,105.6,72.11,12.0
2019-07-01,Indonesia,Visakhapatnam,Coal,Supramax,52028,1756,1542,1929,562.8,65.2,3.7,0.71,127.3,72.11,12.0
2019-07-01,Indonesia,Visakhapatnam,Iron Ore,Supramax,55779,1756,1542,1929,562.8,65.2,2.1,0.76,102.4,72.11,12.0
2019-07-01,Indonesia,Paradip,Coal,Panamax,79885,1756,1542,1929,562.8,65.2,2.7,0.66,104.6,72.11,12.0
2019-07-01,Indonesia,Paradip,Iron Ore,Panamax,69645,1756,1542,1929,562.8,65.2,3.1,0.67,110.0,72.11,12.0
2019-07-01,Indonesia,Paradip,Coal,Capesize,176987,1756,1542,1929,562.8,65.2,3.4,0.64,103.8,72.11,12.0
2019-07-01,Indonesia,Paradip,Iron Ore,Capesize,165217,1756,1542,1929,562.8,65.2,3.1,0.69,113.7,72.11,12.0
2019-07-01,Indonesia,Paradip,Coal,Supramax,49507,1756,1542,1929,562.8,65.2,3.1,0.66,102.8,72.11,12.0
2019-07-01,Indonesia,Paradip,Iron Ore,Supramax,51172,1756,1542,1929,562.8,65.2,3.0,0.7,120.3,72.11,12.44
2019-08-01,Australia,Visakhapatnam,Coal,Panamax,78908,1368,1440,1752,517.8,64.5,2.8,0.68,91.6,72.03,28.43
2019-08-01,Australia,Visakhapatnam,Iron Ore,Panamax,82493,1368,1440,1752,517.8,64.5,2.7,0.65,125.0,72.03,30.84
2019-08-01,Australia,Visakhapatnam,Coal,Capesize,158566,1368,1440,1752,517.8,64.5,2.5,0.76,106.4,72.03,24.49
2019-08-01,Australia,Visakhapatnam,Iron Ore,Capesize,189371,1368,1440,1752,517.8,64.5,2.4,0.67,128.8,72.03,27.17
2019-08-01,Australia,Visakhapatnam,Coal,Supramax,58730,1368,1440,1752,517.8,64.5,2.9,0.84,92.8,72.03,32.28
2019-08-01,Australia,Visakhapatnam,Iron Ore,Supramax,52591,1368,1440,1752,517.8,64.5,2.1,0.71,111.5,72.03,34.43
2019-08-01,Australia,Paradip,Coal,Panamax,78761,1368,1440,1752,517.8,64.5,2.5,0.66,105.9,72.03,30.29
2019-08-01,Australia,Paradip,Iron Ore,Panamax,75986,1368,1440,1752,517.8,64.5,2.8,0.67,115.5,72.03,31.27
2019-08-01,Australia,Paradip,Coal,Capesize,184633,1368,1440,1752,517.8,64.5,2.6,0.73,110.3,72.03,25.78
2019-08-01,Australia,Paradip,Iron Ore,Capesize,166792,1368,1440,1752,517.8,64.5,2.4,0.66,113.5,72.03,27.75
2019-08-01,Australia,Paradip,Coal,Supramax,59918,1368,1440,1752,517.8,64.5,3.3,0.7,116.5,72.03,34.26
2019-08-01,Australia,Paradip,Iron Ore,Supramax,60096,1368,1440,1752,517.8,64.5,2.8,0.71,101.8,72.03,35.57
2019-08-01,Australia,Chennai,Coal,Panamax,74141,1368,1440,1752,517.8,64.5,3.0,0.74,104.7,72.03,27.57
2019-08-01,Australia,Chennai,Iron Ore,Panamax,81429,1368,1440,1752,517.8,64.5,2.4,0.66,105.8,72.03,29.54
2019-08-01,Australia,Chennai,Coal,Capesize,166133,1368,1440,1752,517.8,64.5,2.8,0.64,110.2,72.03,24.24
2019-08-01,Australia,Chennai,Iron Ore,Capesize,177726,1368,1440,1752,517.8,64.5,3.5,0.64,116.1,72.03,27.88
2019-08-01,Australia,Chennai,Coal,Supramax,59351,1368,1440,1752,517.8,64.5,2.3,0.78,117.0,72.03,30.74
2019-08-01,Australia,Chennai,Iron Ore,Supramax,51596,1368,1440,1752,517.8,64.5,2.6,0.72,100.7,72.03,34.29
2019-08-01,Indonesia,Visakhapatnam,Coal,Panamax,69298,1368,1440,1752,517.8,64.5,2.5,0.66,119.3,72.03,12.0
2019-08-01,Indonesia,Visakhapatnam,Iron Ore,Panamax,71999,1368,1440,1752,517.8,64.5,2.8,0.76,109.0,72.03,12.0
2019-08-01,Indonesia,Visakhapatnam,Coal,Capesize,169538,1368,1440,1752,517.8,64.5,2.1,0.8,116.8,72.03,12.0
2019-08-01,Indonesia,Visakhapatnam,Iron Ore,Capesize,188943,1368,1440,1752,517.8,64.5,3.0,0.73,124.8,72.03,12.0
2019-08-01,Indonesia,Visakhapatnam,Coal,Supramax,55845,1368,1440,1752,517.8,64.5,2.0,0.69,108.5,72.03,12.0
2019-08-01,Indonesia,Visakhapatnam,Iron Ore,Supramax,57627,1368,1440,1752,517.8,64.5,2.3,0.71,110.7,72.03,12.0
2019-08-01,Indonesia,Paradip,Coal,Panamax,70087,1368,1440,1752,517.8,64.5,2.7,0.69,101.9,72.03,12.0
2019-08-01,Indonesia,Paradip,Iron Ore,Panamax,72712,1368,1440,1752,517.8,64.5,2.0,0.75,109.0,72.03,12.0
2019-08-01,Indonesia,Paradip,Coal,Capesize,166350,1368,1440,1752,517.8,64.5,2.5,0.78,114.0,72.03,12.0
2019-08-01,Indonesia,Paradip,Iron Ore,Capesize,174207,1368,1440,1752,517.8,64.5,1.9,0.78,112.9,72.03,12.0
2019-08-01,Indonesia,Paradip,Coal,Supramax,51799,1368,1440,1752,517.8,64.5,2.2,0.66,104.8,72.03,12.0
2019-08-01,Indonesia,Paradip,Iron Ore,Supramax,51933,1368,1440,1752,517.8,64.5,2.7,0.66,119.4,72.03,12.0
2019-09-01,Australia,Visakhapatnam,Coal,Panamax,74633,1545,1364,1614,559.1,60.7,2.7,0.71,105.4,72.14,28.43
2019-09-01,Australia,Visakhapatnam,Iron Ore,Panamax,75932,1545,1364,1614,559.1,60.7,2.1,0.71,110.8,72.14,29.61
2019-09-01,Australia,Visakhapatnam,Coal,Capesize,178947,1545,1364,1614,559.1,60.7,2.5,0.71,101.8,72.14,24.79
2019-09-01,Australia,Visakhapatnam,Iron Ore,Capesize,176773,1545,1364,1614,559.1,60.7,2.7,0.71,107.8,72.14,26.27
2019-09-01,Australia,Visakhapatnam,Coal,Supramax,53608,1545,1364,1614,559.1,60.7,3.1,0.66,112.9,72.14,34.15
2019-09-01,Australia,Visakhapatnam,Iron Ore,Supramax,56934,1545,1364,1614,559.1,60.7,2.4,0.7,100.9,72.14,33.74
2019-09-01,Australia,Paradip,Coal,Panamax,69852,1545,1364,1614,559.1,60.7,2.4,0.72,99.9,72.14,28.31
2019-09-01,Australia,Paradip,Iron Ore,Panamax,70970,1545,1364,1614,559.1,60.7,2.1,0.71,110.7,72.14,30.47
2019-09-01,Australia,Paradip,Coal,Capesize,179543,1545,1364,1614,559.1,60.7,3.3,0.67,111.3,72.14,26.79
2019-09-01,Australia,Paradip,Iron Ore,Capesize,172496,1545,1364,1614,559.1,60.7,3.2,0.65,125.4,72.14,28.35
2019-09-01,Australia,Paradip,Coal,Supramax,55443,1545,1364,1614,559.1,60.7,2.9,0.71,111.4,72.14,33.22
2019-09-01,Australia,Paradip,Iron Ore,Supramax,52262,1545,1364,1614,559.1,60.7,2.5,0.75,115.4,72.14,34.3
2019-09-01,Australia,Chennai,Coal,Panamax,76095,1545,1364,1614,559.1,60.7,2.6,0.75,93.9,72.14,26.93
2019-09-01,Australia,Chennai,Iron Ore,Panamax,72687,1545,1364,1614,559.1,60.7,2.5,0.7,121.6,72.14,28.84
2019-09-01,Australia,Chennai,Coal,Capesize,184915,1545,1364,1614,559.1,60.7,3.0,0.7,108.5,72.14,24.88
2019-09-01,Australia,Chennai,Iron Ore,Capesize,161713,1545,1364,1614,559.1,60.7,2.6,0.69,119.8,72.14,26.32
2019-09-01,Australia,Chennai,Coal,Supramax,54089,1545,1364,1614,559.1,60.7,2.1,0.75,113.1,72.14,29.78
2019-09-01,Australia,Chennai,Iron Ore,Supramax,59377,1545,1364,1614,559.1,60.7,2.5,0.69,121.5,72.14,33.39
2019-09-01,Indonesia,Visakhapatnam,Coal,Panamax,69945,1545,1364,1614,559.1,60.7,2.5,0.67,117.9,72.14,12.0
2019-09-01,Indonesia,Visakhapatnam,Iron Ore,Panamax,68090,1545,1364,1614,559.1,60.7,2.5,0.68,104.7,72.14,12.0
2019-09-01,Indonesia,Visakhapatnam,Coal,Capesize,157895,1545,1364,1614,559.1,60.7,1.8,0.79,110.1,72.14,12.0
2019-09-01,Indonesia,Visakhapatnam,Iron Ore,Capesize,171418,1545,1364,1614,559.1,60.7,2.3,0.76,110.3,72.14,12.0
2019-09-01,Indonesia,Visakhapatnam,Coal,Supramax,52486,1545,1364,1614,559.1,60.7,2.6,0.72,117.1,72.14,12.0
2019-09-01,Indonesia,Visakhapatnam,Iron Ore,Supramax,54187,1545,1364,1614,559.1,60.7,2.5,0.74,104.5,72.14,12.0
2019-09-01,Indonesia,Paradip,Coal,Panamax,79759,1545,1364,1614,559.1,60.7,2.8,0.71,103.8,72.14,12.0
2019-09-01,Indonesia,Paradip,Iron Ore,Panamax,68269,1545,1364,1614,559.1,60.7,1.8,0.72,114.9,72.14,12.0
2019-09-01,Indonesia,Paradip,Coal,Capesize,176047,1545,1364,1614,559.1,60.7,1.4,0.75,101.2,72.14,12.0
2019-09-01,Indonesia,Paradip,Iron Ore,Capesize,162886,1545,1364,1614,559.1,60.7,2.7,0.65,114.4,72.14,12.0
2019-09-01,Indonesia,Paradip,Coal,Supramax,56976,1545,1364,1614,559.1,60.7,2.4,0.68,100.3,72.14,12.0
2019-09-01,Indonesia,Paradip,Iron Ore,Supramax,52358,1545,1364,1614,559.1,60.7,3.2,0.64,113.7,72.14,12.0
2019-10-01,Australia,Visakhapatnam,Coal,Panamax,78569,1281,1260,1409,526.0,72.1,3.1,0.7,100.7,72.51,26.02
2019-10-01,Australia,Visakhapatnam,Iron Ore,Panamax,82388,1281,1260,1409,526.0,72.1,3.2,0.62,106.5,72.51,28.86
2019-10-01,Australia,Visakhapatnam,Coal,Capesize,173868,1281,1260,1409,526.0,72.1,3.0,0.75,106.2,72.51,22.48
2019-10-01,Australia,Visakhapatnam,Iron Ore,Capesize,177248,1281,1260,1409,526.0,72.1,2.2,0.79,94.8,72.51,22.04
2019-10-01,Australia,Visakhapatnam,Coal,Supramax,58556,1281,1260,1409,526.0,72.1,2.5,0.72,111.0,72.51,29.49
2019-10-01,Australia,Visakhapatnam,Iron Ore,Supramax,52283,1281,1260,1409,526.0,72.1,3.3,0.68,114.8,72.51,32.09
2019-10-01,Australia,Paradip,Coal,Panamax,76413,1281,1260,1409,526.0,72.1,3.0,0.7,119.0,72.51,26.02
2019-10-01,Australia,Paradip,Iron Ore,Panamax,71638,1281,1260,1409,526.0,72.1,3.3,0.7,95.7,72.51,29.08
2019-10-01,Australia,Paradip,Coal,Capesize,179386,1281,1260,1409,526.0,72.1,2.4,0.74,101.1,72.51,22.5
2019-10-01,Australia,Paradip,Iron Ore,Capesize,159074,1281,1260,1409,526.0,72.1,2.4,0.74,118.1,72.51,23.75
2019-10-01,Australia,Paradip,Coal,Supramax,53151,1281,1260,1409,526.0,72.1,2.3,0.76,115.7,72.51,29.06
2019-10-01,Australia,Paradip,Iron Ore,Supramax,49806,1281,1260,1409,526.0,72.1,2.6,0.7,108.0,72.51,31.9
2019-10-01,Australia,Chennai,Coal,Panamax,71938,1281,1260,1409,526.0,72.1,2.3,0.79,99.3,72.51,23.44
2019-10-01,Australia,Chennai,Iron Ore,Panamax,75004,1281,1260,1409,526.0,72.1,2.8,0.69,122.5,72.51,27.51
2019-10-01,Australia,Chennai,Coal,Capesize,162514,1281,1260,1409,526.0,72.1,2.0,0.77,108.1,72.51,20.63
2019-10-01,Australia,Chennai,Iron Ore,Capesize,189009,1281,1260,1409,526.0,72.1,2.3,0.76,124.7,72.51,22.17
2019-10-01,Australia,Chennai,Coal,Supramax,52754,1281,1260,1409,526.0,72.1,2.9,0.73,112.4,72.51,28.61
2019-10-01,Australia,Chennai,Iron Ore,Supramax,49678,1281,1260,1409,526.0,72.1,2.9,0.64,119.2,72.51,32.27
2019-10-01,Indonesia,Visakhapatnam,Coal,Panamax,72640,1281,1260,1409,526.0,72.1,2.3,0.76,114.8,72.51,12.0
2019-10-01,Indonesia,Visakhapatnam,Iron Ore,Panamax,79197,1281,1260,1409,526.0,72.1,2.4,0.72,121.8,72.51,12.0
2019-10-01,Indonesia,Visakhapatnam,Coal,Capesize,191017,1281,1260,1409,526.0,72.1,2.3,0.77,118.9,72.51,12.0
2019-10-01,Indonesia,Visakhapatnam,Iron Ore,Capesize,170799,1281,1260,1409,526.0,72.1,2.9,0.8,110.3,72.51,12.0
2019-10-01,Indonesia,Visakhapatnam,Coal,Supramax,52964,1281,1260,1409,526.0,72.1,2.1,0.79,106.9,72.51,12.0
2019-10-01,Indonesia,Visakhapatnam,Iron Ore,Supramax,60451,1281,1260,1409,526.0,72.1,2.7,0.71,118.1,72.51,12.0
2019-10-01,Indonesia,Paradip,Coal,Panamax,73540,1281,1260,1409,526.0,72.1,3.2,0.68,99.8,72.51,12.0
2019-10-01,Indonesia,Paradip,Iron Ore,Panamax,76985,1281,1260,1409,526.0,72.1,3.2,0.72,103.2,72.51,12.0
2019-10-01,Indonesia,Paradip,Coal,Capesize,183871,1281,1260,1409,526.0,72.1,2.8,0.65,118.3,72.51,12.0
2019-10-01,Indonesia,Paradip,Iron Ore,Capesize,164032,1281,1260,1409,526.0,72.1,2.7,0.74,115.5,72.51,12.0
2019-10-01,Indonesia,Paradip,Coal,Supramax,50881,1281,1260,1409,526.0,72.1,3.5,0.61,106.6,72.51,12.0
2019-10-01,Indonesia,Paradip,Iron Ore,Supramax,50127,1281,1260,1409,526.0,72.1,3.7,0.62,102.7,72.51,12.0
2019-11-01,Australia,Visakhapatnam,Coal,Panamax,72116,1314,1188,1329,541.2,72.6,2.9,0.66,100.8,72.49,26.13
2019-11-01,Australia,Visakhapatnam,Iron Ore,Panamax,78453,1314,1188,1329,541.2,72.6,3.2,0.68,112.3,72.49,27.79
2019-11-01,Australia,Visakhapatnam,Coal,Capesize,182060,1314,1188,1329,541.2,72.6,3.5,0.6,98.6,72.49,24.06
2019-11-01,Australia,Visakhapatnam,Iron Ore,Capesize,184328,1314,1188,1329,541.2,72.6,2.1,0.76,106.5,72.49,21.96
2019-11-01,Australia,Visakhapatnam,Coal,Supramax,57818,1314,1188,1329,541.2,72.6,2.5,0.75,101.8,72.49,28.62
2019-11-01,Australia,Visakhapatnam,Iron Ore,Supramax,60162,1314,1188,1329,541.2,72.6,2.0,0.68,111.2,72.49,29.87
2019-11-01,Australia,Paradip,Coal,Panamax,69928,1314,1188,1329,541.2,72.6,2.7,0.69,110.1,72.49,24.75
2019-11-01,Australia,Paradip,Iron Ore,Panamax,80749,1314,1188,1329,541.2,72.6,2.1,0.7,102.1,72.49,26.39
2019-11-01,Australia,Paradip,Coal,Capesize,180188,1314,1188,1329,541.2,72.6,2.2,0.67,103.8,72.49,23.17
2019-11-01,Australia,Paradip,Iron Ore,Capesize,177860,1314,1188,1329,541.2,72.6,3.0,0.7,129.1,72.49,23.78
2019-11-01,Australia,Paradip,Coal,Supramax,51289,1314,1188,1329,541.2,72.6,2.2,0.68,107.3,72.49,28.77
2019-11-01,Australia,Paradip,Iron Ore,Supramax,56047,1314,1188,1329,541.2,72.6,2.6,0.73,110.1,72.49,30.29
2019-11-01,Australia,Chennai,Coal,Panamax,75604,1314,1188,1329,541.2,72.6,3.0,0.72,118.3,72.49,24.01
2019-11-01,Australia,Chennai,Iron Ore,Panamax,71944,1314,1188,1329,541.2,72.6,2.9,0.65,107.9,72.49,26.91
2019-11-01,Australia,Chennai,Coal,Capesize,160321,1314,1188,1329,541.2,72.6,2.9,0.68,125.3,72.49,21.23
2019-11-01,Australia,Chennai,Iron Ore,Capesize,179553,1314,1188,1329,541.2,72.6,3.4,0.67,109.1,72.49,23.3
2019-11-01,Australia,Chennai,Coal,Supramax,50867,1314,1188,1329,541.2,72.6,3.1,0.7,111.1,72.49,28.22
2019-11-01,Australia,Chennai,Iron Ore,Supramax,55179,1314,1188,1329,541.2,72.6,3.1,0.64,108.7,72.49,30.58
2019-11-01,Indonesia,Visakhapatnam,Coal,Panamax,79645,1314,1188,1329,541.2,72.6,3.2,0.68,107.7,72.49,12.0
2019-11-01,Indonesia,Visakhapatnam,Iron Ore,Panamax,77159,1314,1188,1329,541.2,72.6,2.7,0.73,108.1,72.49,12.0
2019-11-01,Indonesia,Visakhapatnam,Coal,Capesize,170912,1314,1188,1329,541.2,72.6,2.7,0.69,116.2,72.49,12.0
2019-11-01,Indonesia,Visakhapatnam,Iron Ore,Capesize,169858,1314,1188,1329,541.2,72.6,2.8,0.63,112.1,72.49,12.0
2019-11-01,Indonesia,Visakhapatnam,Coal,Supramax,58128,1314,1188,1329,541.2,72.6,3.0,0.74,113.1,72.49,12.0
2019-11-01,Indonesia,Visakhapatnam,Iron Ore,Supramax,56155,1314,1188,1329,541.2,72.6,2.3,0.78,109.9,72.49,12.0
2019-11-01,Indonesia,Paradip,Coal,Panamax,68393,1314,1188,1329,541.2,72.6,3.1,0.62,99.2,72.49,12.0
2019-11-01,Indonesia,Paradip,Iron Ore,Panamax,77497,1314,1188,1329,541.2,72.6,3.5,0.68,97.1,72.49,12.0
2019-11-01,Indonesia,Paradip,Coal,Capesize,164580,1314,1188,1329,541.2,72.6,2.9,0.65,106.4,72.49,12.0
2019-11-01,Indonesia,Paradip,Iron Ore,Capesize,174415,1314,1188,1329,541.2,72.6,2.7,0.69,111.8,72.49,12.0
2019-11-01,Indonesia,Paradip,Coal,Supramax,50182,1314,1188,1329,541.2,72.6,3.3,0.65,109.7,72.49,12.0
2019-11-01,Indonesia,Paradip,Iron Ore,Supramax,55636,1314,1188,1329,541.2,72.6,3.0,0.65,117.6,72.49,12.0
2019-12-01,Australia,Visakhapatnam,Coal,Panamax,71187,1289,1136,1416,538.6,66.4,3.2,0.67,109.9,72.21,24.95
2019-12-01,Australia,Visakhapatnam,Iron Ore,Panamax,75820,1289,1136,1416,538.6,66.4,3.3,0.67,106.8,72.21,26.54
2019-12-01,Australia,Visakhapatnam,Coal,Capesize,172040,1289,1136,1416,538.6,66.4,3.7,0.7,107.1,72.21,21.37
2019-12-01,Australia,Visakhapatnam,Iron Ore,Capesize,171260,1289,1136,1416,538.6,66.4,3.2,0.69,102.2,72.21,23.88
2019-12-01,Australia,Visakhapatnam,Coal,Supramax,56953,1289,1136,1416,538.6,66.4,3.1,0.67,113.5,72.21,28.78
2019-12-01,Australia,Visakhapatnam,Iron Ore,Supramax,58106,1289,1136,1416,538.6,66.4,2.6,0.81,102.3,72.21,27.79
2019-12-01,Australia,Paradip,Coal,Panamax,73645,1289,1136,1416,538.6,66.4,3.2,0.67,105.5,72.21,25.22
2019-12-01,Australia,Paradip,Iron Ore,Panamax,76175,1289,1136,1416,538.6,66.4,3.0,0.72,105.1,72.21,27.05
2019-12-01,Australia,Paradip,Coal,Capesize,172053,1289,1136,1416,538.6,66.4,3.4,0.68,103.1,72.21,22.95
2019-12-01,Australia,Paradip,Iron Ore,Capesize,162232,1289,1136,1416,538.6,66.4,2.3,0.76,110.8,72.21,22.06
2019-12-01,Australia,Paradip,Coal,Supramax,56861,1289,1136,1416,538.6,66.4,2.8,0.76,104.8,72.21,27.47
2019-12-01,Australia,Paradip,Iron Ore,Supramax,55831,1289,1136,1416,538.6,66.4,2.1,0.7,118.6,72.21,29.22
2019-12-01,Australia,Chennai,Coal,Panamax,70651,1289,1136,1416,538.6,66.4,3.2,0.62,126.3,72.21,25.92
2019-12-01,Australia,Chennai,Iron Ore,Panamax,77924,1289,1136,1416,538.6,66.4,3.7,0.62,96.5,72.21,27.32
2019-12-01,Australia,Chennai,Coal,Capesize,174586,1289,1136,1416,538.6,66.4,3.8,0.65,115.0,72.21,23.09
2019-12-01,Australia,Chennai,Iron Ore,Capesize,175479,1289,1136,1416,538.6,66.4,3.0,0.66,124.0,72.21,22.36
2019-12-01,Australia,Chennai,Coal,Supramax,51418,1289,1136,1416,538.6,66.4,2.5,0.7,114.6,72.21,27.21
2019-12-01,Australia,Chennai,Iron Ore,Supramax,53981,1289,1136,1416,538.6,66.4,2.8,0.69,116.3,72.21,30.05
2019-12-01,Indonesia,Visakhapatnam,Coal,Panamax,80859,1289,1136,1416,538.6,66.4,3.6,0.65,111.3,72.21,12.0
2019-12-01,Indonesia,Visakhapatnam,Iron Ore,Panamax,81195,1289,1136,1416,538.6,66.4,3.7,0.66,122.0,72.21,12.0
2019-12-01,Indonesia,Visakhapatnam,Coal,Capesize,166139,1289,1136,1416,538.6,66.4,2.7,0.71,102.8,72.21,12.0
2019-12-01,Indonesia,Visakhapatnam,Iron Ore,Capesize,179039,1289,1136,1416,538.6,66.4,3.4,0.59,97.1,72.21,12.0
2019-12-01,Indonesia,Visakhapatnam,Coal,Supramax,53903,1289,1136,1416,538.6,66.4,3.2,0.62,103.9,72.21,12.0
2019-12-01,Indonesia,Visakhapatnam,Iron Ore,Supramax,55710,1289,1136,1416,538.6,66.4,3.7,0.69,108.6,72.21,12.0
2019-12-01,Indonesia,Paradip,Coal,Panamax,80696,1289,1136,1416,538.6,66.4,3.7,0.69,101.7,72.21,12.0
2019-12-01,Indonesia,Paradip,Iron Ore,Panamax,80386,1289,1136,1416,538.6,66.4,3.1,0.69,105.7,72.21,12.0
2019-12-01,Indonesia,Paradip,Coal,Capesize,184100,1289,1136,1416,538.6,66.4,4.0,0.63,115.8,72.21,12.0
2019-12-01,Indonesia,Paradip,Iron Ore,Capesize,168118,1289,1136,1416,538.6,66.4,2.9,0.62,114.0,72.21,12.0
2019-12-01,Indonesia,Paradip,Coal,Supramax,56888,1289,1136,1416,538.6,66.4,3.5,0.68,101.6,72.21,12.0
2019-12-01,Indonesia,Paradip,Iron Ore,Supramax,52934,1289,1136,1416,538.6,66.4,3.4,0.72,109.7,72.21,12.0
2020-01-01,Australia,Visakhapatnam,Coal,Panamax,78769,1494,1228,1450,567.3,65.2,3.7,0.62,112.1,73.85,29.02
2020-01-01,Australia,Visakhapatnam,Iron Ore,Panamax,69135,1494,1228,1450,567.3,65.2,2.9,0.64,113.8,73.85,29.03
2020-01-01,Australia,Visakhapatnam,Coal,Capesize,168086,1494,1228,1450,567.3,65.2,3.2,0.63,116.1,73.85,25.12
2020-01-01,Australia,Visakhapatnam,Iron Ore,Capesize,181388,1494,1228,1450,567.3,65.2,3.3,0.68,116.7,73.85,25.85
2020-01-01,Australia,Visakhapatnam,Coal,Supramax,50819,1494,1228,1450,567.3,65.2,3.5,0.57,115.3,73.85,34.04
2020-01-01,Australia,Visakhapatnam,Iron Ore,Supramax,56785,1494,1228,1450,567.3,65.2,3.9,0.61,113.0,73.85,34.86
2020-01-01,Australia,Paradip,Coal,Panamax,80377,1494,1228,1450,567.3,65.2,3.8,0.66,112.9,73.85,28.8
2020-01-01,Australia,Paradip,Iron Ore,Panamax,71284,1494,1228,1450,567.3,65.2,3.7,0.62,120.8,73.85,31.18
2020-01-01,Australia,Paradip,Coal,Capesize,174141,1494,1228,1450,567.3,65.2,3.5,0.66,114.6,73.85,25.17
2020-01-01,Australia,Paradip,Iron Ore,Capesize,176711,1494,1228,1450,567.3,65.2,3.4,0.7,116.7,73.85,25.85
2020-01-01,Australia,Paradip,Coal,Supramax,54569,1494,1228,1450,567.3,65.2,3.7,0.61,133.9,73.85,33.35
2020-01-01,Australia,Paradip,Iron Ore,Supramax,58727,1494,1228,1450,567.3,65.2,3.7,0.66,109.3,73.85,34.49
2020-01-01,Australia,Chennai,Coal,Panamax,78380,1494,1228,1450,567.3,65.2,4.0,0.67,121.0,73.85,27.32
2020-01-01,Australia,Chennai,Iron Ore,Panamax,76970,1494,1228,1450,567.3,65.2,3.4,0.62,114.6,73.85,29.22
2020-01-01,Australia,Chennai,Coal,Capesize,184642,1494,1228,1450,567.3,65.2,3.1,0.64,112.9,73.85,24.2
2020-01-01,Australia,Chennai,Iron Ore,Capesize,191652,1494,1228,1450,567.3,65.2,3.1,0.66,114.2,73.85,25.02
2020-01-01,Australia,Chennai,Coal,Supramax,54347,1494,1228,1450,567.3,65.2,2.9,0.63,116.2,73.85,30.0
2020-01-01,Australia,Chennai,Iron Ore,Supramax,60310,1494,1228,1450,567.3,65.2,3.5,0.7,104.9,73.85,32.13
2020-01-01,Indonesia,Visakhapatnam,Coal,Panamax,73727,1494,1228,1450,567.3,65.2,3.4,0.66,122.0,73.85,12.0
2020-01-01,Indonesia,Visakhapatnam,Iron Ore,Panamax,77231,1494,1228,1450,567.3,65.2,4.1,0.61,118.1,73.85,12.0
2020-01-01,Indonesia,Visakhapatnam,Coal,Capesize,175450,1494,1228,1450,567.3,65.2,3.0,0.59,120.9,73.85,12.0
2020-01-01,Indonesia,Visakhapatnam,Iron Ore,Capesize,189724,1494,1228,1450,567.3,65.2,3.9,0.57,114.0,73.85,12.0
2020-01-01,Indonesia,Visakhapatnam,Coal,Supramax,51915,1494,1228,1450,567.3,65.2,3.3,0.66,111.0,73.85,12.0
2020-01-01,Indonesia,Visakhapatnam,Iron Ore,Supramax,59716,1494,1228,1450,567.3,65.2,3.7,0.67,115.2,73.85,12.0
2020-01-01,Indonesia,Paradip,Coal,Panamax,73122,1494,1228,1450,567.3,65.2,3.1,0.67,96.6,73.85,12.0
2020-01-01,Indonesia,Paradip,Iron Ore,Panamax,79536,1494,1228,1450,567.3,65.2,4.1,0.66,113.1,73.85,12.0
2020-01-01,Indonesia,Paradip,Coal,Capesize,187650,1494,1228,1450,567.3,65.2,3.2,0.59,114.8,73.85,12.0
2020-01-01,Indonesia,Paradip,Iron Ore,Capesize,192041,1494,1228,1450,567.3,65.2,3.4,0.72,113.9,73.85,12.0
2020-01-01,Indonesia,Paradip,Coal,Supramax,58932,1494,1228,1450,567.3,65.2,3.2,0.7,115.8,73.85,12.0
2020-01-01,Indonesia,Paradip,Iron Ore,Supramax,58507,1494,1228,1450,567.3,65.2,3.6,0.63,102.6,73.85,12.0
2020-02-01,Australia,Visakhapatnam,Coal,Panamax,69102,1488,1323,1531,536.8,64.3,3.0,0.63,97.4,74.29,28.25
2020-02-01,Australia,Visakhapatnam,Iron Ore,Panamax,79247,1488,1323,1531,536.8,64.3,3.3,0.62,106.6,74.29,30.12
2020-02-01,Australia,Visakhapatnam,Coal,Capesize,160224,1488,1323,1531,536.8,64.3,3.8,0.6,115.4,74.29,26.63
2020-02-01,Australia,Visakhapatnam,Iron Ore,Capesize,190217,1488,1323,1531,536.8,64.3,3.6,0.66,126.6,74.29,26.57
2020-02-01,Australia,Visakhapatnam,Coal,Supramax,53647,1488,1323,1531,536.8,64.3,3.7,0.65,106.1,74.29,32.29
2020-02-01,Australia,Visakhapatnam,Iron Ore,Supramax,51343,1488,1323,1531,536.8,64.3,4.1,0.54,117.9,74.29,36.11
2020-02-01,Australia,Paradip,Coal,Panamax,77183,1488,1323,1531,536.8,64.3,3.7,0.57,119.2,74.29,30.48
2020-02-01,Australia,Paradip,Iron Ore,Panamax,73702,1488,1323,1531,536.8,64.3,3.8,0.59,112.2,74.29,31.33
2020-02-01,Australia,Paradip,Coal,Capesize,190672,1488,1323,1531,536.8,64.3,3.6,0.65,110.8,74.29,25.15
2020-02-01,Australia,Paradip,Iron Ore,Capesize,169490,1488,1323,1531,536.8,64.3,3.9,0.61,124.5,74.29,27.68
2020-02-01,Australia,Paradip,Coal,Supramax,50259,1488,1323,1531,536.8,64.3,3.2,0.69,123.5,74.29,32.4
2020-02-01,Australia,Paradip,Iron Ore,Supramax,51133,1488,1323,1531,536.8,64.3,3.2,0.63,102.8,74.29,35.49
2020-02-01,Australia,Chennai,Coal,Panamax,70450,1488,1323,1531,536.8,64.3,4.2,0.64,106.3,74.29,28.17
2020-02-01,Australia,Chennai,Iron Ore,Panamax,77941,1488,1323,1531,536.8,64.3,3.4,0.62,123.5,74.29,30.15
2020-02-01,Australia,Chennai,Coal,Capesize,185532,1488,1323,1531,536.8,64.3,4.2,0.6,112.8,74.29,25.11
2020-02-01,Australia,Chennai,Iron Ore,Capesize,159450,1488,1323,1531,536.8,64.3,3.6,0.68,105.1,74.29,25.91
2020-02-01,Australia,Chennai,Coal,Supramax,51118,1488,1323,1531,536.8,64.3,3.2,0.69,108.2,74.29,30.63
2020-02-01,Australia,Chennai,Iron Ore,Supramax,52884,1488,1323,1531,536.8,64.3,3.5,0.64,105.5,74.29,33.47
2020-02-01,Indonesia,Visakhapatnam,Coal,Panamax,75518,1488,1323,1531,536.8,64.3,3.8,0.71,115.1,74.29,12.0
2020-02-01,Indonesia,Visakhapatnam,Iron Ore,Panamax,73081,1488,1323,1531,536.8,64.3,3.5,0.64,112.0,74.29,12.0
2020-02-01,Indonesia,Visakhapatnam,Coal,Capesize,159236,1488,1323,1531,536.8,64.3,3.4,0.71,121.6,74.29,12.0
2020-02-01,Indonesia,Visakhapatnam,Iron Ore,Capesize,189672,1488,1323,1531,536.8,64.3,3.6,0.58,120.0,74.29,12.0
2020-02-01,Indonesia,Visakhapatnam,Coal,Supramax,54879,1488,1323,1531,536.8,64.3,3.0,0.64,113.5,74.29,12.0
2020-02-01,Indonesia,Visakhapatnam,Iron Ore,Supramax,58429,1488,1323,1531,536.8,64.3,4.0,0.62,126.1,74.29,12.0
2020-02-01,Indonesia,Paradip,Coal,Panamax,79409,1488,1323,1531,536.8,64.3,3.4,0.58,110.9,74.29,12.0
2020-02-01,Indonesia,Paradip,Iron Ore,Panamax,80175,1488,1323,1531,536.8,64.3,3.8,0.66,120.3,74.29,12.0
2020-02-01,Indonesia,Paradip,Coal,Capesize,173262,1488,1323,1531,536.8,64.3,3.5,0.65,127.4,74.29,12.0
2020-02-01,Indonesia,Paradip,Iron Ore,Capesize,183727,1488,1323,1531,536.8,64.3,3.4,0.71,104.9,74.29,12.0
2020-02-01,Indonesia,Paradip,Coal,Supramax,54808,1488,1323,1531,536.8,64.3,3.2,0.68,122.1,74.29,12.0
2020-02-01,Indonesia,Paradip,Iron Ore,Supramax,57280,1488,1323,1531,536.8,64.3,3.4,0.56,114.5,74.29,12.66
2020-03-01,Australia,Visakhapatnam,Coal,Panamax,78468,1470,1331,1685,545.3,75.2,3.3,0.67,119.4,74.28,30.6
2020-03-01,Australia,Visakhapatnam,Iron Ore,Panamax,80960,1470,1331,1685,545.3,75.2,3.1,0.71,109.4,74.28,31.08
2020-03-01,Australia,Visakhapatnam,Coal,Capesize,171277,1470,1331,1685,545.3,75.2,3.7,0.61,117.0,74.28,28.18
2020-03-01,Australia,Visakhapatnam,Iron Ore,Capesize,160584,1470,1331,1685,545.3,75.2,4.3,0.61,120.8,74.28,29.58
2020-03-01,Australia,Visakhapatnam,Coal,Supramax,51320,1470,1331,1685,545.3,75.2,4.0,0.65,111.8,74.28,34.71
2020-03-01,Australia,Visakhapatnam,Iron Ore,Supramax,51829,1470,1331,1685,545.3,75.2,3.9,0.71,104.7,74.28,36.51
2020-03-01,Australia,Paradip,Coal,Panamax,77503,1470,1331,1685,545.3,75.2,3.8,0.63,122.9,74.28,31.52
2020-03-01,Australia,Paradip,Iron Ore,Panamax,75413,1470,1331,1685,545.3,75.2,4.0,0.63,116.7,74.28,33.45
2020-03-01,Australia,Paradip,Coal,Capesize,177254,1470,1331,1685,545.3,75.2,3.6,0.66,116.5,74.28,26.56
2020-03-01,Australia,Paradip,Iron Ore,Capesize,191443,1470,1331,1685,545.3,75.2,3.3,0.68,125.7,74.28,27.74
2020-03-01,Australia,Paradip,Coal,Supramax,51612,1470,1331,1685,545.3,75.2,3.9,0.64,118.0,74.28,36.39
2020-03-01,Australia,Paradip,Iron Ore,Supramax,55315,1470,1331,1685,545.3,75.2,4.2,0.68,112.0,74.28,38.55
2020-03-01,Australia,Chennai,Coal,Panamax,70286,1470,1331,1685,545.3,75.2,3.9,0.55,118.4,74.28,31.04
2020-03-01,Australia,Chennai,Iron Ore,Panamax,71651,1470,1331,1685,545.3,75.2,3.7,0.61,107.9,74.28,32.71
2020-03-01,Australia,Chennai,Coal,Capesize,183299,1470,1331,1685,545.3,75.2,3.0,0.71,97.5,74.28,24.89
2020-03-01,Australia,Chennai,Iron Ore,Capesize,157920,1470,1331,1685,545.3,75.2,3.8,0.62,118.8,74.28,28.21
2020-03-01,Australia,Chennai,Coal,Supramax,60197,1470,1331,1685,545.3,75.2,4.5,0.62,107.1,74.28,34.99
2020-03-01,Australia,Chennai,Iron Ore,Supramax,54220,1470,1331,1685,545.3,75.2,4.8,0.61,113.2,74.28,36.7
2020-03-01,Indonesia,Visakhapatnam,Coal,Panamax,79031,1470,1331,1685,545.3,75.2,3.6,0.68,114.2,74.28,12.0
2020-03-01,Indonesia,Visakhapatnam,Iron Ore,Panamax,71436,1470,1331,1685,545.3,75.2,3.8,0.61,123.4,74.28,12.0
2020-03-01,Indonesia,Visakhapatnam,Coal,Capesize,177481,1470,1331,1685,545.3,75.2,3.6,0.65,131.4,74.28,12.0
2020-03-01,Indonesia,Visakhapatnam,Iron Ore,Capesize,160982,1470,1331,1685,545.3,75.2,3.3,0.62,111.8,74.28,12.0
2020-03-01,Indonesia,Visakhapatnam,Coal,Supramax,54512,1470,1331,1685,545.3,75.2,4.4,0.64,120.9,74.28,12.0
2020-03-01,Indonesia,Visakhapatnam,Iron Ore,Supramax,59671,1470,1331,1685,545.3,75.2,4.4,0.61,106.3,74.28,12.39
2020-03-01,Indonesia,Paradip,Coal,Panamax,75696,1470,1331,1685,545.3,75.2,3.8,0.61,115.6,74.28,12.0
2020-03-01,Indonesia,Paradip,Iron Ore,Panamax,75221,1470,1331,1685,545.3,75.2,3.5,0.61,115.5,74.28,12.0
2020-03-01,Indonesia,Paradip,Coal,Capesize,181409,1470,1331,1685,545.3,75.2,3.8,0.66,108.1,74.28,12.0
2020-03-01,Indonesia,Paradip,Iron Ore,Capesize,184322,1470,1331,1685,545.3,75.2,3.8,0.67,115.8,74.28,12.0
2020-03-01,Indonesia,Paradip,Coal,Supramax,56358,1470,1331,1685,545.3,75.2,4.2,0.61,120.0,74.28,12.68
2020-03-01,Indonesia,Paradip,Iron Ore,Supramax,52810,1470,1331,1685,545.3,75.2,3.6,0.62,120.1,74.28,12.97
2020-04-01,Australia,Visakhapatnam,Coal,Panamax,70553,1633,1481,1660,549.1,69.6,3.6,0.57,110.9,74.15,33.39
2020-04-01,Australia,Visakhapatnam,Iron Ore,Panamax,68016,1633,1481,1660,549.1,69.6,3.6,0.71,111.1,74.15,33.42
2020-04-01,Australia,Visakhapatnam,Coal,Capesize,171079,1633,1481,1660,549.1,69.6,4.2,0.61,120.9,74.15,29.8
2020-04-01,Australia,Visakhapatnam,Iron Ore,Capesize,170219,1633,1481,1660,549.1,69.6,3.6,0.66,115.3,74.15,30.35
2020-04-01,Australia,Visakhapatnam,Coal,Supramax,57918,1633,1481,1660,549.1,69.6,3.7,0.65,123.9,74.15,36.68
2020-04-01,Australia,Visakhapatnam,Iron Ore,Supramax,52610,1633,1481,1660,549.1,69.6,4.0,0.66,112.7,74.15,39.08
2020-04-01,Australia,Paradip,Coal,Panamax,79527,1633,1481,1660,549.1,69.6,4.3,0.65,113.5,74.15,33.58
2020-04-01,Australia,Paradip,Iron Ore,Panamax,78842,1633,1481,1660,549.1,69.6,4.1,0.62,108.6,74.15,35.17
2020-04-01,Australia,Paradip,Coal,Capesize,165491,1633,1481,1660,549.1,69.6,4.3,0.55,127.0,74.15,30.98
2020-04-01,Australia,Paradip,Iron Ore,Capesize,169917,1633,1481,1660,549.1,69.6,3.7,0.63,103.8,74.15,31.11
2020-04-01,Australia,Paradip,Coal,Supramax,51169,1633,1481,1660,549.1,69.6,3.5,0.65,121.7,74.15,37.58
2020-04-01,Australia,Paradip,Iron Ore,Supramax,54018,1633,1481,1660,549.1,69.6,4.4,0.65,127.6,74.15,40.14
2020-04-01,Australia,Chennai,Coal,Panamax,68076,1633,1481,1660,549.1,69.6,3.6,0.65,122.6,74.15,31.92
2020-04-01,Australia,Chennai,Iron Ore,Panamax,81148,1633,1481,1660,549.1,69.6,3.8,0.64,114.5,74.15,32.42
2020-04-01,Australia,Chennai,Coal,Capesize,173491,1633,1481,1660,549.1,69.6,4.0,0.7,117.1,74.15,27.6
2020-04-01,Australia,Chennai,Iron Ore,Capesize,176740,1633,1481,1660,549.1,69.6,2.8,0.67,107.9,74.15,28.43
2020-04-01,Australia,Chennai,Coal,Supramax,55634,1633,1481,1660,549.1,69.6,4.1,0.62,118.2,74.15,36.54
2020-04-01,Australia,Chennai,Iron Ore,Supramax,52853,1633,1481,1660,549.1,69.6,3.0,0.68,123.2,74.15,36.97
2020-04-01,Indonesia,Visakhapatnam,Coal,Panamax,74574,1633,1481,1660,549.1,69.6,3.6,0.64,121.9,74.15,12.0
2020-04-01,Indonesia,Visakhapatnam,Iron Ore,Panamax,72645,1633,1481,1660,549.1,69.6,3.5,0.64,117.7,74.15,12.0
2020-04-01,Indonesia,Visakhapatnam,Coal,Capesize,191929,1633,1481,1660,549.1,69.6,3.7,0.66,128.5,74.15,12.0
2020-04-01,Indonesia,Visakhapatnam,Iron Ore,Capesize,178706,1633,1481,1660,549.1,69.6,3.3,0.7,113.2,74.15,12.0
2020-04-01,Indonesia,Visakhapatnam,Coal,Supramax,54261,1633,1481,1660,549.1,69.6,3.6,0.65,117.2,74.15,12.0
2020-04-01,Indonesia,Visakhapatnam,Iron Ore,Supramax,59333,1633,1481,1660,549.1,69.6,3.0,0.79,121.1,74.15,12.0
2020-04-01,Indonesia,Paradip,Coal,Panamax,71680,1633,1481,1660,549.1,69.6,4.2,0.56,89.9,74.15,12.83
2020-04-01,Indonesia,Paradip,Iron Ore,Panamax,82481,1633,1481,1660,549.1,69.6,3.1,0.7,108.6,74.15,12.0
2020-04-01,Indonesia,Paradip,Coal,Capesize,166557,1633,1481,1660,549.1,69.6,3.8,0.61,118.0,74.15,12.0
2020-04-01,Indonesia,Paradip,Iron Ore,Capesize,177479,1633,1481,1660,549.1,69.6,3.5,0.64,112.7,74.15,12.0
2020-04-01,Indonesia,Paradip,Coal,Supramax,57564,1633,1481,1660,549.1,69.6,3.7,0.67,128.9,74.15,12.0
2020-04-01,Indonesia,Paradip,Iron Ore,Supramax,60252,1633,1481,1660,549.1,69.6,4.5,0.7,104.6,74.15,12.78
2020-05-01,Australia,Visakhapatnam,Coal,Panamax,79082,1653,1677,1752,562.4,78.9,3.6,0.65,101.4,74.27,34.63
2020-05-01,Australia,Visakhapatnam,Iron Ore,Panamax,79226,1653,1677,1752,562.4,78.9,3.3,0.62,107.2,74.27,35.42
2020-05-01,Australia,Visakhapatnam,Coal,Capesize,185849,1653,1677,1752,562.4,78.9,4.1,0.62,99.3,74.27,31.45
2020-05-01,Australia,Visakhapatnam,Iron Ore,Capesize,157818,1653,1677,1752,562.4,78.9,3.2,0.64,100.3,74.27,31.75
2020-05-01,Australia,Visakhapatnam,Coal,Supramax,55783,1653,1677,1752,562.4,78.9,3.6,0.74,117.9,74.27,37.62
2020-05-01,Australia,Visakhapatnam,Iron Ore,Supramax,53592,1653,1677,1752,562.4,78.9,3.9,0.64,127.1,74.27,41.76
2020-05-01,Australia,Paradip,Coal,Panamax,71159,1653,1677,1752,562.4,78.9,3.5,0.62,122.0,74.27,34.83
2020-05-01,Australia,Paradip,Iron Ore,Panamax,75391,1653,1677,1752,562.4,78.9,3.2,0.62,98.9,74.27,36.4
2020-05-01,Australia,Paradip,Coal,Capesize,169871,1653,1677,1752,562.4,78.9,3.1,0.71,112.9,74.27,29.22
2020-05-01,Australia,Paradip,Iron Ore,Capesize,168331,1653,1677,1752,562.4,78.9,3.5,0.58,105.9,74.27,33.08
2020-05-01,Australia,Paradip,Coal,Supramax,60316,1653,1677,1752,562.4,78.9,3.5,0.67,130.7,74.27,38.52
2020-05-01,Australia,Paradip,Iron Ore,Supramax,50474,1653,1677,1752,562.4,78.9,3.8,0.6,120.1,74.27,43.22
2020-05-01,Australia,Chennai,Coal,Panamax,70664,1653,1677,1752,562.4,78.9,3.3,0.67,126.1,74.27,32.78
2020-05-01,Australia,Chennai,Iron Ore,Panamax,81799,1653,1677,1752,562.4,78.9,3.4,0.71,110.5,74.27,33.79
2020-05-01,Australia,Chennai,Coal,Capesize,167640,1653,1677,1752,562.4,78.9,4.0,0.57,105.6,74.27,30.86
2020-05-01,Australia,Chennai,Iron Ore,Capesize,165110,1653,1677,1752,562.4,78.9,3.2,0.64,127.2,74.27,30.5
2020-05-01,Australia,Chennai,Coal,Supramax,50248,1653,1677,1752,562.4,78.9,3.0,0.62,109.0,74.27,37.93
2020-05-01,Australia,Chennai,Iron Ore,Supramax,58941,1653,1677,1752,562.4,78.9,3.0,0.64,126.3,74.27,39.51
2020-05-01,Indonesia,Visakhapatnam,Coal,Panamax,68413,1653,1677,1752,562.4,78.9,3.3,0.71,105.0,74.27,12.0
2020-05-01,Indonesia,Visakhapatnam,Iron Ore,Panamax,72061,1653,1677,1752,562.4,78.9,2.8,0.65,122.4,74.27,12.0
2020-05-01,Indonesia,Visakhapatnam,Coal,Capesize,181752,1653,1677,1752,562.4,78.9,3.3,0.7,127.6,74.27,12.0
2020-05-01,Indonesia,Visakhapatnam,Iron Ore,Capesize,167113,1653,1677,1752,562.4,78.9,3.9,0.7,117.4,74.27,12.0
2020-05-01,Indonesia,Visakhapatnam,Coal,Supramax,55762,1653,1677,1752,562.4,78.9,2.7,0.68,121.5,74.27,12.0
2020-05-01,Indonesia,Visakhapatnam,Iron Ore,Supramax,51499,1653,1677,1752,562.4,78.9,3.6,0.74,98.3,74.27,12.0
2020-05-01,Indonesia,Paradip,Coal,Panamax,69499,1653,1677,1752,562.4,78.9,2.7,0.7,112.0,74.27,12.0
2020-05-01,Indonesia,Paradip,Iron Ore,Panamax,79016,1653,1677,1752,562.4,78.9,3.3,0.68,119.2,74.27,12.0
2020-05-01,Indonesia,Paradip,Coal,Capesize,180124,1653,1677,1752,562.4,78.9,3.6,0.62,116.2,74.27,12.0
2020-05-01,Indonesia,Paradip,Iron Ore,Capesize,160350,1653,1677,1752,562.4,78.9,4.2,0.52,114.8,74.27,13.19
2020-05-01,Indonesia,Paradip,Coal,Supramax,57108,1653,1677,1752,562.4,78.9,2.8,0.67,105.3,74.27,12.18
2020-05-01,Indonesia,Paradip,Iron Ore,Supramax,54639,1653,1677,1752,562.4,78.9,3.3,0.68,114.6,74.27,13.49
2020-06-01,Australia,Visakhapatnam,Coal,Panamax,81644,1701,1563,1933,555.5,68.7,3.0,0.66,108.5,74.18,33.12
2020-06-01,Australia,Visakhapatnam,Iron Ore,Panamax,78538,1701,1563,1933,555.5,68.7,3.6,0.66,109.0,74.18,36.29
2020-06-01,Australia,Visakhapatnam,Coal,Capesize,190073,1701,1563,1933,555.5,68.7,3.5,0.6,106.8,74.18,30.66
2020-06-01,Australia,Visakhapatnam,Iron Ore,Capesize,161992,1701,1563,1933,555.5,68.7,3.5,0.68,124.6,74.18,32.18
2020-06-01,Australia,Visakhapatnam,Coal,Supramax,58590,1701,1563,1933,555.5,68.7,3.1,0.71,113.1,74.18,37.8
2020-06-01,Australia,Visakhapatnam,Iron Ore,Supramax,54659,1701,1563,1933,555.5,68.7,3.1,0.75,113.2,74.18,39.38
2020-06-01,Australia,Paradip,Coal,Panamax,68490,1701,1563,1933,555.5,68.7,3.3,0.69,116.1,74.18,33.27
2020-06-01,Australia,Paradip,Iron Ore,Panamax,77737,1701,1563,1933,555.5,68.7,3.2,0.68,96.5,74.18,35.95
2020-06-01,Australia,Paradip,Coal,Capesize,161883,1701,1563,1933,555.5,68.7,3.7,0.68,106.8,74.18,30.11
2020-06-01,Australia,Paradip,Iron Ore,Capesize,188679,1701,1563,1933,555.5,68.7,3.1,0.68,122.0,74.18,31.9
2020-06-01,Australia,Paradip,Coal,Supramax,58533,1701,1563,1933,555.5,68.7,2.5,0.62,115.8,74.18,39.08
2020-06-01,Australia,Paradip,Iron Ore,Supramax,51617,1701,1563,1933,555.5,68.7,3.0,0.62,116.5,74.18,41.38
2020-06-01,Australia,Chennai,Coal,Panamax,75697,1701,1563,1933,555.5,68.7,3.4,0.69,98.5,74.18,32.27
2020-06-01,Australia,Chennai,Iron Ore,Panamax,70323,1701,1563,1933,555.5,68.7,3.3,0.65,103.8,74.18,35.07
2020-06-01,Australia,Chennai,Coal,Capesize,168935,1701,1563,1933,555.5,68.7,3.7,0.66,124.1,74.18,29.58
2020-06-01,Australia,Chennai,Iron Ore,Capesize,177826,1701,1563,1933,555.5,68.7,3.6,0.58,120.0,74.18,32.73
2020-06-01,Australia,Chennai,Coal,Supramax,50887,1701,1563,1933,555.5,68.7,3.5,0.7,109.4,74.18,36.78
2020-06-01,Australia,Chennai,Iron Ore,Supramax,50662,1701,1563,1933,555.5,68.7,3.4,0.63,104.8,74.18,40.5
2020-06-01,Indonesia,Visakhapatnam,Coal,Panamax,78049,1701,1563,1933,555.5,68.7,3.3,0.72,124.4,74.18,12.0
2020-06-01,Indonesia,Visakhapatnam,Iron Ore,Panamax,72212,1701,1563,1933,555.5,68.7,3.5,0.67,121.2,74.18,12.0
2020-06-01,Indonesia,Visakhapatnam,Coal,Capesize,165738,1701,1563,1933,555.5,68.7,2.7,0.71,107.2,74.18,12.0
2020-06-01,Indonesia,Visakhapatnam,Iron Ore,Capesize,184064,1701,1563,1933,555.5,68.7,3.5,0.65,110.3,74.18,12.0
2020-06-01,Indonesia,Visakhapatnam,Coal,Supramax,52061,1701,1563,1933,555.5,68.7,3.6,0.65,117.2,74.18,12.13
2020-06-01,Indonesia,Visakhapatnam,Iron Ore,Supramax,52904,1701,1563,1933,555.5,68.7,3.4,0.62,125.7,74.18,13.62
2020-06-01,Indonesia,Paradip,Coal,Panamax,75968,1701,1563,1933,555.5,68.7,2.3,0.67,106.3,74.18,12.0
2020-06-01,Indonesia,Paradip,Iron Ore,Panamax,69052,1701,1563,1933,555.5,68.7,3.3,0.66,118.0,74.18,12.0
2020-06-01,Indonesia,Paradip,Coal,Capesize,181188,1701,1563,1933,555.5,68.7,3.5,0.67,119.3,74.18,12.0
2020-06-01,Indonesia,Paradip,Iron Ore,Capesize,162535,1701,1563,1933,555.5,68.7,2.8,0.67,109.4,74.18,12.0
2020-06-01,Indonesia,Paradip,Coal,Supramax,50933,1701,1563,1933,555.5,68.7,3.1,0.64,110.7,74.18,12.87
2020-06-01,Indonesia,Paradip,Iron Ore,Supramax,55410,1701,1563,1933,555.5,68.7,2.7,0.72,124.8,74.18,12.0
2020-07-01,Australia,Visakhapatnam,Coal,Panamax,77614,1748,1674,1751,567.3,71.2,3.0,0.72,118.0,73.88,32.41
2020-07-01,Australia,Visakhapatnam,Iron Ore,Panamax,79210,1748,1674,1751,567.3,71.2,2.5,0.74,112.5,73.88,34.03
2020-07-01,Australia,Visakhapatnam,Coal,Capesize,172821,1748,1674,1751,567.3,71.2,2.8,0.72,105.7,73.88,29.52
2020-07-01,Australia,Visakhapatnam,Iron Ore,Capesize,183310,1748,1674,1751,567.3,71.2,3.3,0.63,115.1,73.88,32.07
2020-07-01,Australia,Visakhapatnam,Coal,Supramax,56464,1748,1674,1751,567.3,71.2,2.9,0.68,117.3,73.88,37.95
2020-07-01,Australia,Visakhapatnam,Iron Ore,Supramax,51107,1748,1674,1751,567.3,71.2,2.5,0.74,125.6,73.88,38.51
2020-07-01,Australia,Paradip,Coal,Panamax,76440,1748,1674,1751,567.3,71.2,2.7,0.72,105.4,73.88,33.71
2020-07-01,Australia,Paradip,Iron Ore,Panamax,77442,1748,1674,1751,567.3,71.2,2.8,0.71,108.5,73.88,34.86
2020-07-01,Australia,Paradip,Coal,Capesize,167010,1748,1674,1751,567.3,71.2,3.5,0.66,109.2,73.88,30.51
2020-07-01,Australia,Paradip,Iron Ore,Capesize,191848,1748,1674,1751,567.3,71.2,2.7,0.74,112.0,73.88,30.28
2020-07-01,Australia,Paradip,Coal,Supramax,50270,1748,1674,1751,567.3,71.2,2.4,0.78,109.5,73.88,37.14
2020-07-01,Australia,Paradip,Iron Ore,Supramax,54404,1748,1674,1751,567.3,71.2,3.2,0.68,123.8,73.88,41.13
2020-07-01,Australia,Chennai,Coal,Panamax,77059,1748,1674,1751,567.3,71.2,3.3,0.7,110.3,73.88,31.84
2020-07-01,Australia,Chennai,Iron Ore,Panamax,74618,1748,1674,1751,567.3,71.2,2.8,0.67,115.1,73.88,34.13
2020-07-01,Australia,Chennai,Coal,Capesize,188530,1748,1674,1751,567.3,71.2,2.8,0.74,117.4,73.88,28.09
2020-07-01,Australia,Chennai,Iron Ore,Capesize,162550,1748,1674,1751,567.3,71.2,3.6,0.59,104.7,73.88,32.71
2020-07-01,Australia,Chennai,Coal,Supramax,53020,1748,1674,1751,567.3,71.2,2.8,0.71,119.5,73.88,36.03
2020-07-01,Australia,Chennai,Iron Ore,Supramax,57885,1748,1674,1751,567.3,71.2,2.4,0.71,111.9,73.88,38.58
2020-07-01,Indonesia,Visakhapatnam,Coal,Panamax,67611,1748,1674,1751,567.3,71.2,2.9,0.67,123.2,73.88,12.0
2020-07-01,Indonesia,Visakhapatnam,Iron Ore,Panamax,70995,1748,1674,1751,567.3,71.2,3.6,0.63,127.3,73.88,12.03
2020-07-01,Indonesia,Visakhapatnam,Coal,Capesize,179481,1748,1674,1751,567.3,71.2,3.0,0.73,108.7,73.88,12.0
2020-07-01,Indonesia,Visakhapatnam,Iron Ore,Capesize,180924,1748,1674,1751,567.3,71.2,2.8,0.74,118.8,73.88,12.0
2020-07-01,Indonesia,Visakhapatnam,Coal,Supramax,53446,1748,1674,1751,567.3,71.2,2.6,0.58,118.2,73.88,12.38
2020-07-01,Indonesia,Visakhapatnam,Iron Ore,Supramax,59584,1748,1674,1751,567.3,71.2,2.9,0.69,136.2,73.88,12.0
2020-07-01,Indonesia,Paradip,Coal,Panamax,74885,1748,1674,1751,567.3,71.2,2.8,0.75,119.1,73.88,12.0
2020-07-01,Indonesia,Paradip,Iron Ore,Panamax,72531,1748,1674,1751,567.3,71.2,2.8,0.64,116.3,73.88,12.0
2020-07-01,Indonesia,Paradip,Coal,Capesize,162028,1748,1674,1751,567.3,71.2,2.9,0.71,119.6,73.88,12.0
2020-07-01,Indonesia,Paradip,Iron Ore,Capesize,184729,1748,1674,1751,567.3,71.2,2.6,0.69,106.7,73.88,12.0
2020-07-01,Indonesia,Paradip,Coal,Supramax,57314,1748,1674,1751,567.3,71.2,2.7,0.68,119.7,73.88,12.0
2020-07-01,Indonesia,Paradip,Iron Ore,Supramax,55943,1748,1674,1751,567.3,71.2,3.1,0.57,104.1,73.88,14.98
2020-08-01,Australia,Visakhapatnam,Coal,Panamax,71224,1626,1457,1896,532.7,74.2,3.0,0.69,112.1,74.54,30.57
2020-08-01,Australia,Visakhapatnam,Iron Ore,Panamax,71719,1626,1457,1896,532.7,74.2,3.0,0.73,108.6,74.54,31.79
2020-08-01,Australia,Visakhapatnam,Coal,Capesize,169347,1626,1457,1896,532.7,74.2,2.1,0.71,113.3,74.54,26.15
2020-08-01,Australia,Visakhapatnam,Iron Ore,Capesize,179070,1626,1457,1896,532.7,74.2,2.6,0.71,117.5,74.54,27.9
2020-08-01,Australia,Visakhapatnam,Coal,Supramax,57967,1626,1457,1896,532.7,74.2,2.7,0.68,106.1,74.54,34.72
2020-08-01,Australia,Visakhapatnam,Iron Ore,Supramax,57990,1626,1457,1896,532.7,74.2,2.5,0.75,113.0,74.54,36.51
2020-08-01,Australia,Paradip,Coal,Panamax,79576,1626,1457,1896,532.7,74.2,3.1,0.67,109.1,74.54,31.89
2020-08-01,Australia,Paradip,Iron Ore,Panamax,76136,1626,1457,1896,532.7,74.2,2.5,0.74,115.0,74.54,31.57
2020-08-01,Australia,Paradip,Coal,Capesize,157964,1626,1457,1896,532.7,74.2,3.0,0.68,122.1,74.54,27.88
2020-08-01,Australia,Paradip,Iron Ore,Capesize,181455,1626,1457,1896,532.7,74.2,1.9,0.82,107.7,74.54,26.43
2020-08-01,Australia,Paradip,Coal,Supramax,56630,1626,1457,1896,532.7,74.2,3.3,0.67,104.5,74.54,36.5
2020-08-01,Australia,Paradip,Iron Ore,Supramax,60085,1626,1457,1896,532.7,74.2,2.7,0.69,105.3,74.54,38.03
2020-08-01,Australia,Chennai,Coal,Panamax,79555,1626,1457,1896,532.7,74.2,2.4,0.71,103.1,74.54,29.31
2020-08-01,Australia,Chennai,Iron Ore,Panamax,75703,1626,1457,1896,532.7,74.2,1.4,0.77,109.6,74.54,29.28
2020-08-01,Australia,Chennai,Coal,Capesize,187465,1626,1457,1896,532.7,74.2,2.3,0.72,122.8,74.54,25.12
2020-08-01,Australia,Chennai,Iron Ore,Capesize,161040,1626,1457,1896,532.7,74.2,2.9,0.67,117.1,74.54,27.74
2020-08-01,Australia,Chennai,Coal,Supramax,56531,1626,1457,1896,532.7,74.2,2.1,0.78,108.7,74.54,32.55
2020-08-01,Australia,Chennai,Iron Ore,Supramax,50898,1626,1457,1896,532.7,74.2,3.0,0.64,116.1,74.54,37.45
2020-08-01,Indonesia,Visakhapatnam,Coal,Panamax,69086,1626,1457,1896,532.7,74.2,2.2,0.71,122.2,74.54,12.0
2020-08-01,Indonesia,Visakhapatnam,Iron Ore,Panamax,81754,1626,1457,1896,532.7,74.2,3.2,0.67,114.2,74.54,12.0
2020-08-01,Indonesia,Visakhapatnam,Coal,Capesize,174016,1626,1457,1896,532.7,74.2,1.8,0.77,113.8,74.54,12.0
2020-08-01,Indonesia,Visakhapatnam,Iron Ore,Capesize,169165,1626,1457,1896,532.7,74.2,3.2,0.67,111.3,74.54,12.0
2020-08-01,Indonesia,Visakhapatnam,Coal,Supramax,54851,1626,1457,1896,532.7,74.2,3.8,0.63,119.8,74.54,12.0
2020-08-01,Indonesia,Visakhapatnam,Iron Ore,Supramax,54567,1626,1457,1896,532.7,74.2,2.4,0.7,106.9,74.54,12.0
2020-08-01,Indonesia,Paradip,Coal,Panamax,74209,1626,1457,1896,532.7,74.2,2.9,0.61,97.6,74.54,12.0
2020-08-01,Indonesia,Paradip,Iron Ore,Panamax,74366,1626,1457,1896,532.7,74.2,2.6,0.72,107.1,74.54,12.0
2020-08-01,Indonesia,Paradip,Coal,Capesize,169355,1626,1457,1896,532.7,74.2,2.4,0.74,125.4,74.54,12.0
2020-08-01,Indonesia,Paradip,Iron Ore,Capesize,188103,1626,1457,1896,532.7,74.2,2.1,0.74,111.2,74.54,12.0
2020-08-01,Indonesia,Paradip,Coal,Supramax,50893,1626,1457,1896,532.7,74.2,3.2,0.64,119.0,74.54,12.0
2020-08-01,Indonesia,Paradip,Iron Ore,Supramax,55493,1626,1457,1896,532.7,74.2,2.7,0.64,119.4,74.54,12.0
2020-09-01,Australia,Visakhapatnam,Coal,Panamax,73139,1571,1370,1798,528.3,73.8,1.8,0.74,110.3,74.35,26.89
2020-09-01,Australia,Visakhapatnam,Iron Ore,Panamax,81497,1571,1370,1798,528.3,73.8,2.7,0.76,112.4,74.35,29.07
2020-09-01,Australia,Visakhapatnam,Coal,Capesize,161294,1571,1370,1798,528.3,73.8,3.1,0.7,96.6,74.35,25.16
2020-09-01,Australia,Visakhapatnam,Iron Ore,Capesize,174558,1571,1370,1798,528.3,73.8,2.7,0.71,114.4,74.35,25.92
2020-09-01,Australia,Visakhapatnam,Coal,Supramax,50053,1571,1370,1798,528.3,73.8,2.8,0.7,123.5,74.35,33.9
2020-09-01,Australia,Visakhapatnam,Iron Ore,Supramax,52812,1571,1370,1798,528.3,73.8,2.3,0.73,111.8,74.35,34.23
2020-09-01,Australia,Paradip,Coal,Panamax,73611,1571,1370,1798,528.3,73.8,2.3,0.66,113.4,74.35,28.53
2020-09-01,Australia,Paradip,Iron Ore,Panamax,75405,1571,1370,1798,528.3,73.8,2.4,0.72,114.4,74.35,30.72
2020-09-01,Australia,Paradip,Coal,Capesize,178272,1571,1370,1798,528.3,73.8,2.1,0.73,109.1,74.35,24.11
2020-09-01,Australia,Paradip,Iron Ore,Capesize,167902,1571,1370,1798,528.3,73.8,2.5,0.7,118.7,74.35,27.08
2020-09-01,Australia,Paradip,Coal,Supramax,52177,1571,1370,1798,528.3,73.8,3.0,0.73,107.2,74.35,33.44
2020-09-01,Australia,Paradip,Iron Ore,Supramax,53927,1571,1370,1798,528.3,73.8,2.4,0.73,115.6,74.35,34.6
2020-09-01,Australia,Chennai,Coal,Panamax,73533,1571,1370,1798,528.3,73.8,2.7,0.72,107.4,74.35,26.83
2020-09-01,Australia,Chennai,Iron Ore,Panamax,72760,1571,1370,1798,528.3,73.8,2.6,0.67,112.0,74.35,29.23
2020-09-01,Australia,Chennai,Coal,Capesize,170567,1571,1370,1798,528.3,73.8,2.9,0.71,110.9,74.35,23.84
2020-09-01,Australia,Chennai,Iron Ore,Capesize,170335,1571,1370,1798,528.3,73.8,2.8,0.67,106.8,74.35,26.45
2020-09-01,Australia,Chennai,Coal,Supramax,55864,1571,1370,1798,528.3,73.8,2.7,0.66,109.9,74.35,32.9
2020-09-01,Australia,Chennai,Iron Ore,Supramax,58774,1571,1370,1798,528.3,73.8,2.6,0.73,110.6,74.35,32.79
2020-09-01,Indonesia,Visakhapatnam,Coal,Panamax,78853,1571,1370,1798,528.3,73.8,3.1,0.73,127.3,74.35,12.0
2020-09-01,Indonesia,Visakhapatnam,Iron Ore,Panamax,68792,1571,1370,1798,528.3,73.8,2.1,0.74,119.2,74.35,12.0
2020-09-01,Indonesia,Visakhapatnam,Coal,Capesize,179185,1571,1370,1798,528.3,73.8,2.1,0.72,122.8,74.35,12.0
2020-09-01,Indonesia,Visakhapatnam,Iron Ore,Capesize,187303,1571,1370,1798,528.3,73.8,3.0,0.7,111.1,74.35,12.0
2020-09-01,Indonesia,Visakhapatnam,Coal,Supramax,53350,1571,1370,1798,528.3,73.8,2.6,0.75,121.9,74.35,12.0
2020-09-01,Indonesia,Visakhapatnam,Iron Ore,Supramax,53510,1571,1370,1798,528.3,73.8,3.5,0.7,103.9,74.35,12.0
2020-09-01,Indonesia,Paradip,Coal,Panamax,78932,1571,1370,1798,528.3,73.8,2.4,0.73,115.9,74.35,12.0
2020-09-01,Indonesia,Paradip,Iron Ore,Panamax,73981,1571,1370,1798,528.3,73.8,2.2,0.75,122.5,74.35,12.0
2020-09-01,Indonesia,Paradip,Coal,Capesize,190809,1571,1370,1798,528.3,73.8,2.6,0.72,111.5,74.35,12.0
2020-09-01,Indonesia,Paradip,Iron Ore,Capesize,160414,1571,1370,1798,528.3,73.8,2.9,0.67,111.4,74.35,12.0
2020-09-01,Indonesia,Paradip,Coal,Supramax,54837,1571,1370,1798,528.3,73.8,2.2,0.76,111.6,74.35,12.0
2020-09-01,Indonesia,Paradip,Iron Ore,Supramax,53540,1571,1370,1798,528.3,73.8,2.4,0.76,97.4,74.35,12.0
2020-10-01,Australia,Visakhapatnam,Coal,Panamax,77215,1518,1365,1648,507.6,66.6,2.8,0.68,118.5,74.45,27.13
2020-10-01,Australia,Visakhapatnam,Iron Ore,Panamax,72891,1518,1365,1648,507.6,66.6,2.7,0.68,138.1,74.45,28.28
2020-10-01,Australia,Visakhapatnam,Coal,Capesize,158814,1518,1365,1648,507.6,66.6,2.6,0.72,108.7,74.45,22.45
2020-10-01,Australia,Visakhapatnam,Iron Ore,Capesize,183566,1518,1365,1648,507.6,66.6,2.8,0.76,101.0,74.45,23.55
2020-10-01,Australia,Visakhapatnam,Coal,Supramax,52222,1518,1365,1648,507.6,66.6,2.5,0.69,99.6,74.45,30.05
2020-10-01,Australia,Visakhapatnam,Iron Ore,Supramax,50303,1518,1365,1648,507.6,66.6,3.2,0.72,111.5,74.45,32.73
2020-10-01,Australia,Paradip,Coal,Panamax,68062,1518,1365,1648,507.6,66.6,3.3,0.69,114.1,74.45,27.11
2020-10-01,Australia,Paradip,Iron Ore,Panamax,74373,1518,1365,1648,507.6,66.6,3.0,0.69,114.3,74.45,28.81
2020-10-01,Australia,Paradip,Coal,Capesize,165908,1518,1365,1648,507.6,66.6,2.7,0.71,113.5,74.45,22.79
2020-10-01,Australia,Paradip,Iron Ore,Capesize,163249,1518,1365,1648,507.6,66.6,1.7,0.68,99.4,74.45,24.54
2020-10-01,Australia,Paradip,Coal,Supramax,59790,1518,1365,1648,507.6,66.6,3.2,0.67,104.1,74.45,32.06
2020-10-01,Australia,Paradip,Iron Ore,Supramax,52213,1518,1365,1648,507.6,66.6,2.8,0.73,110.2,74.45,32.3
2020-10-01,Australia,Chennai,Coal,Panamax,71696,1518,1365,1648,507.6,66.6,3.6,0.62,127.0,74.45,27.28
2020-10-01,Australia,Chennai,Iron Ore,Panamax,77901,1518,1365,1648,507.6,66.6,2.3,0.72,126.1,74.45,26.0
2020-10-01,Australia,Chennai,Coal,Capesize,181447,1518,1365,1648,507.6,66.6,1.9,0.73,123.0,74.45,20.9
2020-10-01,Australia,Chennai,Iron Ore,Capesize,168510,1518,1365,1648,507.6,66.6,2.6,0.71,111.4,74.45,23.54
2020-10-01,Australia,Chennai,Coal,Supramax,58922,1518,1365,1648,507.6,66.6,3.0,0.68,112.9,74.45,29.57
2020-10-01,Australia,Chennai,Iron Ore,Supramax,59569,1518,1365,1648,507.6,66.6,2.2,0.7,98.8,74.45,30.11
2020-10-01,Indonesia,Visakhapatnam,Coal,Panamax,68373,1518,1365,1648,507.6,66.6,2.7,0.76,113.8,74.45,12.0
2020-10-01,Indonesia,Visakhapatnam,Iron Ore,Panamax,76362,1518,1365,1648,507.6,66.6,2.5,0.64,107.8,74.45,12.0
2020-10-01,Indonesia,Visakhapatnam,Coal,Capesize,184612,1518,1365,1648,507.6,66.6,2.8,0.69,114.3,74.45,12.0
2020-10-01,Indonesia,Visakhapatnam,Iron Ore,Capesize,158236,1518,1365,1648,507.6,66.6,3.4,0.74,100.1,74.45,12.0
2020-10-01,Indonesia,Visakhapatnam,Coal,Supramax,50199,1518,1365,1648,507.6,66.6,3.1,0.77,113.9,74.45,12.0
2020-10-01,Indonesia,Visakhapatnam,Iron Ore,Supramax,51603,1518,1365,1648,507.6,66.6,3.2,0.68,119.0,74.45,12.0
2020-10-01,Indonesia,Paradip,Coal,Panamax,71478,1518,1365,1648,507.6,66.6,2.1,0.79,113.1,74.45,12.0
2020-10-01,Indonesia,Paradip,Iron Ore,Panamax,68330,1518,1365,1648,507.6,66.6,2.8,0.7,120.5,74.45,12.0
2020-10-01,Indonesia,Paradip,Coal,Capesize,180163,1518,1365,1648,507.6,66.6,2.4,0.71,122.2,74.45,12.0
2020-10-01,Indonesia,Paradip,Iron Ore,Capesize,161940,1518,1365,1648,507.6,66.6,2.7,0.73,114.6,74.45,12.0
2020-10-01,Indonesia,Paradip,Coal,Supramax,59955,1518,1365,1648,507.6,66.6,2.5,0.81,113.7,74.45,12.0
2020-10-01,Indonesia,Paradip,Iron Ore,Supramax,52788,1518,1365,1648,507.6,66.6,2.2,0.64,120.0,74.45,12.0
2020-11-01,Australia,Visakhapatnam,Coal,Panamax,80317,1231,1263,1508,550.6,74.2,2.8,0.69,115.2,73.83,26.48
2020-11-01,Australia,Visakhapatnam,Iron Ore,Panamax,79486,1231,1263,1508,550.6,74.2,2.8,0.7,118.2,73.83,28.03
2020-11-01,Australia,Visakhapatnam,Coal,Capesize,191826,1231,1263,1508,550.6,74.2,2.3,0.72,117.8,73.83,22.76
2020-11-01,Australia,Visakhapatnam,Iron Ore,Capesize,164041,1231,1263,1508,550.6,74.2,2.7,0.67,119.1,73.83,24.64
2020-11-01,Australia,Visakhapatnam,Coal,Supramax,59688,1231,1263,1508,550.6,74.2,3.3,0.65,121.3,73.83,31.38
2020-11-01,Australia,Visakhapatnam,Iron Ore,Supramax,56176,1231,1263,1508,550.6,74.2,3.2,0.62,113.2,73.83,33.85
2020-11-01,Australia,Paradip,Coal,Panamax,75887,1231,1263,1508,550.6,74.2,3.1,0.65,107.0,73.83,27.67
2020-11-01,Australia,Paradip,Iron Ore,Panamax,75327,1231,1263,1508,550.6,74.2,2.4,0.71,98.6,73.83,27.55
2020-11-01,Australia,Paradip,Coal,Capesize,170320,1231,1263,1508,550.6,74.2,2.9,0.69,120.4,73.83,24.16
2020-11-01,Australia,Paradip,Iron Ore,Capesize,169966,1231,1263,1508,550.6,74.2,2.5,0.68,104.8,73.83,25.07
2020-11-01,Australia,Paradip,Coal,Supramax,55683,1231,1263,1508,550.6,74.2,3.1,0.75,103.6,73.83,29.5
2020-11-01,Australia,Paradip,Iron Ore,Supramax,55758,1231,1263,1508,550.6,74.2,3.1,0.68,107.7,73.83,32.48
2020-11-01,Australia,Chennai,Coal,Panamax,74560,1231,1263,1508,550.6,74.2,2.8,0.7,106.7,73.83,26.16
2020-11-01,Australia,Chennai,Iron Ore,Panamax,80315,1231,1263,1508,550.6,74.2,2.8,0.75,106.9,73.83,25.67
2020-11-01,Australia,Chennai,Coal,Capesize,189726,1231,1263,1508,550.6,74.2,2.6,0.74,111.4,73.83,21.51
2020-11-01,Australia,Chennai,Iron Ore,Capesize,185748,1231,1263,1508,550.6,74.2,3.3,0.76,100.3,73.83,23.85
2020-11-01,Australia,Chennai,Coal,Supramax,59802,1231,1263,1508,550.6,74.2,2.5,0.71,114.9,73.83,28.42
2020-11-01,Australia,Chennai,Iron Ore,Supramax,49899,1231,1263,1508,550.6,74.2,3.2,0.65,107.8,73.83,32.35
2020-11-01,Indonesia,Visakhapatnam,Coal,Panamax,75025,1231,1263,1508,550.6,74.2,3.0,0.66,109.9,73.83,12.0
2020-11-01,Indonesia,Visakhapatnam,Iron Ore,Panamax,75612,1231,1263,1508,550.6,74.2,2.7,0.71,110.8,73.83,12.0
2020-11-01,Indonesia,Visakhapatnam,Coal,Capesize,176955,1231,1263,1508,550.6,74.2,2.7,0.71,118.8,73.83,12.0
2020-11-01,Indonesia,Visakhapatnam,Iron Ore,Capesize,175863,1231,1263,1508,550.6,74.2,2.6,0.77,117.2,73.83,12.0
2020-11-01,Indonesia,Visakhapatnam,Coal,Supramax,50439,1231,1263,1508,550.6,74.2,2.3,0.76,115.4,73.83,12.0
2020-11-01,Indonesia,Visakhapatnam,Iron Ore,Supramax,59342,1231,1263,1508,550.6,74.2,3.5,0.64,113.8,73.83,12.0
2020-11-01,Indonesia,Paradip,Coal,Panamax,68831,1231,1263,1508,550.6,74.2,2.7,0.63,120.6,73.83,12.0
2020-11-01,Indonesia,Paradip,Iron Ore,Panamax,73769,1231,1263,1508,550.6,74.2,2.7,0.73,109.6,73.83,12.0
2020-11-01,Indonesia,Paradip,Coal,Capesize,177529,1231,1263,1508,550.6,74.2,2.6,0.65,110.7,73.83,12.0
2020-11-01,Indonesia,Paradip,Iron Ore,Capesize,183987,1231,1263,1508,550.6,74.2,2.1,0.7,117.7,73.83,12.0
2020-11-01,Indonesia,Paradip,Coal,Supramax,52209,1231,1263,1508,550.6,74.2,3.4,0.63,122.7,73.83,12.0
2020-11-01,Indonesia,Paradip,Iron Ore,Supramax,55303,1231,1263,1508,550.6,74.2,3.0,0.72,116.9,73.83,12.0
2020-12-01,Australia,Visakhapatnam,Coal,Panamax,77655,1222,1320,1465,567.7,65.5,2.9,0.69,108.9,73.59,26.87
2020-12-01,Australia,Visakhapatnam,Iron Ore,Panamax,72832,1222,1320,1465,567.7,65.5,3.3,0.72,120.6,73.59,28.55
2020-12-01,Australia,Visakhapatnam,Coal,Capesize,170763,1222,1320,1465,567.7,65.5,3.0,0.72,126.6,73.59,23.38
2020-12-01,Australia,Visakhapatnam,Iron Ore,Capesize,189114,1222,1320,1465,567.7,65.5,3.0,0.61,130.1,73.59,26.32
2020-12-01,Australia,Visakhapatnam,Coal,Supramax,58927,1222,1320,1465,567.7,65.5,3.1,0.66,120.9,73.59,31.25
2020-12-01,Australia,Visakhapatnam,Iron Ore,Supramax,52703,1222,1320,1465,567.7,65.5,2.9,0.68,102.0,73.59,32.2
2020-12-01,Australia,Paradip,Coal,Panamax,72560,1222,1320,1465,567.7,65.5,3.1,0.72,107.6,73.59,26.84
2020-12-01,Australia,Paradip,Iron Ore,Panamax,75947,1222,1320,1465,567.7,65.5,3.1,0.73,106.1,73.59,28.0
2020-12-01,Australia,Paradip,Coal,Capesize,181271,1222,1320,1465,567.7,65.5,3.6,0.66,115.6,73.59,24.91
2020-12-01,Australia,Paradip,Iron Ore,Capesize,160526,1222,1320,1465,567.7,65.5,2.6,0.67,99.5,73.59,25.51
2020-12-01,Australia,Paradip,Coal,Supramax,51304,1222,1320,1465,567.7,65.5,3.3,0.71,107.8,73.59,30.77
2020-12-01,Australia,Paradip,Iron Ore,Supramax,53110,1222,1320,1465,567.7,65.5,3.6,0.62,117.5,73.59,34.15
2020-12-01,Australia,Chennai,Coal,Panamax,78551,1222,1320,1465,567.7,65.5,2.8,0.71,100.4,73.59,25.2
2020-12-01,Australia,Chennai,Iron Ore,Panamax,74728,1222,1320,1465,567.7,65.5,3.3,0.66,112.7,73.59,27.84
2020-12-01,Australia,Chennai,Coal,Capesize,190355,1222,1320,1465,567.7,65.5,2.4,0.71,118.9,73.59,22.27
2020-12-01,Australia,Chennai,Iron Ore,Capesize,168122,1222,1320,1465,567.7,65.5,3.4,0.67,124.2,73.59,24.91
2020-12-01,Australia,Chennai,Coal,Supramax,60077,1222,1320,1465,567.7,65.5,2.5,0.67,99.5,73.59,29.33
2020-12-01,Australia,Chennai,Iron Ore,Supramax,50715,1222,1320,1465,567.7,65.5,2.9,0.67,108.5,73.59,31.5
2020-12-01,Indonesia,Visakhapatnam,Coal,Panamax,78592,1222,1320,1465,567.7,65.5,3.1,0.62,124.9,73.59,12.0
2020-12-01,Indonesia,Visakhapatnam,Iron Ore,Panamax,68281,1222,1320,1465,567.7,65.5,2.5,0.67,122.6,73.59,12.0
2020-12-01,Indonesia,Visakhapatnam,Coal,Capesize,174377,1222,1320,1465,567.7,65.5,2.8,0.69,117.5,73.59,12.0
2020-12-01,Indonesia,Visakhapatnam,Iron Ore,Capesize,164973,1222,1320,1465,567.7,65.5,3.4,0.66,109.8,73.59,12.0
2020-12-01,Indonesia,Visakhapatnam,Coal,Supramax,59445,1222,1320,1465,567.7,65.5,2.8,0.76,120.7,73.59,12.0
2020-12-01,Indonesia,Visakhapatnam,Iron Ore,Supramax,60148,1222,1320,1465,567.7,65.5,3.0,0.64,105.4,73.59,12.0
2020-12-01,Indonesia,Paradip,Coal,Panamax,70901,1222,1320,1465,567.7,65.5,2.7,0.61,108.4,73.59,12.0
2020-12-01,Indonesia,Paradip,Iron Ore,Panamax,77008,1222,1320,1465,567.7,65.5,3.6,0.59,117.7,73.59,12.0
2020-12-01,Indonesia,Paradip,Coal,Capesize,177732,1222,1320,1465,567.7,65.5,2.4,0.72,104.5,73.59,12.0
2020-12-01,Indonesia,Paradip,Iron Ore,Capesize,169407,1222,1320,1465,567.7,65.5,3.2,0.69,115.7,73.59,12.0
2020-12-01,Indonesia,Paradip,Coal,Supramax,57956,1222,1320,1465,567.7,65.5,3.1,0.72,109.8,73.59,12.0
2020-12-01,Indonesia,Paradip,Iron Ore,Supramax,54620,1222,1320,1465,567.7,65.5,3.6,0.62,108.9,73.59,12.0
2021-01-01,Australia,Visakhapatnam,Coal,Panamax,79600,1825,1722,2142,572.2,87.1,3.4,0.66,140.2,75.86,38.31
2021-01-01,Australia,Visakhapatnam,Iron Ore,Panamax,68285,1825,1722,2142,572.2,87.1,2.9,0.64,122.0,75.86,40.67
2021-01-01,Australia,Visakhapatnam,Coal,Capesize,172062,1825,1722,2142,572.2,87.1,3.8,0.59,132.0,75.86,35.76
2021-01-01,Australia,Visakhapatnam,Iron Ore,Capesize,189379,1825,1722,2142,572.2,87.1,3.2,0.6,129.2,75.86,36.1
2021-01-01,Australia,Visakhapatnam,Coal,Supramax,56271,1825,1722,2142,572.2,87.1,3.0,0.72,135.1,75.86,42.02
2021-01-01,Australia,Visakhapatnam,Iron Ore,Supramax,56519,1825,1722,2142,572.2,87.1,3.5,0.61,143.2,75.86,47.45
2021-01-01,Australia,Paradip,Coal,Panamax,81714,1825,1722,2142,572.2,87.1,3.2,0.63,124.2,75.86,39.07
2021-01-01,Australia,Paradip,Iron Ore,Panamax,72150,1825,1722,2142,572.2,87.1,2.7,0.66,132.4,75.86,41.15
2021-01-01,Australia,Paradip,Coal,Capesize,177321,1825,1722,2142,572.2,87.1,3.6,0.63,129.9,75.86,35.12
2021-01-01,Australia,Paradip,Iron Ore,Capesize,158204,1825,1722,2142,572.2,87.1,3.3,0.65,135.8,75.86,36.36
2021-01-01,Australia,Paradip,Coal,Supramax,58513,1825,1722,2142,572.2,87.1,3.4,0.7,131.0,75.86,43.86
2021-01-01,Australia,Paradip,Iron Ore,Supramax,60015,1825,1722,2142,572.2,87.1,3.7,0.53,142.0,75.86,49.46
2021-01-01,Australia,Chennai,Coal,Panamax,71972,1825,1722,2142,572.2,87.1,2.5,0.71,133.6,75.86,35.87
2021-01-01,Australia,Chennai,Iron Ore,Panamax,76525,1825,1722,2142,572.2,87.1,4.1,0.55,121.2,75.86,41.35
2021-01-01,Australia,Chennai,Coal,Capesize,183703,1825,1722,2142,572.2,87.1,3.4,0.61,114.9,75.86,34.29
2021-01-01,Australia,Chennai,Iron Ore,Capesize,186723,1825,1722,2142,572.2,87.1,3.7,0.64,138.4,75.86,35.36
2021-01-01,Australia,Chennai,Coal,Supramax,51231,1825,1722,2142,572.2,87.1,3.3,0.67,124.1,75.86,41.19
2021-01-01,Australia,Chennai,Iron Ore,Supramax,59527,1825,1722,2142,572.2,87.1,3.2,0.61,146.9,75.86,45.73
2021-01-01,Indonesia,Visakhapatnam,Coal,Panamax,72759,1825,1722,2142,572.2,87.1,4.0,0.54,136.5,75.86,14.86
2021-01-01,Indonesia,Visakhapatnam,Iron Ore,Panamax,79588,1825,1722,2142,572.2,87.1,3.7,0.53,127.2,75.86,14.8
2021-01-01,Indonesia,Visakhapatnam,Coal,Capesize,165947,1825,1722,2142,572.2,87.1,3.2,0.62,141.4,75.86,12.0
2021-01-01,Indonesia,Visakhapatnam,Iron Ore,Capesize,186087,1825,1722,2142,572.2,87.1,3.4,0.61,135.1,75.86,13.07
2021-01-01,Indonesia,Visakhapatnam,Coal,Supramax,56833,1825,1722,2142,572.2,87.1,3.4,0.73,124.1,75.86,12.85
2021-01-01,Indonesia,Visakhapatnam,Iron Ore,Supramax,58697,1825,1722,2142,572.2,87.1,3.8,0.55,121.8,75.86,17.43
2021-01-01,Indonesia,Paradip,Coal,Panamax,79259,1825,1722,2142,572.2,87.1,3.4,0.57,148.8,75.86,14.36
2021-01-01,Indonesia,Paradip,Iron Ore,Panamax,67805,1825,1722,2142,572.2,87.1,4.2,0.54,144.1,75.86,15.63
2021-01-01,Indonesia,Paradip,Coal,Capesize,190045,1825,1722,2142,572.2,87.1,3.5,0.57,133.1,75.86,13.37
2021-01-01,Indonesia,Paradip,Iron Ore,Capesize,166143,1825,1722,2142,572.2,87.1,2.8,0.54,134.2,75.86,13.24
2021-01-01,Indonesia,Paradip,Coal,Supramax,50941,1825,1722,2142,572.2,87.1,3.5,0.65,141.2,75.86,15.04
2021-01-01,Indonesia,Paradip,Iron Ore,Supramax,51512,1825,1722,2142,572.2,87.1,3.3,0.64,122.8,75.86,15.48
2021-02-01,Australia,Visakhapatnam,Coal,Panamax,72534,1884,1756,2176,599.9,78.0,4.5,0.62,145.6,75.91,42.63
2021-02-01,Australia,Visakhapatnam,Iron Ore,Panamax,67775,1884,1756,2176,599.9,78.0,3.6,0.68,150.0,75.91,43.06
2021-02-01,Australia,Visakhapatnam,Coal,Capesize,160682,1884,1756,2176,599.9,78.0,4.2,0.65,128.1,75.91,37.13
2021-02-01,Australia,Visakhapatnam,Iron Ore,Capesize,178236,1884,1756,2176,599.9,78.0,3.8,0.63,129.8,75.91,38.83
2021-02-01,Australia,Visakhapatnam,Coal,Supramax,52378,1884,1756,2176,599.9,78.0,3.9,0.6,133.4,75.91,48.14
2021-02-01,Australia,Visakhapatnam,Iron Ore,Supramax,59601,1884,1756,2176,599.9,78.0,3.9,0.59,145.5,75.91,50.48
2021-02-01,Australia,Paradip,Coal,Panamax,79565,1884,1756,2176,599.9,78.0,3.2,0.63,139.7,75.91,41.86
2021-02-01,Australia,Paradip,Iron Ore,Panamax,69337,1884,1756,2176,599.9,78.0,3.8,0.6,139.4,75.91,45.15
2021-02-01,Australia,Paradip,Coal,Capesize,159966,1884,1756,2176,599.9,78.0,4.1,0.6,128.4,75.91,37.37
2021-02-01,Australia,Paradip,Iron Ore,Capesize,173630,1884,1756,2176,599.9,78.0,3.3,0.59,131.8,75.91,39.96
2021-02-01,Australia,Paradip,Coal,Supramax,59035,1884,1756,2176,599.9,78.0,3.3,0.66,146.2,75.91,47.27
2021-02-01,Australia,Paradip,Iron Ore,Supramax,52412,1884,1756,2176,599.9,78.0,4.3,0.63,135.3,75.91,51.06
2021-02-01,Australia,Chennai,Coal,Panamax,74145,1884,1756,2176,599.9,78.0,3.8,0.62,126.2,75.91,40.95
2021-02-01,Australia,Chennai,Iron Ore,Panamax,79841,1884,1756,2176,599.9,78.0,4.3,0.61,129.9,75.91,43.66
2021-02-01,Australia,Chennai,Coal,Capesize,183046,1884,1756,2176,599.9,78.0,2.6,0.73,138.6,75.91,32.99
2021-02-01,Australia,Chennai,Iron Ore,Capesize,159318,1884,1756,2176,599.9,78.0,4.4,0.53,141.1,75.91,40.37
2021-02-01,Australia,Chennai,Coal,Supramax,54813,1884,1756,2176,599.9,78.0,3.7,0.66,125.5,75.91,45.23
2021-02-01,Australia,Chennai,Iron Ore,Supramax,54736,1884,1756,2176,599.9,78.0,3.6,0.66,129.4,75.91,48.11
2021-02-01,Indonesia,Visakhapatnam,Coal,Panamax,79201,1884,1756,2176,599.9,78.0,3.7,0.56,128.6,75.91,14.89
2021-02-01,Indonesia,Visakhapatnam,Iron Ore,Panamax,73198,1884,1756,2176,599.9,78.0,3.4,0.66,133.8,75.91,14.76
2021-02-01,Indonesia,Visakhapatnam,Coal,Capesize,175172,1884,1756,2176,599.9,78.0,4.7,0.57,127.4,75.91,16.0
2021-02-01,Indonesia,Visakhapatnam,Iron Ore,Capesize,184315,1884,1756,2176,599.9,78.0,3.9,0.59,123.8,75.91,14.54
2021-02-01,Indonesia,Visakhapatnam,Coal,Supramax,59773,1884,1756,2176,599.9,78.0,3.3,0.62,124.4,75.91,15.94
2021-02-01,Indonesia,Visakhapatnam,Iron Ore,Supramax,58241,1884,1756,2176,599.9,78.0,3.5,0.6,118.8,75.91,16.57
2021-02-01,Indonesia,Paradip,Coal,Panamax,69711,1884,1756,2176,599.9,78.0,3.2,0.64,133.0,75.91,13.74
2021-02-01,Indonesia,Paradip,Iron Ore,Panamax,81183,1884,1756,2176,599.9,78.0,4.2,0.67,134.8,75.91,15.61
2021-02-01,Indonesia,Paradip,Coal,Capesize,157825,1884,1756,2176,599.9,78.0,3.6,0.59,131.7,75.91,14.35
2021-02-01,Indonesia,Paradip,Iron Ore,Capesize,174070,1884,1756,2176,599.9,78.0,3.5,0.62,116.3,75.91,14.43
2021-02-01,Indonesia,Paradip,Coal,Supramax,58513,1884,1756,2176,599.9,78.0,4.1,0.61,126.3,75.91,18.09
2021-02-01,Indonesia,Paradip,Iron Ore,Supramax,58990,1884,1756,2176,599.9,78.0,3.0,0.66,133.5,75.91,16.35
2021-03-01,Australia,Visakhapatnam,Coal,Panamax,77549,2120,1984,2431,590.8,85.6,3.6,0.69,126.4,75.14,42.63
2021-03-01,Australia,Visakhapatnam,Iron Ore,Panamax,81958,2120,1984,2431,590.8,85.6,3.7,0.52,121.6,75.14,47.32
2021-03-01,Australia,Visakhapatnam,Coal,Capesize,168050,2120,1984,2431,590.8,85.6,3.7,0.62,140.7,75.14,39.0
2021-03-01,Australia,Visakhapatnam,Iron Ore,Capesize,159375,2120,1984,2431,590.8,85.6,3.9,0.59,142.8,75.14,42.58
2021-03-01,Australia,Visakhapatnam,Coal,Supramax,55493,2120,1984,2431,590.8,85.6,3.9,0.57,132.7,75.14,50.29
2021-03-01,Australia,Visakhapatnam,Iron Ore,Supramax,50357,2120,1984,2431,590.8,85.6,3.8,0.61,136.4,75.14,53.33
2021-03-01,Australia,Paradip,Coal,Panamax,72961,2120,1984,2431,590.8,85.6,3.8,0.57,132.1,75.14,44.88
2021-03-01,Australia,Paradip,Iron Ore,Panamax,80816,2120,1984,2431,590.8,85.6,3.4,0.65,119.2,75.14,46.17
2021-03-01,Australia,Paradip,Coal,Capesize,168114,2120,1984,2431,590.8,85.6,3.6,0.66,132.7,75.14,39.21
2021-03-01,Australia,Paradip,Iron Ore,Capesize,190712,2120,1984,2431,590.8,85.6,3.6,0.61,126.7,75.14,42.67
2021-03-01,Australia,Paradip,Coal,Supramax,50248,2120,1984,2431,590.8,85.6,3.9,0.54,147.6,75.14,51.98
2021-03-01,Australia,Paradip,Iron Ore,Supramax,55808,2120,1984,2431,590.8,85.6,3.6,0.6,126.2,75.14,54.03
2021-03-01,Australia,Chennai,Coal,Panamax,72784,2120,1984,2431,590.8,85.6,4.0,0.59,132.7,75.14,43.6
2021-03-01,Australia,Chennai,Iron Ore,Panamax,73444,2120,1984,2431,590.8,85.6,4.1,0.55,137.9,75.14,46.34
2021-03-01,Australia,Chennai,Coal,Capesize,173423,2120,1984,2431,590.8,85.6,3.8,0.69,118.5,75.14,37.08
2021-03-01,Australia,Chennai,Iron Ore,Capesize,158977,2120,1984,2431,590.8,85.6,4.5,0.57,131.1,75.14,41.57
2021-03-01,Australia,Chennai,Coal,Supramax,60334,2120,1984,2431,590.8,85.6,5.0,0.54,136.6,75.14,50.49
2021-03-01,Australia,Chennai,Iron Ore,Supramax,58845,2120,1984,2431,590.8,85.6,4.0,0.63,147.8,75.14,50.48
2021-03-01,Indonesia,Visakhapatnam,Coal,Panamax,70336,2120,1984,2431,590.8,85.6,2.9,0.64,154.1,75.14,13.98
2021-03-01,Indonesia,Visakhapatnam,Iron Ore,Panamax,76562,2120,1984,2431,590.8,85.6,3.9,0.63,126.3,75.14,15.86
2021-03-01,Indonesia,Visakhapatnam,Coal,Capesize,172584,2120,1984,2431,590.8,85.6,2.8,0.69,126.0,75.14,12.0
2021-03-01,Indonesia,Visakhapatnam,Iron Ore,Capesize,191655,2120,1984,2431,590.8,85.6,4.5,0.6,127.3,75.14,15.1
2021-03-01,Indonesia,Visakhapatnam,Coal,Supramax,58412,2120,1984,2431,590.8,85.6,3.6,0.56,131.6,75.14,17.54
2021-03-01,Indonesia,Visakhapatnam,Iron Ore,Supramax,52248,2120,1984,2431,590.8,85.6,3.1,0.66,135.0,75.14,16.77
2021-03-01,Indonesia,Paradip,Coal,Panamax,72954,2120,1984,2431,590.8,85.6,3.9,0.59,117.3,75.14,16.75
2021-03-01,Indonesia,Paradip,Iron Ore,Panamax,74200,2120,1984,2431,590.8,85.6,4.1,0.55,120.8,75.14,18.37
2021-03-01,Indonesia,Paradip,Coal,Capesize,168166,2120,1984,2431,590.8,85.6,4.1,0.58,155.9,75.14,14.63
2021-03-01,Indonesia,Paradip,Iron Ore,Capesize,172052,2120,1984,2431,590.8,85.6,3.4,0.66,125.2,75.14,14.58
2021-03-01,Indonesia,Paradip,Coal,Supramax,56801,2120,1984,2431,590.8,85.6,2.9,0.64,130.1,75.14,16.19
2021-03-01,Indonesia,Paradip,Iron Ore,Supramax,51814,2120,1984,2431,590.8,85.6,3.3,0.68,121.5,75.14,16.99
2021-04-01,Australia,Visakhapatnam,Coal,Panamax,75861,2161,2085,2464,588.3,80.8,3.9,0.57,142.7,75.98,46.76
2021-04-01,Australia,Visakhapatnam,Iron Ore,Panamax,74057,2161,2085,2464,588.3,80.8,4.0,0.55,133.3,75.98,49.69
2021-04-01,Australia,Visakhapatnam,Coal,Capesize,165382,2161,2085,2464,588.3,80.8,4.0,0.54,120.7,75.98,43.18
2021-04-01,Australia,Visakhapatnam,Iron Ore,Capesize,170390,2161,2085,2464,588.3,80.8,3.7,0.55,138.2,75.98,44.29
2021-04-01,Australia,Visakhapatnam,Coal,Supramax,56255,2161,2085,2464,588.3,80.8,3.2,0.58,136.1,75.98,53.26
2021-04-01,Australia,Visakhapatnam,Iron Ore,Supramax,54968,2161,2085,2464,588.3,80.8,4.1,0.58,112.5,75.98,56.71
2021-04-01,Australia,Paradip,Coal,Panamax,74091,2161,2085,2464,588.3,80.8,3.7,0.66,125.4,75.98,46.26
2021-04-01,Australia,Paradip,Iron Ore,Panamax,81921,2161,2085,2464,588.3,80.8,2.7,0.66,126.2,75.98,48.89
2021-04-01,Australia,Paradip,Coal,Capesize,169289,2161,2085,2464,588.3,80.8,4.2,0.61,130.6,75.98,41.95
2021-04-01,Australia,Paradip,Iron Ore,Capesize,180906,2161,2085,2464,588.3,80.8,4.2,0.6,129.3,75.98,44.94
2021-04-01,Australia,Paradip,Coal,Supramax,54064,2161,2085,2464,588.3,80.8,4.2,0.6,137.7,75.98,54.25
2021-04-01,Australia,Paradip,Iron Ore,Supramax,58526,2161,2085,2464,588.3,80.8,4.1,0.53,134.5,75.98,57.77
2021-04-01,Australia,Chennai,Coal,Panamax,75905,2161,2085,2464,588.3,80.8,3.3,0.61,133.3,75.98,43.79
2021-04-01,Australia,Chennai,Iron Ore,Panamax,75714,2161,2085,2464,588.3,80.8,3.4,0.68,143.4,75.98,47.03
2021-04-01,Australia,Chennai,Coal,Capesize,186915,2161,2085,2464,588.3,80.8,3.2,0.67,132.5,75.98,38.19
2021-04-01,Australia,Chennai,Iron Ore,Capesize,171278,2161,2085,2464,588.3,80.8,4.1,0.62,123.7,75.98,41.78
2021-04-01,Australia,Chennai,Coal,Supramax,58626,2161,2085,2464,588.3,80.8,3.8,0.61,126.8,75.98,51.7
2021-04-01,Australia,Chennai,Iron Ore,Supramax,54613,2161,2085,2464,588.3,80.8,3.8,0.62,146.4,75.98,53.71
2021-04-01,Indonesia,Visakhapatnam,Coal,Panamax,75428,2161,2085,2464,588.3,80.8,3.4,0.72,132.8,75.98,13.44
2021-04-01,Indonesia,Visakhapatnam,Iron Ore,Panamax,78309,2161,2085,2464,588.3,80.8,4.0,0.63,126.3,75.98,16.63
2021-04-01,Indonesia,Visakhapatnam,Coal,Capesize,162683,2161,2085,2464,588.3,80.8,4.1,0.6,138.0,75.98,13.93
2021-04-01,Indonesia,Visakhapatnam,Iron Ore,Capesize,182192,2161,2085,2464,588.3,80.8,3.8,0.56,136.1,75.98,15.84
2021-04-01,Indonesia,Visakhapatnam,Coal,Supramax,54091,2161,2085,2464,588.3,80.8,3.3,0.7,148.4,75.98,16.19
2021-04-01,Indonesia,Visakhapatnam,Iron Ore,Supramax,59342,2161,2085,2464,588.3,80.8,3.8,0.68,136.5,75.98,17.88
2021-04-01,Indonesia,Paradip,Coal,Panamax,72302,2161,2085,2464,588.3,80.8,3.3,0.66,139.4,75.98,15.4
2021-04-01,Indonesia,Paradip,Iron Ore,Panamax,70668,2161,2085,2464,588.3,80.8,3.3,0.66,120.5,75.98,16.56
2021-04-01,Indonesia,Paradip,Coal,Capesize,166084,2161,2085,2464,588.3,80.8,3.3,0.62,130.8,75.98,14.68
2021-04-01,Indonesia,Paradip,Iron Ore,Capesize,177305,2161,2085,2464,588.3,80.8,3.0,0.63,141.3,75.98,14.55
2021-04-01,Indonesia,Paradip,Coal,Supramax,59286,2161,2085,2464,588.3,80.8,3.9,0.57,149.9,75.98,19.11
2021-04-01,Indonesia,Paradip,Iron Ore,Supramax,56135,2161,2085,2464,588.3,80.8,4.1,0.59,131.9,75.98,20.47
2021-05-01,Australia,Visakhapatnam,Coal,Panamax,75218,2280,2231,2741,565.9,75.5,2.8,0.65,136.5,75.67,45.81
2021-05-01,Australia,Visakhapatnam,Iron Ore,Panamax,69711,2280,2231,2741,565.9,75.5,3.3,0.6,126.8,75.67,50.03
2021-05-01,Australia,Visakhapatnam,Coal,Capesize,174194,2280,2231,2741,565.9,75.5,3.8,0.64,140.1,75.67,42.28
2021-05-01,Australia,Visakhapatnam,Iron Ore,Capesize,175012,2280,2231,2741,565.9,75.5,3.4,0.64,142.9,75.67,44.03
2021-05-01,Australia,Visakhapatnam,Coal,Supramax,59080,2280,2231,2741,565.9,75.5,3.0,0.62,143.5,75.67,53.86
2021-05-01,Australia,Visakhapatnam,Iron Ore,Supramax,55305,2280,2231,2741,565.9,75.5,4.0,0.57,140.5,75.67,58.15
2021-05-01,Australia,Paradip,Coal,Panamax,76723,2280,2231,2741,565.9,75.5,4.6,0.6,132.9,75.67,49.4
2021-05-01,Australia,Paradip,Iron Ore,Panamax,72175,2280,2231,2741,565.9,75.5,3.1,0.65,138.6,75.67,50.19
2021-05-01,Australia,Paradip,Coal,Capesize,190259,2280,2231,2741,565.9,75.5,3.8,0.59,137.1,75.67,42.52
2021-05-01,Australia,Paradip,Iron Ore,Capesize,167204,2280,2231,2741,565.9,75.5,3.2,0.71,123.9,75.67,43.85
2021-05-01,Australia,Paradip,Coal,Supramax,55411,2280,2231,2741,565.9,75.5,3.0,0.71,144.9,75.67,53.15
2021-05-01,Australia,Paradip,Iron Ore,Supramax,59995,2280,2231,2741,565.9,75.5,3.0,0.63,126.4,75.67,57.24
2021-05-01,Australia,Chennai,Coal,Panamax,67580,2280,2231,2741,565.9,75.5,3.6,0.62,138.5,75.67,45.87
2021-05-01,Australia,Chennai,Iron Ore,Panamax,75635,2280,2231,2741,565.9,75.5,3.7,0.63,138.1,75.67,48.33
2021-05-01,Australia,Chennai,Coal,Capesize,189511,2280,2231,2741,565.9,75.5,3.0,0.66,134.4,75.67,39.29
2021-05-01,Australia,Chennai,Iron Ore,Capesize,163237,2280,2231,2741,565.9,75.5,3.7,0.57,133.9,75.67,43.42
2021-05-01,Australia,Chennai,Coal,Supramax,51384,2280,2231,2741,565.9,75.5,3.1,0.69,151.2,75.67,50.58
2021-05-01,Australia,Chennai,Iron Ore,Supramax,57069,2280,2231,2741,565.9,75.5,3.2,0.68,124.9,75.67,54.32
2021-05-01,Indonesia,Visakhapatnam,Coal,Panamax,71430,2280,2231,2741,565.9,75.5,3.4,0.59,139.1,75.67,15.27
2021-05-01,Indonesia,Visakhapatnam,Iron Ore,Panamax,78199,2280,2231,2741,565.9,75.5,3.7,0.57,130.9,75.67,16.6
2021-05-01,Indonesia,Visakhapatnam,Coal,Capesize,161103,2280,2231,2741,565.9,75.5,4.0,0.66,126.0,75.67,13.02
2021-05-01,Indonesia,Visakhapatnam,Iron Ore,Capesize,168855,2280,2231,2741,565.9,75.5,3.5,0.7,124.5,75.67,13.62
2021-05-01,Indonesia,Visakhapatnam,Coal,Supramax,54510,2280,2231,2741,565.9,75.5,3.9,0.58,132.9,75.67,18.47
2021-05-01,Indonesia,Visakhapatnam,Iron Ore,Supramax,51912,2280,2231,2741,565.9,75.5,2.6,0.67,143.1,75.67,17.49
2021-05-01,Indonesia,Paradip,Coal,Panamax,68067,2280,2231,2741,565.9,75.5,4.3,0.55,126.3,75.67,17.19
2021-05-01,Indonesia,Paradip,Iron Ore,Panamax,80318,2280,2231,2741,565.9,75.5,3.2,0.63,135.0,75.67,16.06
2021-05-01,Indonesia,Paradip,Coal,Capesize,166372,2280,2231,2741,565.9,75.5,3.4,0.6,133.2,75.67,13.84
2021-05-01,Indonesia,Paradip,Iron Ore,Capesize,182965,2280,2231,2741,565.9,75.5,2.7,0.7,122.0,75.67,12.47
2021-05-01,Indonesia,Paradip,Coal,Supramax,55667,2280,2231,2741,565.9,75.5,4.0,0.6,131.2,75.67,18.76
2021-05-01,Indonesia,Paradip,Iron Ore,Supramax,57110,2280,2231,2741,565.9,75.5,3.0,0.64,150.4,75.67,17.73
2021-06-01,Australia,Visakhapatnam,Coal,Panamax,69276,2416,2234,2500,635.1,83.1,3.4,0.68,132.3,75.6,49.63
2021-06-01,Australia,Visakhapatnam,Iron Ore,Panamax,73816,2416,2234,2500,635.1,83.1,3.6,0.65,132.2,75.6,51.67
2021-06-01,Australia,Visakhapatnam,Coal,Capesize,159436,2416,2234,2500,635.1,83.1,2.6,0.65,130.1,75.6,43.27
2021-06-01,Australia,Visakhapatnam,Iron Ore,Capesize,157795,2416,2234,2500,635.1,83.1,2.6,0.71,122.4,75.6,44.42
2021-06-01,Australia,Visakhapatnam,Coal,Supramax,56619,2416,2234,2500,635.1,83.1,4.1,0.67,123.2,75.6,57.29
2021-06-01,Australia,Visakhapatnam,Iron Ore,Supramax,53834,2416,2234,2500,635.1,83.1,4.1,0.52,128.5,75.6,62.11
2021-06-01,Australia,Paradip,Coal,Panamax,79524,2416,2234,2500,635.1,83.1,2.8,0.6,132.6,75.6,49.98
2021-06-01,Australia,Paradip,Iron Ore,Panamax,74856,2416,2234,2500,635.1,83.1,3.0,0.54,136.2,75.6,54.55
2021-06-01,Australia,Paradip,Coal,Capesize,166919,2416,2234,2500,635.1,83.1,3.4,0.62,121.1,75.6,45.31
2021-06-01,Australia,Paradip,Iron Ore,Capesize,171951,2416,2234,2500,635.1,83.1,3.0,0.7,140.9,75.6,46.12
2021-06-01,Australia,Paradip,Coal,Supramax,50751,2416,2234,2500,635.1,83.1,2.9,0.66,126.5,75.6,56.76
2021-06-01,Australia,Paradip,Iron Ore,Supramax,50375,2416,2234,2500,635.1,83.1,3.9,0.56,125.7,75.6,62.27
2021-06-01,Australia,Chennai,Coal,Panamax,76450,2416,2234,2500,635.1,83.1,3.0,0.67,136.8,75.6,47.73
2021-06-01,Australia,Chennai,Iron Ore,Panamax,76278,2416,2234,2500,635.1,83.1,2.7,0.63,132.7,75.6,49.99
2021-06-01,Australia,Chennai,Coal,Capesize,189044,2416,2234,2500,635.1,83.1,3.0,0.56,143.6,75.6,43.21
2021-06-01,Australia,Chennai,Iron Ore,Capesize,183010,2416,2234,2500,635.1,83.1,3.0,0.61,135.3,75.6,44.97
2021-06-01,Australia,Chennai,Coal,Supramax,59331,2416,2234,2500,635.1,83.1,3.1,0.66,127.7,75.6,54.34
2021-06-01,Australia,Chennai,Iron Ore,Supramax,49924,2416,2234,2500,635.1,83.1,4.0,0.62,130.3,75.6,58.74
2021-06-01,Indonesia,Visakhapatnam,Coal,Panamax,76474,2416,2234,2500,635.1,83.1,3.1,0.68,131.8,75.6,16.06
2021-06-01,Indonesia,Visakhapatnam,Iron Ore,Panamax,81087,2416,2234,2500,635.1,83.1,3.2,0.62,124.2,75.6,18.36
2021-06-01,Indonesia,Visakhapatnam,Coal,Capesize,183109,2416,2234,2500,635.1,83.1,2.7,0.67,133.4,75.6,14.81
2021-06-01,Indonesia,Visakhapatnam,Iron Ore,Capesize,165190,2416,2234,2500,635.1,83.1,2.8,0.69,137.8,75.6,14.81
2021-06-01,Indonesia,Visakhapatnam,Coal,Supramax,58214,2416,2234,2500,635.1,83.1,3.8,0.6,130.6,75.6,20.74
2021-06-01,Indonesia,Visakhapatnam,Iron Ore,Supramax,52963,2416,2234,2500,635.1,83.1,3.4,0.67,126.5,75.6,19.36
2021-06-01,Indonesia,Paradip,Coal,Panamax,81126,2416,2234,2500,635.1,83.1,3.1,0.62,130.7,75.6,17.37
2021-06-01,Indonesia,Paradip,Iron Ore,Panamax,81338,2416,2234,2500,635.1,83.1,3.3,0.61,127.6,75.6,19.18
2021-06-01,Indonesia,Paradip,Coal,Capesize,181772,2416,2234,2500,635.1,83.1,2.4,0.72,126.0,75.6,14.66
2021-06-01,Indonesia,Paradip,Iron Ore,Capesize,184528,2416,2234,2500,635.1,83.1,4.0,0.57,138.0,75.6,18.06
2021-06-01,Indonesia,Paradip,Coal,Supramax,54976,2416,2234,2500,635.1,83.1,4.1,0.58,140.2,75.6,21.35
2021-06-01,Indonesia,Paradip,Iron Ore,Supramax,53966,2416,2234,2500,635.1,83.1,3.4,0.65,121.1,75.6,20.57
2021-07-01,Australia,Visakhapatnam,Coal,Panamax,71570,2264,2266,2774,598.2,88.6,2.7,0.66,131.6,75.36,47.0
2021-07-01,Australia,Visakhapatnam,Iron Ore,Panamax,69011,2264,2266,2774,598.2,88.6,2.7,0.7,129.0,75.36,49.82
2021-07-01,Australia,Visakhapatnam,Coal,Capesize,185548,2264,2266,2774,598.2,88.6,2.8,0.66,132.8,75.36,41.72
2021-07-01,Australia,Visakhapatnam,Iron Ore,Capesize,176814,2264,2266,2774,598.2,88.6,2.2,0.65,131.6,75.36,43.05
2021-07-01,Australia,Visakhapatnam,Coal,Supramax,54440,2264,2266,2774,598.2,88.6,2.4,0.71,115.9,75.36,52.63
2021-07-01,Australia,Visakhapatnam,Iron Ore,Supramax,57044,2264,2266,2774,598.2,88.6,2.2,0.77,145.1,75.36,54.56
2021-07-01,Australia,Paradip,Coal,Panamax,73046,2264,2266,2774,598.2,88.6,2.7,0.69,143.6,75.36,47.98
2021-07-01,Australia,Paradip,Iron Ore,Panamax,69082,2264,2266,2774,598.2,88.6,2.1,0.69,129.6,75.36,49.3
2021-07-01,Australia,Paradip,Coal,Capesize,178005,2264,2266,2774,598.2,88.6,3.3,0.69,131.1,75.36,42.77
2021-07-01,Australia,Paradip,Iron Ore,Capesize,177966,2264,2266,2774,598.2,88.6,2.9,0.67,130.4,75.36,44.13
2021-07-01,Australia,Paradip,Coal,Supramax,51683,2264,2266,2774,598.2,88.6,2.7,0.66,136.0,75.36,55.01
2021-07-01,Australia,Paradip,Iron Ore,Supramax,52857,2264,2266,2774,598.2,88.6,3.6,0.62,132.5,75.36,59.59
2021-07-01,Australia,Chennai,Coal,Panamax,70075,2264,2266,2774,598.2,88.6,2.3,0.66,125.3,75.36,45.53
2021-07-01,Australia,Chennai,Iron Ore,Panamax,77324,2264,2266,2774,598.2,88.6,2.2,0.7,125.5,75.36,47.28
2021-07-01,Australia,Chennai,Coal,Capesize,191481,2264,2266,2774,598.2,88.6,2.8,0.68,136.7,75.36,40.69
2021-07-01,Australia,Chennai,Iron Ore,Capesize,191233,2264,2266,2774,598.2,88.6,3.5,0.59,131.3,75.36,44.04
2021-07-01,Australia,Chennai,Coal,Supramax,56593,2264,2266,2774,598.2,88.6,2.2,0.71,135.4,75.36,50.64
2021-07-01,Australia,Chennai,Iron Ore,Supramax,52274,2264,2266,2774,598.2,88.6,3.1,0.64,130.6,75.36,55.86
2021-07-01,Indonesia,Visakhapatnam,Coal,Panamax,78180,2264,2266,2774,598.2,88.6,3.4,0.64,128.1,75.36,16.14
2021-07-01,Indonesia,Visakhapatnam,Iron Ore,Panamax,74714,2264,2266,2774,598.2,88.6,2.3,0.62,130.8,75.36,15.64
2021-07-01,Indonesia,Visakhapatnam,Coal,Capesize,172767,2264,2266,2774,598.2,88.6,2.3,0.63,133.6,75.36,13.48
2021-07-01,Indonesia,Visakhapatnam,Iron Ore,Capesize,167945,2264,2266,2774,598.2,88.6,3.1,0.63,132.0,75.36,15.53
2021-07-01,Indonesia,Visakhapatnam,Coal,Supramax,49943,2264,2266,2774,598.2,88.6,2.3,0.72,138.8,75.36,15.44
2021-07-01,Indonesia,Visakhapatnam,Iron Ore,Supramax,53512,2264,2266,2774,598.2,88.6,2.7,0.64,132.8,75.36,18.44
2021-07-01,Indonesia,Paradip,Coal,Panamax,73166,2264,2266,2774,598.2,88.6,2.8,0.7,123.7,75.36,14.95
2021-07-01,Indonesia,Paradip,Iron Ore,Panamax,68488,2264,2266,2774,598.2,88.6,3.4,0.58,137.4,75.36,17.51
2021-07-01,Indonesia,Paradip,Coal,Capesize,180742,2264,2266,2774,598.2,88.6,2.7,0.62,131.2,75.36,14.86
2021-07-01,Indonesia,Paradip,Iron Ore,Capesize,163018,2264,2266,2774,598.2,88.6,2.7,0.65,131.3,75.36,14.77
2021-07-01,Indonesia,Paradip,Coal,Supramax,53674,2264,2266,2774,598.2,88.6,3.1,0.62,132.8,75.36,18.45
2021-07-01,Indonesia,Paradip,Iron Ore,Supramax,57567,2264,2266,2774,598.2,88.6,4.0,0.61,123.4,75.36,19.99
2021-08-01,Australia,Visakhapatnam,Coal,Panamax,79454,2194,2155,2599,555.4,79.8,3.0,0.75,130.7,75.77,42.25
2021-08-01,Australia,Visakhapatnam,Iron Ore,Panamax,79390,2194,2155,2599,555.4,79.8,2.3,0.69,147.1,75.77,45.81
2021-08-01,Australia,Visakhapatnam,Coal,Capesize,158354,2194,2155,2599,555.4,79.8,2.3,0.7,140.5,75.77,38.24
2021-08-01,Australia,Visakhapatnam,Iron Ore,Capesize,178180,2194,2155,2599,555.4,79.8,2.0,0.67,123.7,75.77,40.47
2021-08-01,Australia,Visakhapatnam,Coal,Supramax,50441,2194,2155,2599,555.4,79.8,3.1,0.64,142.6,75.77,51.08
2021-08-01,Australia,Visakhapatnam,Iron Ore,Supramax,57156,2194,2155,2599,555.4,79.8,2.9,0.63,142.9,75.77,53.18
2021-08-01,Australia,Paradip,Coal,Panamax,75309,2194,2155,2599,555.4,79.8,2.4,0.67,133.7,75.77,43.83
2021-08-01,Australia,Paradip,Iron Ore,Panamax,67896,2194,2155,2599,555.4,79.8,2.7,0.74,117.6,75.77,45.44
2021-08-01,Australia,Paradip,Coal,Capesize,172944,2194,2155,2599,555.4,79.8,2.5,0.71,141.5,75.77,38.52
2021-08-01,Australia,Paradip,Iron Ore,Capesize,164127,2194,2155,2599,555.4,79.8,2.9,0.66,128.9,75.77,41.83
2021-08-01,Australia,Paradip,Coal,Supramax,49811,2194,2155,2599,555.4,79.8,2.9,0.68,144.8,75.77,51.44
2021-08-01,Australia,Paradip,Iron Ore,Supramax,51863,2194,2155,2599,555.4,79.8,2.9,0.68,139.5,75.77,53.55
2021-08-01,Australia,Chennai,Coal,Panamax,74651,2194,2155,2599,555.4,79.8,2.5,0.64,134.7,75.77,41.49
2021-08-01,Australia,Chennai,Iron Ore,Panamax,78701,2194,2155,2599,555.4,79.8,2.1,0.76,138.4,75.77,42.88
2021-08-01,Australia,Chennai,Coal,Capesize,164712,2194,2155,2599,555.4,79.8,2.7,0.71,135.7,75.77,36.47
2021-08-01,Australia,Chennai,Iron Ore,Capesize,189108,2194,2155,2599,555.4,79.8,2.4,0.68,131.4,75.77,39.18
2021-08-01,Australia,Chennai,Coal,Supramax,58333,2194,2155,2599,555.4,79.8,2.6,0.72,138.0,75.77,48.32
2021-08-01,Australia,Chennai,Iron Ore,Supramax,54850,2194,2155,2599,555.4,79.8,3.2,0.63,138.1,75.77,52.38
2021-08-01,Indonesia,Visakhapatnam,Coal,Panamax,70196,2194,2155,2599,555.4,79.8,3.3,0.63,134.2,75.77,14.63
2021-08-01,Indonesia,Visakhapatnam,Iron Ore,Panamax,67992,2194,2155,2599,555.4,79.8,2.9,0.66,138.3,75.77,14.33
2021-08-01,Indonesia,Visakhapatnam,Coal,Capesize,164405,2194,2155,2599,555.4,79.8,3.5,0.61,133.8,75.77,13.55
2021-08-01,Indonesia,Visakhapatnam,Iron Ore,Capesize,163048,2194,2155,2599,555.4,79.8,2.2,0.65,127.3,75.77,12.09
2021-08-01,Indonesia,Visakhapatnam,Coal,Supramax,55188,2194,2155,2599,555.4,79.8,2.6,0.68,130.3,75.77,14.04
2021-08-01,Indonesia,Visakhapatnam,Iron Ore,Supramax,50744,2194,2155,2599,555.4,79.8,2.6,0.73,136.6,75.77,15.32
2021-08-01,Indonesia,Paradip,Coal,Panamax,76211,2194,2155,2599,555.4,79.8,2.6,0.62,144.3,75.77,13.99
2021-08-01,Indonesia,Paradip,Iron Ore,Panamax,73851,2194,2155,2599,555.4,79.8,2.2,0.68,135.7,75.77,13.25
2021-08-01,Indonesia,Paradip,Coal,Capesize,166527,2194,2155,2599,555.4,79.8,2.2,0.69,139.8,75.77,12.0
2021-08-01,Indonesia,Paradip,Iron Ore,Capesize,160656,2194,2155,2599,555.4,79.8,2.9,0.66,140.3,75.77,12.39
2021-08-01,Indonesia,Paradip,Coal,Supramax,55987,2194,2155,2599,555.4,79.8,2.4,0.69,138.0,75.77,15.4
2021-08-01,Indonesia,Paradip,Iron Ore,Supramax,59746,2194,2155,2599,555.4,79.8,3.1,0.64,132.5,75.77,17.44
2021-09-01,Australia,Visakhapatnam,Coal,Panamax,69502,2175,2179,2242,591.5,73.8,2.7,0.67,127.3,75.98,41.59
2021-09-01,Australia,Visakhapatnam,Iron Ore,Panamax,71304,2175,2179,2242,591.5,73.8,3.2,0.66,134.4,75.98,44.95
2021-09-01,Australia,Visakhapatnam,Coal,Capesize,164467,2175,2179,2242,591.5,73.8,2.4,0.65,126.4,75.98,37.42
2021-09-01,Australia,Visakhapatnam,Iron Ore,Capesize,158274,2175,2179,2242,591.5,73.8,2.3,0.69,130.0,75.98,38.43
2021-09-01,Australia,Visakhapatnam,Coal,Supramax,56694,2175,2179,2242,591.5,73.8,2.2,0.76,125.7,75.98,46.53
2021-09-01,Australia,Visakhapatnam,Iron Ore,Supramax,58945,2175,2179,2242,591.5,73.8,2.1,0.68,137.5,75.98,51.35
2021-09-01,Australia,Paradip,Coal,Panamax,77922,2175,2179,2242,591.5,73.8,2.7,0.65,126.5,75.98,43.47
2021-09-01,Australia,Paradip,Iron Ore,Panamax,73229,2175,2179,2242,591.5,73.8,2.9,0.65,135.5,75.98,45.6
2021-09-01,Australia,Paradip,Coal,Capesize,192346,2175,2179,2242,591.5,73.8,2.6,0.68,139.2,75.98,37.64
2021-09-01,Australia,Paradip,Iron Ore,Capesize,158034,2175,2179,2242,591.5,73.8,2.4,0.62,117.5,75.98,40.81
2021-09-01,Australia,Paradip,Coal,Supramax,59105,2175,2179,2242,591.5,73.8,2.3,0.65,122.5,75.98,49.08
2021-09-01,Australia,Paradip,Iron Ore,Supramax,60018,2175,2179,2242,591.5,73.8,2.4,0.69,143.0,75.98,52.05
2021-09-01,Australia,Chennai,Coal,Panamax,70973,2175,2179,2242,591.5,73.8,3.0,0.68,132.7,75.98,40.87
2021-09-01,Australia,Chennai,Iron Ore,Panamax,81578,2175,2179,2242,591.5,73.8,2.8,0.64,131.7,75.98,43.53
2021-09-01,Australia,Chennai,Coal,Capesize,172357,2175,2179,2242,591.5,73.8,2.6,0.68,128.4,75.98,35.82
2021-09-01,Australia,Chennai,Iron Ore,Capesize,167577,2175,2179,2242,591.5,73.8,2.2,0.65,138.7,75.98,38.41
2021-09-01,Australia,Chennai,Coal,Supramax,53012,2175,2179,2242,591.5,73.8,2.8,0.62,140.5,75.98,48.23
2021-09-01,Australia,Chennai,Iron Ore,Supramax,54168,2175,2179,2242,591.5,73.8,2.6,0.7,131.2,75.98,49.67
2021-09-01,Indonesia,Visakhapatnam,Coal,Panamax,74161,2175,2179,2242,591.5,73.8,2.5,0.63,129.2,75.98,13.91
2021-09-01,Indonesia,Visakhapatnam,Iron Ore,Panamax,67770,2175,2179,2242,591.5,73.8,2.9,0.7,138.3,75.98,14.05
2021-09-01,Indonesia,Visakhapatnam,Coal,Capesize,162268,2175,2179,2242,591.5,73.8,3.2,0.65,116.8,75.98,13.0
2021-09-01,Indonesia,Visakhapatnam,Iron Ore,Capesize,181096,2175,2179,2242,591.5,73.8,2.6,0.71,134.3,75.98,12.47
2021-09-01,Indonesia,Visakhapatnam,Coal,Supramax,58333,2175,2179,2242,591.5,73.8,2.8,0.71,135.2,75.98,13.77
2021-09-01,Indonesia,Visakhapatnam,Iron Ore,Supramax,54045,2175,2179,2242,591.5,73.8,2.0,0.64,134.5,75.98,15.59
2021-09-01,Indonesia,Paradip,Coal,Panamax,79080,2175,2179,2242,591.5,73.8,3.3,0.6,133.7,75.98,15.27
2021-09-01,Indonesia,Paradip,Iron Ore,Panamax,80727,2175,2179,2242,591.5,73.8,2.4,0.7,134.8,75.98,14.4
2021-09-01,Indonesia,Paradip,Coal,Capesize,171260,2175,2179,2242,591.5,73.8,3.8,0.57,118.8,75.98,14.77
2021-09-01,Indonesia,Paradip,Iron Ore,Capesize,159945,2175,2179,2242,591.5,73.8,2.0,0.67,137.8,75.98,12.47
2021-09-01,Indonesia,Paradip,Coal,Supramax,52469,2175,2179,2242,591.5,73.8,2.2,0.71,128.5,75.98,14.82
2021-09-01,Indonesia,Paradip,Iron Ore,Supramax,54673,2175,2179,2242,591.5,73.8,2.8,0.67,130.9,75.98,16.19
2021-10-01,Australia,Visakhapatnam,Coal,Panamax,75307,1990,1927,2450,599.2,86.6,2.8,0.73,115.5,75.82,39.64
2021-10-01,Australia,Visakhapatnam,Iron Ore,Panamax,69820,1990,1927,2450,599.2,86.6,2.3,0.76,138.2,75.82,41.08
2021-10-01,Australia,Visakhapatnam,Coal,Capesize,179908,1990,1927,2450,599.2,86.6,1.8,0.67,123.7,75.82,35.22
2021-10-01,Australia,Visakhapatnam,Iron Ore,Capesize,190763,1990,1927,2450,599.2,86.6,2.6,0.71,130.5,75.82,36.87
2021-10-01,Australia,Visakhapatnam,Coal,Supramax,52547,1990,1927,2450,599.2,86.6,3.2,0.64,133.0,75.82,46.67
2021-10-01,Australia,Visakhapatnam,Iron Ore,Supramax,51936,1990,1927,2450,599.2,86.6,2.5,0.71,141.4,75.82,48.31
2021-10-01,Australia,Paradip,Coal,Panamax,79505,1990,1927,2450,599.2,86.6,2.6,0.65,139.6,75.82,40.79
2021-10-01,Australia,Paradip,Iron Ore,Panamax,73875,1990,1927,2450,599.2,86.6,3.6,0.59,141.8,75.82,45.19
2021-10-01,Australia,Paradip,Coal,Capesize,172904,1990,1927,2450,599.2,86.6,2.3,0.65,113.7,75.82,36.8
2021-10-01,Australia,Paradip,Iron Ore,Capesize,171946,1990,1927,2450,599.2,86.6,2.8,0.64,127.5,75.82,38.51
2021-10-01,Australia,Paradip,Coal,Supramax,55408,1990,1927,2450,599.2,86.6,2.9,0.6,125.8,75.82,46.94
2021-10-01,Australia,Paradip,Iron Ore,Supramax,54033,1990,1927,2450,599.2,86.6,2.5,0.66,131.1,75.82,49.68
2021-10-01,Australia,Chennai,Coal,Panamax,78105,1990,1927,2450,599.2,86.6,2.7,0.65,148.4,75.82,40.03
2021-10-01,Australia,Chennai,Iron Ore,Panamax,70712,1990,1927,2450,599.2,86.6,2.5,0.65,132.4,75.82,40.88
2021-10-01,Australia,Chennai,Coal,Capesize,176180,1990,1927,2450,599.2,86.6,2.6,0.65,136.0,75.82,34.49
2021-10-01,Australia,Chennai,Iron Ore,Capesize,177992,1990,1927,2450,599.2,86.6,2.5,0.7,119.5,75.82,36.37
2021-10-01,Australia,Chennai,Coal,Supramax,54208,1990,1927,2450,599.2,86.6,2.4,0.67,127.4,75.82,44.06
2021-10-01,Australia,Chennai,Iron Ore,Supramax,56163,1990,1927,2450,599.2,86.6,2.2,0.73,132.6,75.82,45.69
2021-10-01,Indonesia,Visakhapatnam,Coal,Panamax,81418,1990,1927,2450,599.2,86.6,2.7,0.69,152.7,75.82,12.38
2021-10-01,Indonesia,Visakhapatnam,Iron Ore,Panamax,75066,1990,1927,2450,599.2,86.6,2.5,0.72,126.2,75.82,12.49
2021-10-01,Indonesia,Visakhapatnam,Coal,Capesize,185708,1990,1927,2450,599.2,86.6,2.7,0.73,133.7,75.82,12.0
2021-10-01,Indonesia,Visakhapatnam,Iron Ore,Capesize,187082,1990,1927,2450,599.2,86.6,3.1,0.6,140.1,75.82,13.57
2021-10-01,Indonesia,Visakhapatnam,Coal,Supramax,52945,1990,1927,2450,599.2,86.6,3.5,0.64,132.4,75.82,16.2
2021-10-01,Indonesia,Visakhapatnam,Iron Ore,Supramax,57468,1990,1927,2450,599.2,86.6,2.4,0.71,140.4,75.82,14.5
2021-10-01,Indonesia,Paradip,Coal,Panamax,70141,1990,1927,2450,599.2,86.6,2.1,0.68,121.7,75.82,12.56
2021-10-01,Indonesia,Paradip,Iron Ore,Panamax,82231,1990,1927,2450,599.2,86.6,2.3,0.72,114.9,75.82,12.86
2021-10-01,Indonesia,Paradip,Coal,Capesize,178477,1990,1927,2450,599.2,86.6,2.4,0.67,133.9,75.82,12.0
2021-10-01,Indonesia,Paradip,Iron Ore,Capesize,175165,1990,1927,2450,599.2,86.6,2.0,0.63,132.7,75.82,12.5
2021-10-01,Indonesia,Paradip,Coal,Supramax,60036,1990,1927,2450,599.2,86.6,2.2,0.71,126.8,75.82,14.08
2021-10-01,Indonesia,Paradip,Iron Ore,Supramax,54910,1990,1927,2450,599.2,86.6,2.5,0.7,123.9,75.82,15.22
2021-11-01,Australia,Visakhapatnam,Coal,Panamax,75843,1947,1808,2180,586.7,81.9,2.4,0.67,125.6,76.02,37.44
2021-11-01,Australia,Visakhapatnam,Iron Ore,Panamax,72584,1947,1808,2180,586.7,81.9,3.1,0.64,138.4,76.02,40.69
2021-11-01,Australia,Visakhapatnam,Coal,Capesize,174853,1947,1808,2180,586.7,81.9,3.3,0.59,123.8,76.02,36.35
2021-11-01,Australia,Visakhapatnam,Iron Ore,Capesize,159522,1947,1808,2180,586.7,81.9,2.7,0.68,138.2,76.02,35.59
2021-11-01,Australia,Visakhapatnam,Coal,Supramax,51006,1947,1808,2180,586.7,81.9,3.1,0.62,116.2,76.02,44.0
2021-11-01,Australia,Visakhapatnam,Iron Ore,Supramax,52340,1947,1808,2180,586.7,81.9,2.5,0.68,145.2,76.02,45.63
2021-11-01,Australia,Paradip,Coal,Panamax,73722,1947,1808,2180,586.7,81.9,3.0,0.65,139.5,76.02,39.36
2021-11-01,Australia,Paradip,Iron Ore,Panamax,72693,1947,1808,2180,586.7,81.9,2.8,0.65,141.3,76.02,41.08
2021-11-01,Australia,Paradip,Coal,Capesize,177696,1947,1808,2180,586.7,81.9,3.4,0.67,118.1,76.02,35.23
2021-11-01,Australia,Paradip,Iron Ore,Capesize,169015,1947,1808,2180,586.7,81.9,2.6,0.66,140.6,76.02,35.67
2021-11-01,Australia,Paradip,Coal,Supramax,57424,1947,1808,2180,586.7,81.9,2.3,0.66,124.5,76.02,43.26
2021-11-01,Australia,Paradip,Iron Ore,Supramax,55926,1947,1808,2180,586.7,81.9,3.2,0.64,132.5,76.02,47.31
2021-11-01,Australia,Chennai,Coal,Panamax,67785,1947,1808,2180,586.7,81.9,3.3,0.65,136.5,76.02,37.54
2021-11-01,Australia,Chennai,Iron Ore,Panamax,68173,1947,1808,2180,586.7,81.9,3.0,0.66,126.5,76.02,40.17
2021-11-01,Australia,Chennai,Coal,Capesize,164999,1947,1808,2180,586.7,81.9,2.9,0.69,124.0,76.02,32.54
2021-11-01,Australia,Chennai,Iron Ore,Capesize,186098,1947,1808,2180,586.7,81.9,2.9,0.63,133.4,76.02,36.21
2021-11-01,Australia,Chennai,Coal,Supramax,56639,1947,1808,2180,586.7,81.9,3.0,0.69,145.0,76.02,41.35
2021-11-01,Australia,Chennai,Iron Ore,Supramax,49547,1947,1808,2180,586.7,81.9,3.2,0.63,135.6,76.02,45.23
2021-11-01,Indonesia,Visakhapatnam,Coal,Panamax,76276,1947,1808,2180,586.7,81.9,2.8,0.64,122.5,76.02,12.43
2021-11-01,Indonesia,Visakhapatnam,Iron Ore,Panamax,77845,1947,1808,2180,586.7,81.9,2.7,0.66,140.5,76.02,12.68
2021-11-01,Indonesia,Visakhapatnam,Coal,Capesize,167036,1947,1808,2180,586.7,81.9,3.3,0.68,127.5,76.02,12.0
2021-11-01,Indonesia,Visakhapatnam,Iron Ore,Capesize,177750,1947,1808,2180,586.7,81.9,2.8,0.66,129.2,76.02,12.0
2021-11-01,Indonesia,Visakhapatnam,Coal,Supramax,56173,1947,1808,2180,586.7,81.9,3.2,0.63,138.2,76.02,15.0
2021-11-01,Indonesia,Visakhapatnam,Iron Ore,Supramax,60350,1947,1808,2180,586.7,81.9,3.5,0.68,139.5,76.02,15.79
2021-11-01,Indonesia,Paradip,Coal,Panamax,68757,1947,1808,2180,586.7,81.9,3.2,0.67,130.0,76.02,13.22
2021-11-01,Indonesia,Paradip,Iron Ore,Panamax,76062,1947,1808,2180,586.7,81.9,3.8,0.5,130.8,76.02,17.11
2021-11-01,Indonesia,Paradip,Coal,Capesize,163012,1947,1808,2180,586.7,81.9,2.7,0.67,141.6,76.02,12.0
2021-11-01,Indonesia,Paradip,Iron Ore,Capesize,165459,1947,1808,2180,586.7,81.9,3.5,0.69,132.1,76.02,12.41
2021-11-01,Indonesia,Paradip,Coal,Supramax,50468,1947,1808,2180,586.7,81.9,3.1,0.61,145.3,76.02,15.94
2021-11-01,Indonesia,Paradip,Iron Ore,Supramax,53790,1947,1808,2180,586.7,81.9,2.8,0.7,129.4,76.02,13.91
2021-12-01,Australia,Visakhapatnam,Coal,Panamax,77173,1899,1743,2146,565.6,86.5,3.2,0.64,122.3,75.68,37.1
2021-12-01,Australia,Visakhapatnam,Iron Ore,Panamax,75292,1899,1743,2146,565.6,86.5,3.3,0.68,128.9,75.68,39.5
2021-12-01,Australia,Visakhapatnam,Coal,Capesize,178217,1899,1743,2146,565.6,86.5,3.1,0.65,148.1,75.68,33.34
2021-12-01,Australia,Visakhapatnam,Iron Ore,Capesize,160287,1899,1743,2146,565.6,86.5,3.4,0.7,120.1,75.68,34.77
2021-12-01,Australia,Visakhapatnam,Coal,Supramax,56581,1899,1743,2146,565.6,86.5,3.8,0.53,142.1,75.68,44.59
2021-12-01,Australia,Visakhapatnam,Iron Ore,Supramax,55587,1899,1743,2146,565.6,86.5,3.7,0.59,142.8,75.68,47.05
2021-12-01,Australia,Paradip,Coal,Panamax,71282,1899,1743,2146,565.6,86.5,3.4,0.63,135.2,75.68,38.94
2021-12-01,Australia,Paradip,Iron Ore,Panamax,75223,1899,1743,2146,565.6,86.5,3.0,0.61,117.5,75.68,40.47
2021-12-01,Australia,Paradip,Coal,Capesize,179551,1899,1743,2146,565.6,86.5,3.2,0.68,128.7,75.68,33.9
2021-12-01,Australia,Paradip,Iron Ore,Capesize,177783,1899,1743,2146,565.6,86.5,2.7,0.63,132.0,75.68,36.51
2021-12-01,Australia,Paradip,Coal,Supramax,50641,1899,1743,2146,565.6,86.5,2.8,0.61,130.7,75.68,43.6
2021-12-01,Australia,Paradip,Iron Ore,Supramax,52861,1899,1743,2146,565.6,86.5,2.7,0.7,132.1,75.68,45.24
2021-12-01,Australia,Chennai,Coal,Panamax,82454,1899,1743,2146,565.6,86.5,2.3,0.7,124.7,75.68,34.89
2021-12-01,Australia,Chennai,Iron Ore,Panamax,79999,1899,1743,2146,565.6,86.5,2.5,0.64,125.3,75.68,38.46
2021-12-01,Australia,Chennai,Coal,Capesize,162585,1899,1743,2146,565.6,86.5,3.9,0.59,125.8,75.68,33.86
2021-12-01,Australia,Chennai,Iron Ore,Capesize,177496,1899,1743,2146,565.6,86.5,3.1,0.58,131.8,75.68,34.71
2021-12-01,Australia,Chennai,Coal,Supramax,49948,1899,1743,2146,565.6,86.5,3.2,0.67,134.0,75.68,41.71
2021-12-01,Australia,Chennai,Iron Ore,Supramax,51712,1899,1743,2146,565.6,86.5,3.5,0.56,126.8,75.68,45.08
2021-12-01,Indonesia,Visakhapatnam,Coal,Panamax,71300,1899,1743,2146,565.6,86.5,3.0,0.71,106.7,75.68,12.0
2021-12-01,Indonesia,Visakhapatnam,Iron Ore,Panamax,75257,1899,1743,2146,565.6,86.5,3.0,0.65,128.7,75.68,13.04
2021-12-01,Indonesia,Visakhapatnam,Coal,Capesize,182791,1899,1743,2146,565.6,86.5,3.7,0.59,138.0,75.68,12.33
2021-12-01,Indonesia,Visakhapatnam,Iron Ore,Capesize,183922,1899,1743,2146,565.6,86.5,3.0,0.61,116.2,75.68,12.0
2021-12-01,Indonesia,Visakhapatnam,Coal,Supramax,51984,1899,1743,2146,565.6,86.5,2.9,0.64,134.7,75.68,13.38
2021-12-01,Indonesia,Visakhapatnam,Iron Ore,Supramax,57223,1899,1743,2146,565.6,86.5,2.7,0.75,132.3,75.68,12.09
2021-12-01,Indonesia,Paradip,Coal,Panamax,81548,1899,1743,2146,565.6,86.5,3.6,0.62,128.6,75.68,13.13
2021-12-01,Indonesia,Paradip,Iron Ore,Panamax,78242,1899,1743,2146,565.6,86.5,3.7,0.54,127.4,75.68,15.5
2021-12-01,Indonesia,Paradip,Coal,Capesize,165292,1899,1743,2146,565.6,86.5,3.0,0.62,135.0,75.68,12.0
2021-12-01,Indonesia,Paradip,Iron Ore,Capesize,173636,1899,1743,2146,565.6,86.5,3.3,0.64,152.6,75.68,12.68
2021-12-01,Indonesia,Paradip,Coal,Supramax,59815,1899,1743,2146,565.6,86.5,3.1,0.57,133.8,75.68,15.12
2021-12-01,Indonesia,Paradip,Iron Ore,Supramax,60079,1899,1743,2146,565.6,86.5,4.0,0.58,130.6,75.68,16.82
2022-01-01,Australia,Visakhapatnam,Coal,Panamax,77414,2072,1758,2220,613.3,89.8,2.8,0.67,139.2,77.36,40.73
2022-01-01,Australia,Visakhapatnam,Iron Ore,Panamax,70475,2072,1758,2220,613.3,89.8,3.4,0.55,126.0,77.36,45.25
2022-01-01,Australia,Visakhapatnam,Coal,Capesize,169929,2072,1758,2220,613.3,89.8,3.5,0.65,132.3,77.36,37.14
2022-01-01,Australia,Visakhapatnam,Iron Ore,Capesize,174900,2072,1758,2220,613.3,89.8,2.9,0.59,153.2,77.36,39.65
2022-01-01,Australia,Visakhapatnam,Coal,Supramax,59759,2072,1758,2220,613.3,89.8,3.5,0.58,136.5,77.36,47.58
2022-01-01,Australia,Visakhapatnam,Iron Ore,Supramax,56517,2072,1758,2220,613.3,89.8,4.2,0.64,143.5,77.36,49.86
2022-01-01,Australia,Paradip,Coal,Panamax,71564,2072,1758,2220,613.3,89.8,3.2,0.69,134.9,77.36,40.9
2022-01-01,Australia,Paradip,Iron Ore,Panamax,70498,2072,1758,2220,613.3,89.8,3.1,0.61,135.5,77.36,43.97
2022-01-01,Australia,Paradip,Coal,Capesize,172526,2072,1758,2220,613.3,89.8,3.8,0.59,136.1,77.36,38.14
2022-01-01,Australia,Paradip,Iron Ore,Capesize,182731,2072,1758,2220,613.3,89.8,3.1,0.64,146.5,77.36,39.27
2022-01-01,Australia,Paradip,Coal,Supramax,56092,2072,1758,2220,613.3,89.8,3.8,0.68,136.3,77.36,47.41
2022-01-01,Australia,Paradip,Iron Ore,Supramax,57056,2072,1758,2220,613.3,89.8,3.8,0.61,137.0,77.36,50.43
2022-01-01,Australia,Chennai,Coal,Panamax,67851,2072,1758,2220,613.3,89.8,3.7,0.67,135.8,77.36,39.44
2022-01-01,Australia,Chennai,Iron Ore,Panamax,71495,2072,1758,2220,613.3,89.8,3.7,0.54,144.0,77.36,44.67
2022-01-01,Australia,Chennai,Coal,Capesize,174157,2072,1758,2220,613.3,89.8,3.9,0.6,148.5,77.36,36.22
2022-01-01,Australia,Chennai,Iron Ore,Capesize,161018,2072,1758,2220,613.3,89.8,4.2,0.58,136.4,77.36,38.95
2022-01-01,Australia,Chennai,Coal,Supramax,57184,2072,1758,2220,613.3,89.8,4.3,0.59,147.0,77.36,46.35
2022-01-01,Australia,Chennai,Iron Ore,Supramax,54452,2072,1758,2220,613.3,89.8,3.5,0.7,136.8,77.36,47.4
2022-01-01,Indonesia,Visakhapatnam,Coal,Panamax,71228,2072,1758,2220,613.3,89.8,3.2,0.6,138.0,77.36,14.56
2022-01-01,Indonesia,Visakhapatnam,Iron Ore,Panamax,70035,2072,1758,2220,613.3,89.8,3.9,0.58,127.8,77.36,15.94
2022-01-01,Indonesia,Visakhapatnam,Coal,Capesize,181558,2072,1758,2220,613.3,89.8,3.3,0.65,140.6,77.36,12.0
2022-01-01,Indonesia,Visakhapatnam,Iron Ore,Capesize,167304,2072,1758,2220,613.3,89.8,4.0,0.62,136.7,77.36,14.37
2022-01-01,Indonesia,Visakhapatnam,Coal,Supramax,56800,2072,1758,2220,613.3,89.8,3.3,0.61,138.8,77.36,15.5
2022-01-01,Indonesia,Visakhapatnam,Iron Ore,Supramax,55453,2072,1758,2220,613.3,89.8,4.1,0.57,127.0,77.36,17.87
2022-01-01,Indonesia,Paradip,Coal,Panamax,80194,2072,1758,2220,613.3,89.8,3.8,0.61,133.4,77.36,15.71
2022-01-01,Indonesia,Paradip,Iron Ore,Panamax,70822,2072,1758,2220,613.3,89.8,3.8,0.67,134.1,77.36,15.93
2022-01-01,Indonesia,Paradip,Coal,Capesize,190704,2072,1758,2220,613.3,89.8,4.7,0.6,156.0,77.36,15.73
2022-01-01,Indonesia,Paradip,Iron Ore,Capesize,175180,2072,1758,2220,613.3,89.8,3.4,0.61,146.7,77.36,14.51
2022-01-01,Indonesia,Paradip,Coal,Supramax,51312,2072,1758,2220,613.3,89.8,3.3,0.65,143.8,77.36,15.94
2022-01-01,Indonesia,Paradip,Iron Ore,Supramax,53546,2072,1758,2220,613.3,89.8,3.0,0.62,147.6,77.36,16.86
2022-02-01,Australia,Visakhapatnam,Coal,Panamax,70235,1952,1961,2264,635.6,91.8,3.8,0.6,127.5,78.05,45.29
2022-02-01,Australia,Visakhapatnam,Iron Ore,Panamax,78986,1952,1961,2264,635.6,91.8,3.5,0.58,141.8,78.05,47.27
2022-02-01,Australia,Visakhapatnam,Coal,Capesize,179643,1952,1961,2264,635.6,91.8,4.4,0.56,126.7,78.05,40.67
2022-02-01,Australia,Visakhapatnam,Iron Ore,Capesize,184160,1952,1961,2264,635.6,91.8,4.5,0.56,146.6,78.05,43.08
2022-02-01,Australia,Visakhapatnam,Coal,Supramax,50736,1952,1961,2264,635.6,91.8,3.9,0.62,144.5,78.05,50.36
2022-02-01,Australia,Visakhapatnam,Iron Ore,Supramax,51289,1952,1961,2264,635.6,91.8,4.1,0.58,141.3,78.05,53.83
2022-02-01,Australia,Paradip,Coal,Panamax,73788,1952,1961,2264,635.6,91.8,3.9,0.64,147.3,78.05,44.7
2022-02-01,Australia,Paradip,Iron Ore,Panamax,79583,1952,1961,2264,635.6,91.8,3.5,0.59,163.2,78.05,47.64
2022-02-01,Australia,Paradip,Coal,Capesize,159252,1952,1961,2264,635.6,91.8,3.9,0.66,132.0,78.05,39.83
2022-02-01,Australia,Paradip,Iron Ore,Capesize,167929,1952,1961,2264,635.6,91.8,4.0,0.56,144.9,78.05,43.09
2022-02-01,Australia,Paradip,Coal,Supramax,59537,1952,1961,2264,635.6,91.8,3.0,0.7,145.4,78.05,49.08
2022-02-01,Australia,Paradip,Iron Ore,Supramax,60484,1952,1961,2264,635.6,91.8,3.6,0.55,142.1,78.05,54.44
2022-02-01,Australia,Chennai,Coal,Panamax,74825,1952,1961,2264,635.6,91.8,4.0,0.57,136.8,78.05,43.75
2022-02-01,Australia,Chennai,Iron Ore,Panamax,73607,1952,1961,2264,635.6,91.8,3.9,0.54,130.1,78.05,46.26
2022-02-01,Australia,Chennai,Coal,Capesize,163008,1952,1961,2264,635.6,91.8,3.8,0.55,137.3,78.05,38.83
2022-02-01,Australia,Chennai,Iron Ore,Capesize,159980,1952,1961,2264,635.6,91.8,4.2,0.62,136.3,78.05,40.37
2022-02-01,Australia,Chennai,Coal,Supramax,59667,1952,1961,2264,635.6,91.8,3.1,0.67,151.1,78.05,48.5
2022-02-01,Australia,Chennai,Iron Ore,Supramax,58049,1952,1961,2264,635.6,91.8,4.6,0.62,141.5,78.05,51.93
2022-02-01,Indonesia,Visakhapatnam,Coal,Panamax,79843,1952,1961,2264,635.6,91.8,4.0,0.58,146.9,78.05,16.83
2022-02-01,Indonesia,Visakhapatnam,Iron Ore,Panamax,71945,1952,1961,2264,635.6,91.8,4.0,0.57,128.8,78.05,17.32
2022-02-01,Indonesia,Visakhapatnam,Coal,Capesize,174156,1952,1961,2264,635.6,91.8,3.4,0.66,132.1,78.05,13.41
2022-02-01,Indonesia,Visakhapatnam,Iron Ore,Capesize,179418,1952,1961,2264,635.6,91.8,3.3,0.68,132.7,78.05,13.42
2022-02-01,Indonesia,Visakhapatnam,Coal,Supramax,53682,1952,1961,2264,635.6,91.8,3.6,0.61,133.6,78.05,18.1
2022-02-01,Indonesia,Visakhapatnam,Iron Ore,Supramax,49716,1952,1961,2264,635.6,91.8,3.9,0.64,147.3,78.05,18.02
2022-02-01,Indonesia,Paradip,Coal,Panamax,74475,1952,1961,2264,635.6,91.8,3.7,0.69,119.0,78.05,15.75
2022-02-01,Indonesia,Paradip,Iron Ore,Panamax,69089,1952,1961,2264,635.6,91.8,4.0,0.62,134.1,78.05,17.86
2022-02-01,Indonesia,Paradip,Coal,Capesize,188973,1952,1961,2264,635.6,91.8,3.6,0.6,146.8,78.05,15.61
2022-02-01,Indonesia,Paradip,Iron Ore,Capesize,163771,1952,1961,2264,635.6,91.8,3.7,0.53,136.0,78.05,16.97
2022-02-01,Indonesia,Paradip,Coal,Supramax,60016,1952,1961,2264,635.6,91.8,3.5,0.71,114.8,78.05,16.91
2022-02-01,Indonesia,Paradip,Iron Ore,Supramax,59719,1952,1961,2264,635.6,91.8,3.8,0.55,140.2,78.05,20.95
2022-03-01,Australia,Visakhapatnam,Coal,Panamax,76856,2101,1920,2482,596.5,83.3,4.5,0.67,138.7,77.5,45.19
2022-03-01,Australia,Visakhapatnam,Iron Ore,Panamax,73432,2101,1920,2482,596.5,83.3,3.7,0.56,138.9,77.5,49.46
2022-03-01,Australia,Visakhapatnam,Coal,Capesize,160116,2101,1920,2482,596.5,83.3,4.2,0.53,138.4,77.5,42.25
2022-03-01,Australia,Visakhapatnam,Iron Ore,Capesize,187064,2101,1920,2482,596.5,83.3,4.2,0.59,135.5,77.5,43.67
2022-03-01,Australia,Visakhapatnam,Coal,Supramax,49871,2101,1920,2482,596.5,83.3,3.2,0.56,147.1,77.5,52.33
2022-03-01,Australia,Visakhapatnam,Iron Ore,Supramax,54659,2101,1920,2482,596.5,83.3,3.3,0.65,126.7,77.5,53.27
2022-03-01,Australia,Paradip,Coal,Panamax,69235,2101,1920,2482,596.5,83.3,3.5,0.61,141.9,77.5,46.02
2022-03-01,Australia,Paradip,Iron Ore,Panamax,76302,2101,1920,2482,596.5,83.3,4.4,0.63,152.4,77.5,49.09
2022-03-01,Australia,Paradip,Coal,Capesize,179229,2101,1920,2482,596.5,83.3,3.9,0.68,124.8,77.5,39.85
2022-03-01,Australia,Paradip,Iron Ore,Capesize,161083,2101,1920,2482,596.5,83.3,3.8,0.65,134.1,77.5,43.36
2022-03-01,Australia,Paradip,Coal,Supramax,50059,2101,1920,2482,596.5,83.3,3.2,0.6,144.8,77.5,52.64
2022-03-01,Australia,Paradip,Iron Ore,Supramax,50973,2101,1920,2482,596.5,83.3,3.5,0.59,127.9,77.5,55.68
2022-03-01,Australia,Chennai,Coal,Panamax,75153,2101,1920,2482,596.5,83.3,3.7,0.57,146.4,77.5,44.54
2022-03-01,Australia,Chennai,Iron Ore,Panamax,73132,2101,1920,2482,596.5,83.3,4.0,0.58,125.1,77.5,47.05
2022-03-01,Australia,Chennai,Coal,Capesize,158171,2101,1920,2482,596.5,83.3,2.9,0.66,132.5,77.5,37.4
2022-03-01,Australia,Chennai,Iron Ore,Capesize,184587,2101,1920,2482,596.5,83.3,3.6,0.64,138.0,77.5,40.84
2022-03-01,Australia,Chennai,Coal,Supramax,57196,2101,1920,2482,596.5,83.3,3.8,0.67,142.3,77.5,49.19
2022-03-01,Australia,Chennai,Iron Ore,Supramax,59826,2101,1920,2482,596.5,83.3,3.9,0.6,140.4,77.5,53.7
2022-03-01,Indonesia,Visakhapatnam,Coal,Panamax,73344,2101,1920,2482,596.5,83.3,3.5,0.65,131.0,77.5,14.95
2022-03-01,Indonesia,Visakhapatnam,Iron Ore,Panamax,80583,2101,1920,2482,596.5,83.3,3.5,0.68,144.6,77.5,14.61
2022-03-01,Indonesia,Visakhapatnam,Coal,Capesize,161200,2101,1920,2482,596.5,83.3,3.7,0.6,140.9,77.5,14.09
2022-03-01,Indonesia,Visakhapatnam,Iron Ore,Capesize,158256,2101,1920,2482,596.5,83.3,3.3,0.68,136.6,77.5,13.46
2022-03-01,Indonesia,Visakhapatnam,Coal,Supramax,53640,2101,1920,2482,596.5,83.3,3.9,0.46,130.5,77.5,19.63
2022-03-01,Indonesia,Visakhapatnam,Iron Ore,Supramax,51706,2101,1920,2482,596.5,83.3,4.2,0.62,156.5,77.5,18.96
2022-03-01,Indonesia,Paradip,Coal,Panamax,75291,2101,1920,2482,596.5,83.3,3.5,0.61,130.6,77.5,15.82
2022-03-01,Indonesia,Paradip,Iron Ore,Panamax,79758,2101,1920,2482,596.5,83.3,4.1,0.6,141.3,77.5,17.06
2022-03-01,Indonesia,Paradip,Coal,Capesize,159163,2101,1920,2482,596.5,83.3,3.2,0.66,145.6,77.5,13.32
2022-03-01,Indonesia,Paradip,Iron Ore,Capesize,181932,2101,1920,2482,596.5,83.3,4.1,0.56,135.1,77.5,17.08
2022-03-01,Indonesia,Paradip,Coal,Supramax,59928,2101,1920,2482,596.5,83.3,3.4,0.62,148.5,77.5,17.04
2022-03-01,Indonesia,Paradip,Iron Ore,Supramax,49763,2101,1920,2482,596.5,83.3,3.8,0.58,137.8,77.5,18.71
2022-04-01,Australia,Visakhapatnam,Coal,Panamax,73400,2359,2163,2422,652.9,82.6,4.2,0.58,136.5,77.28,50.89
2022-04-01,Australia,Visakhapatnam,Iron Ore,Panamax,78652,2359,2163,2422,652.9,82.6,3.6,0.67,124.8,77.28,51.7
2022-04-01,Australia,Visakhapatnam,Coal,Capesize,182547,2359,2163,2422,652.9,82.6,4.3,0.59,131.6,77.28,45.59
2022-04-01,Australia,Visakhapatnam,Iron Ore,Capesize,176921,2359,2163,2422,652.9,82.6,3.5,0.67,120.6,77.28,45.59
2022-04-01,Australia,Visakhapatnam,Coal,Supramax,54787,2359,2163,2422,652.9,82.6,3.9,0.6,130.3,77.28,56.51
2022-04-01,Australia,Visakhapatnam,Iron Ore,Supramax,57403,2359,2163,2422,652.9,82.6,3.1,0.65,130.8,77.28,58.27
2022-04-01,Australia,Paradip,Coal,Panamax,69574,2359,2163,2422,652.9,82.6,3.6,0.68,145.0,77.28,49.86
2022-04-01,Australia,Paradip,Iron Ore,Panamax,79244,2359,2163,2422,652.9,82.6,3.5,0.61,135.4,77.28,53.75
2022-04-01,Australia,Paradip,Coal,Capesize,157827,2359,2163,2422,652.9,82.6,4.0,0.66,145.3,77.28,44.15
2022-04-01,Australia,Paradip,Iron Ore,Capesize,168237,2359,2163,2422,652.9,82.6,3.3,0.67,145.1,77.28,46.62
2022-04-01,Australia,Paradip,Coal,Supramax,51938,2359,2163,2422,652.9,82.6,3.4,0.62,149.6,77.28,56.9
2022-04-01,Australia,Paradip,Iron Ore,Supramax,51115,2359,2163,2422,652.9,82.6,3.4,0.6,143.0,77.28,60.35
2022-04-01,Australia,Chennai,Coal,Panamax,82290,2359,2163,2422,652.9,82.6,3.6,0.64,147.4,77.28,48.2
2022-04-01,Australia,Chennai,Iron Ore,Panamax,73820,2359,2163,2422,652.9,82.6,3.9,0.58,128.9,77.28,51.4
2022-04-01,Australia,Chennai,Coal,Capesize,171468,2359,2163,2422,652.9,82.6,3.7,0.67,138.3,77.28,42.46
2022-04-01,Australia,Chennai,Iron Ore,Capesize,190326,2359,2163,2422,652.9,82.6,3.1,0.7,149.6,77.28,43.44
2022-04-01,Australia,Chennai,Coal,Supramax,52281,2359,2163,2422,652.9,82.6,4.3,0.6,133.8,77.28,55.52
2022-04-01,Australia,Chennai,Iron Ore,Supramax,55804,2359,2163,2422,652.9,82.6,3.6,0.62,137.8,77.28,56.91
2022-04-01,Indonesia,Visakhapatnam,Coal,Panamax,79273,2359,2163,2422,652.9,82.6,3.8,0.64,142.7,77.28,17.85
2022-04-01,Indonesia,Visakhapatnam,Iron Ore,Panamax,79345,2359,2163,2422,652.9,82.6,3.6,0.61,142.1,77.28,19.67
2022-04-01,Indonesia,Visakhapatnam,Coal,Capesize,161458,2359,2163,2422,652.9,82.6,4.0,0.66,137.2,77.28,16.4
2022-04-01,Indonesia,Visakhapatnam,Iron Ore,Capesize,173613,2359,2163,2422,652.9,82.6,3.5,0.66,143.4,77.28,17.18
2022-04-01,Indonesia,Visakhapatnam,Coal,Supramax,56963,2359,2163,2422,652.9,82.6,3.2,0.59,147.5,77.28,20.28
2022-04-01,Indonesia,Visakhapatnam,Iron Ore,Supramax,55402,2359,2163,2422,652.9,82.6,3.7,0.56,136.0,77.28,22.3
2022-04-01,Indonesia,Paradip,Coal,Panamax,69938,2359,2163,2422,652.9,82.6,4.0,0.65,144.1,77.28,18.46
2022-04-01,Indonesia,Paradip,Iron Ore,Panamax,82373,2359,2163,2422,652.9,82.6,4.0,0.57,139.7,77.28,20.57
2022-04-01,Indonesia,Paradip,Coal,Capesize,187179,2359,2163,2422,652.9,82.6,4.1,0.56,135.2,77.28,17.91
2022-04-01,Indonesia,Paradip,Iron Ore,Capesize,191551,2359,2163,2422,652.9,82.6,4.2,0.52,154.7,77.28,19.66
2022-04-01,Indonesia,Paradip,Coal,Supramax,50363,2359,2163,2422,652.9,82.6,3.8,0.59,136.5,77.28,21.65
2022-04-01,Indonesia,Paradip,Iron Ore,Supramax,55237,2359,2163,2422,652.9,82.6,3.0,0.68,138.6,77.28,20.1
2022-05-01,Australia,Visakhapatnam,Coal,Panamax,78309,2271,2271,2732,575.3,83.2,3.2,0.65,135.7,77.43,48.0
2022-05-01,Australia,Visakhapatnam,Iron Ore,Panamax,81542,2271,2271,2732,575.3,83.2,2.7,0.73,121.2,77.43,49.83
2022-05-01,Australia,Visakhapatnam,Coal,Capesize,163941,2271,2271,2732,575.3,83.2,3.6,0.61,137.9,77.43,43.65
2022-05-01,Australia,Visakhapatnam,Iron Ore,Capesize,161008,2271,2271,2732,575.3,83.2,3.9,0.57,144.8,77.43,47.21
2022-05-01,Australia,Visakhapatnam,Coal,Supramax,51136,2271,2271,2732,575.3,83.2,3.9,0.65,136.5,77.43,55.64
2022-05-01,Australia,Visakhapatnam,Iron Ore,Supramax,49502,2271,2271,2732,575.3,83.2,3.8,0.62,145.7,77.43,59.11
2022-05-01,Australia,Paradip,Coal,Panamax,74272,2271,2271,2732,575.3,83.2,3.8,0.6,138.7,77.43,49.84
2022-05-01,Australia,Paradip,Iron Ore,Panamax,76711,2271,2271,2732,575.3,83.2,2.8,0.64,139.2,77.43,51.96
2022-05-01,Australia,Paradip,Coal,Capesize,174047,2271,2271,2732,575.3,83.2,3.1,0.65,131.8,77.43,43.12
2022-05-01,Australia,Paradip,Iron Ore,Capesize,166372,2271,2271,2732,575.3,83.2,3.8,0.63,126.9,77.43,46.99
2022-05-01,Australia,Paradip,Coal,Supramax,55136,2271,2271,2732,575.3,83.2,3.0,0.62,114.2,77.43,56.45
2022-05-01,Australia,Paradip,Iron Ore,Supramax,53344,2271,2271,2732,575.3,83.2,3.1,0.71,131.5,77.43,58.09
2022-05-01,Australia,Chennai,Coal,Panamax,76321,2271,2271,2732,575.3,83.2,3.8,0.64,127.8,77.43,47.69
2022-05-01,Australia,Chennai,Iron Ore,Panamax,75981,2271,2271,2732,575.3,83.2,3.3,0.75,133.1,77.43,49.31
2022-05-01,Australia,Chennai,Coal,Capesize,159831,2271,2271,2732,575.3,83.2,3.3,0.65,132.3,77.43,41.64
2022-05-01,Australia,Chennai,Iron Ore,Capesize,186556,2271,2271,2732,575.3,83.2,3.5,0.6,136.5,77.43,44.16
2022-05-01,Australia,Chennai,Coal,Supramax,52932,2271,2271,2732,575.3,83.2,3.6,0.64,146.4,77.43,53.26
2022-05-01,Australia,Chennai,Iron Ore,Supramax,53076,2271,2271,2732,575.3,83.2,2.7,0.69,135.3,77.43,56.07
2022-05-01,Indonesia,Visakhapatnam,Coal,Panamax,73104,2271,2271,2732,575.3,83.2,4.0,0.6,126.3,77.43,16.49
2022-05-01,Indonesia,Visakhapatnam,Iron Ore,Panamax,80485,2271,2271,2732,575.3,83.2,3.1,0.63,132.8,77.43,17.25
2022-05-01,Indonesia,Visakhapatnam,Coal,Capesize,188512,2271,2271,2732,575.3,83.2,3.5,0.62,143.2,77.43,14.7
2022-05-01,Indonesia,Visakhapatnam,Iron Ore,Capesize,157992,2271,2271,2732,575.3,83.2,3.6,0.63,137.3,77.43,14.2
2022-05-01,Indonesia,Visakhapatnam,Coal,Supramax,59534,2271,2271,2732,575.3,83.2,3.4,0.61,131.5,77.43,18.2
2022-05-01,Indonesia,Visakhapatnam,Iron Ore,Supramax,53292,2271,2271,2732,575.3,83.2,3.6,0.65,139.4,77.43,18.83
2022-05-01,Indonesia,Paradip,Coal,Panamax,81329,2271,2271,2732,575.3,83.2,3.4,0.66,129.8,77.43,16.01
2022-05-01,Indonesia,Paradip,Iron Ore,Panamax,76790,2271,2271,2732,575.3,83.2,3.3,0.62,149.3,77.43,17.39
2022-05-01,Indonesia,Paradip,Coal,Capesize,175872,2271,2271,2732,575.3,83.2,3.4,0.69,135.5,77.43,14.22
2022-05-01,Indonesia,Paradip,Iron Ore,Capesize,168585,2271,2271,2732,575.3,83.2,2.4,0.63,138.2,77.43,15.21
2022-05-01,Indonesia,Paradip,Coal,Supramax,56993,2271,2271,2732,575.3,83.2,2.9,0.67,140.3,77.43,17.09
2022-05-01,Indonesia,Paradip,Iron Ore,Supramax,52840,2271,2271,2732,575.3,83.2,3.5,0.69,141.1,77.43,19.11
2022-06-01,Australia,Visakhapatnam,Coal,Panamax,78859,2391,2229,2893,654.0,86.4,3.2,0.63,132.0,78.56,52.34
2022-06-01,Australia,Visakhapatnam,Iron Ore,Panamax,80205,2391,2229,2893,654.0,86.4,2.9,0.63,133.8,78.56,53.81
2022-06-01,Australia,Visakhapatnam,Coal,Capesize,165942,2391,2229,2893,654.0,86.4,3.0,0.7,149.8,78.56,45.18
2022-06-01,Australia,Visakhapatnam,Iron Ore,Capesize,165291,2391,2229,2893,654.0,86.4,3.3,0.64,147.1,78.56,48.09
2022-06-01,Australia,Visakhapatnam,Coal,Supramax,52391,2391,2229,2893,654.0,86.4,3.2,0.57,129.6,78.56,59.34
2022-06-01,Australia,Visakhapatnam,Iron Ore,Supramax,57797,2391,2229,2893,654.0,86.4,2.8,0.66,130.6,78.56,61.26
2022-06-01,Australia,Paradip,Coal,Panamax,76511,2391,2229,2893,654.0,86.4,3.3,0.66,146.7,78.56,52.09
2022-06-01,Australia,Paradip,Iron Ore,Panamax,67717,2391,2229,2893,654.0,86.4,3.4,0.58,132.5,78.56,56.14
2022-06-01,Australia,Paradip,Coal,Capesize,158614,2391,2229,2893,654.0,86.4,3.3,0.6,150.2,78.56,48.07
2022-06-01,Australia,Paradip,Iron Ore,Capesize,184793,2391,2229,2893,654.0,86.4,3.5,0.62,150.2,78.56,49.1
2022-06-01,Australia,Paradip,Coal,Supramax,59275,2391,2229,2893,654.0,86.4,3.2,0.7,134.5,78.56,59.0
2022-06-01,Australia,Paradip,Iron Ore,Supramax,52049,2391,2229,2893,654.0,86.4,2.9,0.62,125.5,78.56,62.56
2022-06-01,Australia,Chennai,Coal,Panamax,81232,2391,2229,2893,654.0,86.4,4.0,0.64,117.9,78.56,50.51
2022-06-01,Australia,Chennai,Iron Ore,Panamax,74364,2391,2229,2893,654.0,86.4,3.1,0.61,136.8,78.56,52.25
2022-06-01,Australia,Chennai,Coal,Capesize,163951,2391,2229,2893,654.0,86.4,2.7,0.67,124.0,78.56,43.81
2022-06-01,Australia,Chennai,Iron Ore,Capesize,173967,2391,2229,2893,654.0,86.4,4.0,0.56,144.3,78.56,49.28
2022-06-01,Australia,Chennai,Coal,Supramax,58840,2391,2229,2893,654.0,86.4,2.6,0.62,136.3,78.56,57.52
2022-06-01,Australia,Chennai,Iron Ore,Supramax,52813,2391,2229,2893,654.0,86.4,3.2,0.64,139.7,78.56,59.59
2022-06-01,Indonesia,Visakhapatnam,Coal,Panamax,75319,2391,2229,2893,654.0,86.4,3.6,0.65,132.0,78.56,18.07
2022-06-01,Indonesia,Visakhapatnam,Iron Ore,Panamax,70577,2391,2229,2893,654.0,86.4,3.0,0.62,129.7,78.56,18.87
2022-06-01,Indonesia,Visakhapatnam,Coal,Capesize,191659,2391,2229,2893,654.0,86.4,3.0,0.67,137.6,78.56,15.84
2022-06-01,Indonesia,Visakhapatnam,Iron Ore,Capesize,184942,2391,2229,2893,654.0,86.4,2.9,0.64,143.9,78.56,17.06
2022-06-01,Indonesia,Visakhapatnam,Coal,Supramax,56968,2391,2229,2893,654.0,86.4,2.6,0.71,129.9,78.56,18.7
2022-06-01,Indonesia,Visakhapatnam,Iron Ore,Supramax,52379,2391,2229,2893,654.0,86.4,3.9,0.62,132.2,78.56,22.18
2022-06-01,Indonesia,Paradip,Coal,Panamax,79493,2391,2229,2893,654.0,86.4,2.4,0.69,136.3,78.56,17.86
2022-06-01,Indonesia,Paradip,Iron Ore,Panamax,71618,2391,2229,2893,654.0,86.4,3.8,0.63,144.8,78.56,20.08
2022-06-01,Indonesia,Paradip,Coal,Capesize,166834,2391,2229,2893,654.0,86.4,2.6,0.68,121.1,78.56,15.92
2022-06-01,Indonesia,Paradip,Iron Ore,Capesize,175048,2391,2229,2893,654.0,86.4,3.5,0.62,137.3,78.56,18.31
2022-06-01,Indonesia,Paradip,Coal,Supramax,58553,2391,2229,2893,654.0,86.4,3.7,0.66,140.5,78.56,21.1
2022-06-01,Indonesia,Paradip,Iron Ore,Supramax,54464,2391,2229,2893,654.0,86.4,3.2,0.62,124.1,78.56,21.79
2022-07-01,Australia,Visakhapatnam,Coal,Panamax,81382,1669,1560,2009,600.4,82.2,2.5,0.63,108.9,77.87,36.24
2022-07-01,Australia,Visakhapatnam,Iron Ore,Panamax,69655,1669,1560,2009,600.4,82.2,2.8,0.65,124.9,77.87,38.45
2022-07-01,Australia,Visakhapatnam,Coal,Capesize,174441,1669,1560,2009,600.4,82.2,2.8,0.69,132.1,77.87,31.59
2022-07-01,Australia,Visakhapatnam,Iron Ore,Capesize,192427,1669,1560,2009,600.4,82.2,2.7,0.69,121.4,77.87,33.86
2022-07-01,Australia,Visakhapatnam,Coal,Supramax,59490,1669,1560,2009,600.4,82.2,3.3,0.63,121.5,77.87,42.67
2022-07-01,Australia,Visakhapatnam,Iron Ore,Supramax,51958,1669,1560,2009,600.4,82.2,2.9,0.68,108.5,77.87,44.92
2022-07-01,Australia,Paradip,Coal,Panamax,81834,1669,1560,2009,600.4,82.2,2.5,0.73,110.1,77.87,36.04
2022-07-01,Australia,Paradip,Iron Ore,Panamax,80586,1669,1560,2009,600.4,82.2,2.7,0.64,122.6,77.87,38.78
2022-07-01,Australia,Paradip,Coal,Capesize,163324,1669,1560,2009,600.4,82.2,3.2,0.74,125.1,77.87,31.97
2022-07-01,Australia,Paradip,Iron Ore,Capesize,187558,1669,1560,2009,600.4,82.2,2.6,0.73,108.5,77.87,33.25
2022-07-01,Australia,Paradip,Coal,Supramax,59455,1669,1560,2009,600.4,82.2,3.0,0.64,126.5,77.87,42.49
2022-07-01,Australia,Paradip,Iron Ore,Supramax,54863,1669,1560,2009,600.4,82.2,2.7,0.58,123.3,77.87,46.09
2022-07-01,Australia,Chennai,Coal,Panamax,79292,1669,1560,2009,600.4,82.2,3.6,0.68,117.0,77.87,35.85
2022-07-01,Australia,Chennai,Iron Ore,Panamax,80816,1669,1560,2009,600.4,82.2,2.6,0.69,130.0,77.87,37.02
2022-07-01,Australia,Chennai,Coal,Capesize,170275,1669,1560,2009,600.4,82.2,2.7,0.74,135.8,77.87,30.94
2022-07-01,Australia,Chennai,Iron Ore,Capesize,174772,1669,1560,2009,600.4,82.2,2.9,0.72,123.8,77.87,32.52
2022-07-01,Australia,Chennai,Coal,Supramax,58174,1669,1560,2009,600.4,82.2,2.9,0.63,127.5,77.87,41.22
2022-07-01,Australia,Chennai,Iron Ore,Supramax,60231,1669,1560,2009,600.4,82.2,2.5,0.74,120.5,77.87,41.26
2022-07-01,Indonesia,Visakhapatnam,Coal,Panamax,68268,1669,1560,2009,600.4,82.2,2.9,0.72,128.1,77.87,12.28
2022-07-01,Indonesia,Visakhapatnam,Iron Ore,Panamax,74877,1669,1560,2009,600.4,82.2,2.9,0.75,123.3,77.87,12.5
2022-07-01,Indonesia,Visakhapatnam,Coal,Capesize,191554,1669,1560,2009,600.4,82.2,2.7,0.66,119.8,77.87,12.0
2022-07-01,Indonesia,Visakhapatnam,Iron Ore,Capesize,162889,1669,1560,2009,600.4,82.2,2.7,0.67,136.8,77.87,12.0
2022-07-01,Indonesia,Visakhapatnam,Coal,Supramax,59817,1669,1560,2009,600.4,82.2,3.1,0.7,116.7,77.87,12.97
2022-07-01,Indonesia,Visakhapatnam,Iron Ore,Supramax,55652,1669,1560,2009,600.4,82.2,3.1,0.71,121.8,77.87,13.58
2022-07-01,Indonesia,Paradip,Coal,Panamax,79214,1669,1560,2009,600.4,82.2,2.8,0.64,109.8,77.87,13.33
2022-07-01,Indonesia,Paradip,Iron Ore,Panamax,68743,1669,1560,2009,600.4,82.2,2.7,0.73,121.0,77.87,12.31
2022-07-01,Indonesia,Paradip,Coal,Capesize,167550,1669,1560,2009,600.4,82.2,2.7,0.78,121.0,77.87,12.0
2022-07-01,Indonesia,Paradip,Iron Ore,Capesize,184084,1669,1560,2009,600.4,82.2,1.7,0.75,133.4,77.87,12.0
2022-07-01,Indonesia,Paradip,Coal,Supramax,54735,1669,1560,2009,600.4,82.2,3.3,0.63,135.9,77.87,14.66
2022-07-01,Indonesia,Paradip,Iron Ore,Supramax,55263,1669,1560,2009,600.4,82.2,2.2,0.71,121.8,77.87,13.68
2022-08-01,Australia,Visakhapatnam,Coal,Panamax,79588,1961,1678,1892,562.9,70.3,2.7,0.75,132.0,77.29,32.77
2022-08-01,Australia,Visakhapatnam,Iron Ore,Panamax,68250,1961,1678,1892,562.9,70.3,2.8,0.66,109.0,77.29,35.77
2022-08-01,Australia,Visakhapatnam,Coal,Capesize,184431,1961,1678,1892,562.9,70.3,1.8,0.73,129.7,77.29,27.83
2022-08-01,Australia,Visakhapatnam,Iron Ore,Capesize,157815,1961,1678,1892,562.9,70.3,2.7,0.72,113.9,77.29,30.58
2022-08-01,Australia,Visakhapatnam,Coal,Supramax,55314,1961,1678,1892,562.9,70.3,2.5,0.69,114.0,77.29,38.42
2022-08-01,Australia,Visakhapatnam,Iron Ore,Supramax,54249,1961,1678,1892,562.9,70.3,2.0,0.76,131.2,77.29,38.88
2022-08-01,Australia,Paradip,Coal,Panamax,69323,1961,1678,1892,562.9,70.3,3.0,0.56,115.0,77.29,36.5
2022-08-01,Australia,Paradip,Iron Ore,Panamax,74911,1961,1678,1892,562.9,70.3,1.9,0.76,139.0,77.29,34.07
2022-08-01,Australia,Paradip,Coal,Capesize,176196,1961,1678,1892,562.9,70.3,3.0,0.77,130.1,77.29,29.6
2022-08-01,Australia,Paradip,Iron Ore,Capesize,184248,1961,1678,1892,562.9,70.3,3.0,0.69,107.5,77.29,31.46
2022-08-01,Australia,Paradip,Coal,Supramax,59984,1961,1678,1892,562.9,70.3,2.4,0.72,129.7,77.29,38.69
2022-08-01,Australia,Paradip,Iron Ore,Supramax,50493,1961,1678,1892,562.9,70.3,2.7,0.67,108.3,77.29,41.31
2022-08-01,Australia,Chennai,Coal,Panamax,78569,1961,1678,1892,562.9,70.3,2.3,0.82,124.9,77.29,29.98
2022-08-01,Australia,Chennai,Iron Ore,Panamax,80481,1961,1678,1892,562.9,70.3,2.8,0.7,127.4,77.29,34.28
2022-08-01,Australia,Chennai,Coal,Capesize,177650,1961,1678,1892,562.9,70.3,2.4,0.69,106.9,77.29,27.88
2022-08-01,Australia,Chennai,Iron Ore,Capesize,187540,1961,1678,1892,562.9,70.3,3.3,0.69,115.2,77.29,30.86
2022-08-01,Australia,Chennai,Coal,Supramax,58853,1961,1678,1892,562.9,70.3,2.6,0.69,123.5,77.29,37.1
2022-08-01,Australia,Chennai,Iron Ore,Supramax,58799,1961,1678,1892,562.9,70.3,3.0,0.68,137.1,77.29,40.32
2022-08-01,Indonesia,Visakhapatnam,Coal,Panamax,73647,1961,1678,1892,562.9,70.3,2.3,0.66,124.2,77.29,12.0
2022-08-01,Indonesia,Visakhapatnam,Iron Ore,Panamax,72326,1961,1678,1892,562.9,70.3,2.7,0.71,134.2,77.29,12.0
2022-08-01,Indonesia,Visakhapatnam,Coal,Capesize,171820,1961,1678,1892,562.9,70.3,2.5,0.72,127.7,77.29,12.0
2022-08-01,Indonesia,Visakhapatnam,Iron Ore,Capesize,178834,1961,1678,1892,562.9,70.3,2.9,0.67,126.5,77.29,12.0
2022-08-01,Indonesia,Visakhapatnam,Coal,Supramax,56774,1961,1678,1892,562.9,70.3,2.7,0.66,118.5,77.29,12.0
2022-08-01,Indonesia,Visakhapatnam,Iron Ore,Supramax,59083,1961,1678,1892,562.9,70.3,2.6,0.73,127.7,77.29,12.0
2022-08-01,Indonesia,Paradip,Coal,Panamax,69600,1961,1678,1892,562.9,70.3,2.9,0.7,136.0,77.29,12.0
2022-08-01,Indonesia,Paradip,Iron Ore,Panamax,80614,1961,1678,1892,562.9,70.3,2.2,0.66,129.2,77.29,12.0
2022-08-01,Indonesia,Paradip,Coal,Capesize,179016,1961,1678,1892,562.9,70.3,2.6,0.69,112.1,77.29,12.0
2022-08-01,Indonesia,Paradip,Iron Ore,Capesize,175864,1961,1678,1892,562.9,70.3,3.1,0.69,111.3,77.29,12.0
2022-08-01,Indonesia,Paradip,Coal,Supramax,53504,1961,1678,1892,562.9,70.3,3.3,0.68,118.3,77.29,12.18
2022-08-01,Indonesia,Paradip,Iron Ore,Supramax,52420,1961,1678,1892,562.9,70.3,2.7,0.72,129.5,77.29,12.62
2022-09-01,Australia,Visakhapatnam,Coal,Panamax,74191,1670,1550,1891,583.2,78.7,2.9,0.68,133.8,78.17,31.68
2022-09-01,Australia,Visakhapatnam,Iron Ore,Panamax,69587,1670,1550,1891,583.2,78.7,2.1,0.83,140.0,78.17,31.17
2022-09-01,Australia,Visakhapatnam,Coal,Capesize,164660,1670,1550,1891,583.2,78.7,2.4,0.72,122.5,78.17,27.96
2022-09-01,Australia,Visakhapatnam,Iron Ore,Capesize,167484,1670,1550,1891,583.2,78.7,2.8,0.7,113.4,78.17,30.36
2022-09-01,Australia,Visakhapatnam,Coal,Supramax,54333,1670,1550,1891,583.2,78.7,2.8,0.69,129.6,78.17,36.68
2022-09-01,Australia,Visakhapatnam,Iron Ore,Supramax,50251,1670,1550,1891,583.2,78.7,2.4,0.64,129.5,78.17,39.17
2022-09-01,Australia,Paradip,Coal,Panamax,78410,1670,1550,1891,583.2,78.7,2.7,0.7,122.8,78.17,32.88
2022-09-01,Australia,Paradip,Iron Ore,Panamax,82230,1670,1550,1891,583.2,78.7,2.1,0.71,113.2,78.17,33.82
2022-09-01,Australia,Paradip,Coal,Capesize,180676,1670,1550,1891,583.2,78.7,2.7,0.66,128.3,78.17,30.34
2022-09-01,Australia,Paradip,Iron Ore,Capesize,184172,1670,1550,1891,583.2,78.7,2.7,0.66,125.2,78.17,31.07
2022-09-01,Australia,Paradip,Coal,Supramax,55099,1670,1550,1891,583.2,78.7,2.2,0.7,114.2,78.17,37.26
2022-09-01,Australia,Paradip,Iron Ore,Supramax,54513,1670,1550,1891,583.2,78.7,2.7,0.72,110.0,78.17,38.74
2022-09-01,Australia,Chennai,Coal,Panamax,78848,1670,1550,1891,583.2,78.7,2.8,0.65,130.9,78.17,31.82
2022-09-01,Australia,Chennai,Iron Ore,Panamax,74796,1670,1550,1891,583.2,78.7,2.0,0.78,128.2,78.17,31.0
2022-09-01,Australia,Chennai,Coal,Capesize,165514,1670,1550,1891,583.2,78.7,2.3,0.69,126.8,78.17,27.16
2022-09-01,Australia,Chennai,Iron Ore,Capesize,187871,1670,1550,1891,583.2,78.7,1.6,0.81,131.0,78.17,26.79
2022-09-01,Australia,Chennai,Coal,Supramax,55635,1670,1550,1891,583.2,78.7,2.5,0.7,138.3,78.17,34.98
2022-09-01,Australia,Chennai,Iron Ore,Supramax,57755,1670,1550,1891,583.2,78.7,2.2,0.74,114.3,78.17,36.97
2022-09-01,Indonesia,Visakhapatnam,Coal,Panamax,78075,1670,1550,1891,583.2,78.7,3.1,0.64,122.1,78.17,12.0
2022-09-01,Indonesia,Visakhapatnam,Iron Ore,Panamax,72803,1670,1550,1891,583.2,78.7,2.9,0.66,132.6,78.17,12.06
2022-09-01,Indonesia,Visakhapatnam,Coal,Capesize,172679,1670,1550,1891,583.2,78.7,3.6,0.63,138.2,78.17,12.0
2022-09-01,Indonesia,Visakhapatnam,Iron Ore,Capesize,164586,1670,1550,1891,583.2,78.7,2.4,0.68,129.2,78.17,12.0
2022-09-01,Indonesia,Visakhapatnam,Coal,Supramax,57446,1670,1550,1891,583.2,78.7,2.6,0.72,124.9,78.17,12.0
2022-09-01,Indonesia,Visakhapatnam,Iron Ore,Supramax,50937,1670,1550,1891,583.2,78.7,3.1,0.65,131.3,78.17,12.86
2022-09-01,Indonesia,Paradip,Coal,Panamax,78954,1670,1550,1891,583.2,78.7,2.4,0.67,109.0,78.17,12.0
2022-09-01,Indonesia,Paradip,Iron Ore,Panamax,73086,1670,1550,1891,583.2,78.7,2.5,0.68,120.9,78.17,12.0
2022-09-01,Indonesia,Paradip,Coal,Capesize,161629,1670,1550,1891,583.2,78.7,2.8,0.75,133.1,78.17,12.0
2022-09-01,Indonesia,Paradip,Iron Ore,Capesize,182010,1670,1550,1891,583.2,78.7,2.8,0.72,130.5,78.17,12.0
2022-09-01,Indonesia,Paradip,Coal,Supramax,60001,1670,1550,1891,583.2,78.7,2.5,0.65,117.5,78.17,12.42
2022-09-01,Indonesia,Paradip,Iron Ore,Supramax,59672,1670,1550,1891,583.2,78.7,2.8,0.66,119.3,78.17,13.18
2022-10-01,Australia,Visakhapatnam,Coal,Panamax,77263,1506,1529,1671,577.8,72.5,2.9,0.69,130.5,77.4,30.53
2022-10-01,Australia,Visakhapatnam,Iron Ore,Panamax,71873,1506,1529,1671,577.8,72.5,3.1,0.67,131.8,77.4,32.62
2022-10-01,Australia,Visakhapatnam,Coal,Capesize,179405,1506,1529,1671,577.8,72.5,3.1,0.68,104.2,77.4,27.28
2022-10-01,Australia,Visakhapatnam,Iron Ore,Capesize,162205,1506,1529,1671,577.8,72.5,2.4,0.75,137.1,77.4,27.43
2022-10-01,Australia,Visakhapatnam,Coal,Supramax,50689,1506,1529,1671,577.8,72.5,2.8,0.74,121.8,77.4,34.2
2022-10-01,Australia,Visakhapatnam,Iron Ore,Supramax,53554,1506,1529,1671,577.8,72.5,2.3,0.72,124.3,77.4,36.55
2022-10-01,Australia,Paradip,Coal,Panamax,81153,1506,1529,1671,577.8,72.5,2.7,0.67,110.0,77.4,31.28
2022-10-01,Australia,Paradip,Iron Ore,Panamax,81482,1506,1529,1671,577.8,72.5,2.5,0.63,115.6,77.4,33.24
2022-10-01,Australia,Paradip,Coal,Capesize,175477,1506,1529,1671,577.8,72.5,2.4,0.7,134.6,77.4,26.16
2022-10-01,Australia,Paradip,Iron Ore,Capesize,160296,1506,1529,1671,577.8,72.5,2.6,0.71,129.8,77.4,28.17
2022-10-01,Australia,Paradip,Coal,Supramax,50227,1506,1529,1671,577.8,72.5,2.5,0.75,114.5,77.4,34.31
2022-10-01,Australia,Paradip,Iron Ore,Supramax,55976,1506,1529,1671,577.8,72.5,2.5,0.69,124.2,77.4,36.27
2022-10-01,Australia,Chennai,Coal,Panamax,74607,1506,1529,1671,577.8,72.5,2.9,0.73,111.6,77.4,29.67
2022-10-01,Australia,Chennai,Iron Ore,Panamax,80851,1506,1529,1671,577.8,72.5,3.1,0.66,113.9,77.4,32.04
2022-10-01,Australia,Chennai,Coal,Capesize,182587,1506,1529,1671,577.8,72.5,2.7,0.66,111.0,77.4,26.69
2022-10-01,Australia,Chennai,Iron Ore,Capesize,172210,1506,1529,1671,577.8,72.5,2.0,0.77,127.4,77.4,25.57
2022-10-01,Australia,Chennai,Coal,Supramax,51797,1506,1529,1671,577.8,72.5,3.1,0.68,120.3,77.4,34.45
2022-10-01,Australia,Chennai,Iron Ore,Supramax,56778,1506,1529,1671,577.8,72.5,2.5,0.76,123.4,77.4,34.3
2022-10-01,Indonesia,Visakhapatnam,Coal,Panamax,68372,1506,1529,1671,577.8,72.5,2.2,0.67,133.2,77.4,12.0
2022-10-01,Indonesia,Visakhapatnam,Iron Ore,Panamax,78035,1506,1529,1671,577.8,72.5,2.4,0.74,120.7,77.4,12.0
2022-10-01,Indonesia,Visakhapatnam,Coal,Capesize,174488,1506,1529,1671,577.8,72.5,3.1,0.68,125.0,77.4,12.0
2022-10-01,Indonesia,Visakhapatnam,Iron Ore,Capesize,177691,1506,1529,1671,577.8,72.5,3.0,0.67,120.9,77.4,12.0
2022-10-01,Indonesia,Visakhapatnam,Coal,Supramax,52212,1506,1529,1671,577.8,72.5,2.2,0.74,127.5,77.4,12.0
2022-10-01,Indonesia,Visakhapatnam,Iron Ore,Supramax,57603,1506,1529,1671,577.8,72.5,3.2,0.7,128.7,77.4,12.0
2022-10-01,Indonesia,Paradip,Coal,Panamax,80680,1506,1529,1671,577.8,72.5,3.6,0.59,129.4,77.4,12.75
2022-10-01,Indonesia,Paradip,Iron Ore,Panamax,76719,1506,1529,1671,577.8,72.5,2.1,0.69,132.2,77.4,12.0
2022-10-01,Indonesia,Paradip,Coal,Capesize,189934,1506,1529,1671,577.8,72.5,2.7,0.74,120.3,77.4,12.0
2022-10-01,Indonesia,Paradip,Iron Ore,Capesize,162326,1506,1529,1671,577.8,72.5,2.3,0.75,133.2,77.4,12.0
2022-10-01,Indonesia,Paradip,Coal,Supramax,56936,1506,1529,1671,577.8,72.5,2.0,0.76,130.0,77.4,12.0
2022-10-01,Indonesia,Paradip,Iron Ore,Supramax,52290,1506,1529,1671,577.8,72.5,2.8,0.6,124.8,77.4,13.21
2022-11-01,Australia,Visakhapatnam,Coal,Panamax,79966,1470,1393,1687,581.6,77.7,3.8,0.58,122.2,78.06,31.05
2022-11-01,Australia,Visakhapatnam,Iron Ore,Panamax,71319,1470,1393,1687,581.6,77.7,3.2,0.7,124.1,78.06,31.23
2022-11-01,Australia,Visakhapatnam,Coal,Capesize,170393,1470,1393,1687,581.6,77.7,3.6,0.68,124.6,78.06,26.79
2022-11-01,Australia,Visakhapatnam,Iron Ore,Capesize,185580,1470,1393,1687,581.6,77.7,2.3,0.65,126.0,78.06,27.05
2022-11-01,Australia,Visakhapatnam,Coal,Supramax,57804,1470,1393,1687,581.6,77.7,3.2,0.68,127.2,78.06,33.45
2022-11-01,Australia,Visakhapatnam,Iron Ore,Supramax,59527,1470,1393,1687,581.6,77.7,2.9,0.6,109.2,78.06,36.65
2022-11-01,Australia,Paradip,Coal,Panamax,73623,1470,1393,1687,581.6,77.7,2.7,0.69,125.3,78.06,28.74
2022-11-01,Australia,Paradip,Iron Ore,Panamax,76770,1470,1393,1687,581.6,77.7,2.6,0.68,114.4,78.06,30.62
2022-11-01,Australia,Paradip,Coal,Capesize,173263,1470,1393,1687,581.6,77.7,2.6,0.76,124.0,78.06,25.4
2022-11-01,Australia,Paradip,Iron Ore,Capesize,168508,1470,1393,1687,581.6,77.7,3.1,0.68,120.1,78.06,27.26
2022-11-01,Australia,Paradip,Coal,Supramax,57932,1470,1393,1687,581.6,77.7,3.3,0.69,128.0,78.06,34.08
2022-11-01,Australia,Paradip,Iron Ore,Supramax,55355,1470,1393,1687,581.6,77.7,3.4,0.63,124.3,78.06,37.01
2022-11-01,Australia,Chennai,Coal,Panamax,67955,1470,1393,1687,581.6,77.7,3.3,0.61,113.5,78.06,30.03
2022-11-01,Australia,Chennai,Iron Ore,Panamax,74089,1470,1393,1687,581.6,77.7,3.6,0.58,136.0,78.06,32.15
2022-11-01,Australia,Chennai,Coal,Capesize,158135,1470,1393,1687,581.6,77.7,2.6,0.73,134.5,78.06,23.75
2022-11-01,Australia,Chennai,Iron Ore,Capesize,187294,1470,1393,1687,581.6,77.7,3.2,0.69,114.1,78.06,25.92
2022-11-01,Australia,Chennai,Coal,Supramax,55695,1470,1393,1687,581.6,77.7,2.6,0.74,132.5,78.06,30.94
2022-11-01,Australia,Chennai,Iron Ore,Supramax,60345,1470,1393,1687,581.6,77.7,2.7,0.66,125.4,78.06,34.72
2022-11-01,Indonesia,Visakhapatnam,Coal,Panamax,80436,1470,1393,1687,581.6,77.7,3.2,0.64,106.1,78.06,12.0
2022-11-01,Indonesia,Visakhapatnam,Iron Ore,Panamax,72147,1470,1393,1687,581.6,77.7,2.3,0.77,132.5,78.06,12.0
2022-11-01,Indonesia,Visakhapatnam,Coal,Capesize,186717,1470,1393,1687,581.6,77.7,3.4,0.71,116.5,78.06,12.0
2022-11-01,Indonesia,Visakhapatnam,Iron Ore,Capesize,164806,1470,1393,1687,581.6,77.7,2.6,0.75,117.3,78.06,12.0
2022-11-01,Indonesia,Visakhapatnam,Coal,Supramax,59879,1470,1393,1687,581.6,77.7,2.6,0.7,126.9,78.06,12.0
2022-11-01,Indonesia,Visakhapatnam,Iron Ore,Supramax,60246,1470,1393,1687,581.6,77.7,3.0,0.69,140.1,78.06,12.0
2022-11-01,Indonesia,Paradip,Coal,Panamax,79433,1470,1393,1687,581.6,77.7,2.8,0.69,126.9,78.06,12.0
2022-11-01,Indonesia,Paradip,Iron Ore,Panamax,77101,1470,1393,1687,581.6,77.7,3.6,0.68,113.2,78.06,12.0
2022-11-01,Indonesia,Paradip,Coal,Capesize,161988,1470,1393,1687,581.6,77.7,2.5,0.72,127.1,78.06,12.0
2022-11-01,Indonesia,Paradip,Iron Ore,Capesize,190439,1470,1393,1687,581.6,77.7,3.2,0.65,121.9,78.06,12.0
2022-11-01,Indonesia,Paradip,Coal,Supramax,59418,1470,1393,1687,581.6,77.7,2.7,0.64,134.4,78.06,12.0
2022-11-01,Indonesia,Paradip,Iron Ore,Supramax,57314,1470,1393,1687,581.6,77.7,2.9,0.69,114.9,78.06,12.0
2022-12-01,Australia,Visakhapatnam,Coal,Panamax,78972,1376,1362,1555,597.4,85.3,2.5,0.62,121.8,77.4,29.6
2022-12-01,Australia,Visakhapatnam,Iron Ore,Panamax,81641,1376,1362,1555,597.4,85.3,3.1,0.71,136.7,77.4,30.49
2022-12-01,Australia,Visakhapatnam,Coal,Capesize,161370,1376,1362,1555,597.4,85.3,3.0,0.61,126.8,77.4,27.67
2022-12-01,Australia,Visakhapatnam,Iron Ore,Capesize,188167,1376,1362,1555,597.4,85.3,2.7,0.71,148.2,77.4,27.39
2022-12-01,Australia,Visakhapatnam,Coal,Supramax,51381,1376,1362,1555,597.4,85.3,2.5,0.69,126.7,77.4,32.84
2022-12-01,Australia,Visakhapatnam,Iron Ore,Supramax,53362,1376,1362,1555,597.4,85.3,2.7,0.68,121.8,77.4,35.78
2022-12-01,Australia,Paradip,Coal,Panamax,80955,1376,1362,1555,597.4,85.3,3.6,0.63,136.9,77.4,31.27
2022-12-01,Australia,Paradip,Iron Ore,Panamax,71619,1376,1362,1555,597.4,85.3,3.1,0.7,129.6,77.4,31.25
2022-12-01,Australia,Paradip,Coal,Capesize,182935,1376,1362,1555,597.4,85.3,2.8,0.65,114.0,77.4,27.64
2022-12-01,Australia,Paradip,Iron Ore,Capesize,160648,1376,1362,1555,597.4,85.3,3.3,0.69,117.5,77.4,27.96
2022-12-01,Australia,Paradip,Coal,Supramax,52598,1376,1362,1555,597.4,85.3,2.8,0.7,119.6,77.4,33.28
2022-12-01,Australia,Paradip,Iron Ore,Supramax,52198,1376,1362,1555,597.4,85.3,3.7,0.66,116.7,77.4,37.17
2022-12-01,Australia,Chennai,Coal,Panamax,74105,1376,1362,1555,597.4,85.3,3.1,0.69,121.8,77.4,28.7
2022-12-01,Australia,Chennai,Iron Ore,Panamax,78460,1376,1362,1555,597.4,85.3,3.5,0.72,127.5,77.4,29.28
2022-12-01,Australia,Chennai,Coal,Capesize,172649,1376,1362,1555,597.4,85.3,2.8,0.69,114.1,77.4,25.37
2022-12-01,Australia,Chennai,Iron Ore,Capesize,159877,1376,1362,1555,597.4,85.3,3.3,0.61,126.5,77.4,27.75
2022-12-01,Australia,Chennai,Coal,Supramax,59893,1376,1362,1555,597.4,85.3,3.2,0.63,128.0,77.4,33.39
2022-12-01,Australia,Chennai,Iron Ore,Supramax,59917,1376,1362,1555,597.4,85.3,3.4,0.71,106.3,77.4,34.02
2022-12-01,Indonesia,Visakhapatnam,Coal,Panamax,74138,1376,1362,1555,597.4,85.3,3.8,0.71,121.8,77.4,12.0
2022-12-01,Indonesia,Visakhapatnam,Iron Ore,Panamax,70173,1376,1362,1555,597.4,85.3,2.9,0.71,108.5,77.4,12.0
2022-12-01,Indonesia,Visakhapatnam,Coal,Capesize,170907,1376,1362,1555,597.4,85.3,3.1,0.72,113.7,77.4,12.0
2022-12-01,Indonesia,Visakhapatnam,Iron Ore,Capesize,187693,1376,1362,1555,597.4,85.3,3.1,0.71,120.8,77.4,12.0
2022-12-01,Indonesia,Visakhapatnam,Coal,Supramax,50715,1376,1362,1555,597.4,85.3,3.5,0.59,120.1,77.4,12.99
2022-12-01,Indonesia,Visakhapatnam,Iron Ore,Supramax,54217,1376,1362,1555,597.4,85.3,3.3,0.67,134.4,77.4,12.31
2022-12-01,Indonesia,Paradip,Coal,Panamax,73795,1376,1362,1555,597.4,85.3,2.9,0.74,129.5,77.4,12.0
2022-12-01,Indonesia,Paradip,Iron Ore,Panamax,74251,1376,1362,1555,597.4,85.3,3.5,0.63,129.5,77.4,12.0
2022-12-01,Indonesia,Paradip,Coal,Capesize,172390,1376,1362,1555,597.4,85.3,3.1,0.74,117.6,77.4,12.0
2022-12-01,Indonesia,Paradip,Iron Ore,Capesize,174350,1376,1362,1555,597.4,85.3,3.4,0.72,114.0,77.4,12.0
2022-12-01,Indonesia,Paradip,Coal,Supramax,58166,1376,1362,1555,597.4,85.3,3.2,0.67,132.3,77.4,12.55
2022-12-01,Indonesia,Paradip,Iron Ore,Supramax,55500,1376,1362,1555,597.4,85.3,3.5,0.62,114.1,77.4,13.91
2023-01-01,Australia,Visakhapatnam,Coal,Panamax,69294,1461,1340,1664,619.6,82.2,3.6,0.6,107.3,79.96,33.2
2023-01-01,Australia,Visakhapatnam,Iron Ore,Panamax,72080,1461,1340,1664,619.6,82.2,3.2,0.66,126.0,79.96,33.33
2023-01-01,Australia,Visakhapatnam,Coal,Capesize,182142,1461,1340,1664,619.6,82.2,3.4,0.69,129.0,79.96,28.92
2023-01-01,Australia,Visakhapatnam,Iron Ore,Capesize,181079,1461,1340,1664,619.6,82.2,4.0,0.63,121.3,79.96,31.03
2023-01-01,Australia,Visakhapatnam,Coal,Supramax,60273,1461,1340,1664,619.6,82.2,3.5,0.65,131.4,79.96,36.17
2023-01-01,Australia,Visakhapatnam,Iron Ore,Supramax,59734,1461,1340,1664,619.6,82.2,4.0,0.62,112.3,79.96,40.88
2023-01-01,Australia,Paradip,Coal,Panamax,70858,1461,1340,1664,619.6,82.2,3.6,0.66,130.7,79.96,32.03
2023-01-01,Australia,Paradip,Iron Ore,Panamax,80426,1461,1340,1664,619.6,82.2,3.2,0.56,125.2,79.96,35.54
2023-01-01,Australia,Paradip,Coal,Capesize,192008,1461,1340,1664,619.6,82.2,3.7,0.6,126.9,79.96,30.07
2023-01-01,Australia,Paradip,Iron Ore,Capesize,187926,1461,1340,1664,619.6,82.2,3.4,0.62,132.3,79.96,31.08
2023-01-01,Australia,Paradip,Coal,Supramax,56892,1461,1340,1664,619.6,82.2,3.4,0.66,115.6,79.96,37.41
2023-01-01,Australia,Paradip,Iron Ore,Supramax,51509,1461,1340,1664,619.6,82.2,3.1,0.7,141.5,79.96,37.9
2023-01-01,Australia,Chennai,Coal,Panamax,76551,1461,1340,1664,619.6,82.2,4.1,0.65,134.9,79.96,31.75
2023-01-01,Australia,Chennai,Iron Ore,Panamax,73540,1461,1340,1664,619.6,82.2,3.9,0.55,117.9,79.96,34.95
2023-01-01,Australia,Chennai,Coal,Capesize,190411,1461,1340,1664,619.6,82.2,3.1,0.61,126.6,79.96,28.99
2023-01-01,Australia,Chennai,Iron Ore,Capesize,176645,1461,1340,1664,619.6,82.2,3.2,0.6,129.4,79.96,30.61
2023-01-01,Australia,Chennai,Coal,Supramax,56938,1461,1340,1664,619.6,82.2,3.4,0.64,133.1,79.96,35.51
2023-01-01,Australia,Chennai,Iron Ore,Supramax,53187,1461,1340,1664,619.6,82.2,3.7,0.56,123.8,79.96,38.55
2023-01-01,Indonesia,Visakhapatnam,Coal,Panamax,78600,1461,1340,1664,619.6,82.2,3.5,0.64,124.8,79.96,12.5
2023-01-01,Indonesia,Visakhapatnam,Iron Ore,Panamax,80318,1461,1340,1664,619.6,82.2,2.9,0.74,131.0,79.96,12.0
2023-01-01,Indonesia,Visakhapatnam,Coal,Capesize,191499,1461,1340,1664,619.6,82.2,4.1,0.64,142.3,79.96,12.0
2023-01-01,Indonesia,Visakhapatnam,Iron Ore,Capesize,182285,1461,1340,1664,619.6,82.2,3.4,0.62,148.1,79.96,12.0
2023-01-01,Indonesia,Visakhapatnam,Coal,Supramax,55101,1461,1340,1664,619.6,82.2,3.5,0.71,110.0,79.96,12.0
2023-01-01,Indonesia,Visakhapatnam,Iron Ore,Supramax,56970,1461,1340,1664,619.6,82.2,3.5,0.68,134.2,79.96,13.57
2023-01-01,Indonesia,Paradip,Coal,Panamax,69334,1461,1340,1664,619.6,82.2,4.0,0.71,129.5,79.96,12.04
2023-01-01,Indonesia,Paradip,Iron Ore,Panamax,73980,1461,1340,1664,619.6,82.2,3.4,0.7,132.1,79.96,12.0
2023-01-01,Indonesia,Paradip,Coal,Capesize,161007,1461,1340,1664,619.6,82.2,3.3,0.7,127.5,79.96,12.0
2023-01-01,Indonesia,Paradip,Iron Ore,Capesize,167533,1461,1340,1664,619.6,82.2,3.2,0.71,120.7,79.96,12.0
2023-01-01,Indonesia,Paradip,Coal,Supramax,56978,1461,1340,1664,619.6,82.2,3.3,0.68,132.8,79.96,13.13
2023-01-01,Indonesia,Paradip,Iron Ore,Supramax,57366,1461,1340,1664,619.6,82.2,3.5,0.66,131.1,79.96,13.97
2023-02-01,Australia,Visakhapatnam,Coal,Panamax,80591,1658,1574,1713,598.0,83.7,4.1,0.62,117.5,79.93,33.6
2023-02-01,Australia,Visakhapatnam,Iron Ore,Panamax,77343,1658,1574,1713,598.0,83.7,3.7,0.7,124.9,79.93,34.17
2023-02-01,Australia,Visakhapatnam,Coal,Capesize,169800,1658,1574,1713,598.0,83.7,4.2,0.6,137.6,79.93,30.55
2023-02-01,Australia,Visakhapatnam,Iron Ore,Capesize,191443,1658,1574,1713,598.0,83.7,4.0,0.62,121.6,79.93,31.63
2023-02-01,Australia,Visakhapatnam,Coal,Supramax,50217,1658,1574,1713,598.0,83.7,3.7,0.64,113.8,79.93,38.03
2023-02-01,Australia,Visakhapatnam,Iron Ore,Supramax,59518,1658,1574,1713,598.0,83.7,2.9,0.68,133.3,79.93,38.65
2023-02-01,Australia,Paradip,Coal,Panamax,76705,1658,1574,1713,598.0,83.7,4.0,0.64,119.4,79.93,33.5
2023-02-01,Australia,Paradip,Iron Ore,Panamax,79816,1658,1574,1713,598.0,83.7,3.6,0.74,128.9,79.93,34.18
2023-02-01,Australia,Paradip,Coal,Capesize,169835,1658,1574,1713,598.0,83.7,4.4,0.59,123.6,79.93,31.38
2023-02-01,Australia,Paradip,Iron Ore,Capesize,177814,1658,1574,1713,598.0,83.7,3.6,0.65,123.5,79.93,32.03
2023-02-01,Australia,Paradip,Coal,Supramax,58941,1658,1574,1713,598.0,83.7,3.8,0.68,115.9,79.93,37.58
2023-02-01,Australia,Paradip,Iron Ore,Supramax,58663,1658,1574,1713,598.0,83.7,4.0,0.66,135.2,79.93,39.75
2023-02-01,Australia,Chennai,Coal,Panamax,68053,1658,1574,1713,598.0,83.7,3.4,0.64,129.8,79.93,32.09
2023-02-01,Australia,Chennai,Iron Ore,Panamax,70774,1658,1574,1713,598.0,83.7,3.4,0.62,132.8,79.93,35.1
2023-02-01,Australia,Chennai,Coal,Capesize,190666,1658,1574,1713,598.0,83.7,3.5,0.63,113.4,79.93,28.91
2023-02-01,Australia,Chennai,Iron Ore,Capesize,180372,1658,1574,1713,598.0,83.7,3.4,0.66,120.3,79.93,30.41
2023-02-01,Australia,Chennai,Coal,Supramax,54606,1658,1574,1713,598.0,83.7,3.9,0.57,120.8,79.93,37.44
2023-02-01,Australia,Chennai,Iron Ore,Supramax,56496,1658,1574,1713,598.0,83.7,3.3,0.66,120.0,79.93,37.99
2023-02-01,Indonesia,Visakhapatnam,Coal,Panamax,70592,1658,1574,1713,598.0,83.7,4.3,0.55,121.0,79.93,14.42
2023-02-01,Indonesia,Visakhapatnam,Iron Ore,Panamax,72171,1658,1574,1713,598.0,83.7,3.4,0.65,119.0,79.93,12.43
2023-02-01,Indonesia,Visakhapatnam,Coal,Capesize,164238,1658,1574,1713,598.0,83.7,4.8,0.58,112.1,79.93,13.32
2023-02-01,Indonesia,Visakhapatnam,Iron Ore,Capesize,164809,1658,1574,1713,598.0,83.7,3.5,0.67,130.0,79.93,12.0
2023-02-01,Indonesia,Visakhapatnam,Coal,Supramax,56357,1658,1574,1713,598.0,83.7,3.6,0.57,141.8,79.93,13.98
2023-02-01,Indonesia,Visakhapatnam,Iron Ore,Supramax,54317,1658,1574,1713,598.0,83.7,4.3,0.65,119.4,79.93,13.75
2023-02-01,Indonesia,Paradip,Coal,Panamax,75500,1658,1574,1713,598.0,83.7,3.5,0.67,123.8,79.93,12.0
2023-02-01,Indonesia,Paradip,Iron Ore,Panamax,75118,1658,1574,1713,598.0,83.7,3.9,0.66,123.7,79.93,12.27
2023-02-01,Indonesia,Paradip,Coal,Capesize,181799,1658,1574,1713,598.0,83.7,3.9,0.65,127.7,79.93,12.0
2023-02-01,Indonesia,Paradip,Iron Ore,Capesize,179691,1658,1574,1713,598.0,83.7,3.8,0.6,124.1,79.93,12.0
2023-02-01,Indonesia,Paradip,Coal,Supramax,58937,1658,1574,1713,598.0,83.7,3.4,0.63,128.5,79.93,13.19
2023-02-01,Indonesia,Paradip,Iron Ore,Supramax,57509,1658,1574,1713,598.0,83.7,3.2,0.71,141.3,79.93,13.14
2023-03-01,Australia,Visakhapatnam,Coal,Panamax,69488,1711,1612,1902,620.6,88.7,4.2,0.62,126.5,79.12,36.1
2023-03-01,Australia,Visakhapatnam,Iron Ore,Panamax,82397,1711,1612,1902,620.6,88.7,3.3,0.65,116.7,79.12,36.86
2023-03-01,Australia,Visakhapatnam,Coal,Capesize,177439,1711,1612,1902,620.6,88.7,3.6,0.63,128.3,79.12,31.59
2023-03-01,Australia,Visakhapatnam,Iron Ore,Capesize,180485,1711,1612,1902,620.6,88.7,4.1,0.59,131.5,79.12,34.82
2023-03-01,Australia,Visakhapatnam,Coal,Supramax,53236,1711,1612,1902,620.6,88.7,4.4,0.6,122.9,79.12,42.3
2023-03-01,Australia,Visakhapatnam,Iron Ore,Supramax,59614,1711,1612,1902,620.6,88.7,3.8,0.62,132.4,79.12,43.63
2023-03-01,Australia,Paradip,Coal,Panamax,68899,1711,1612,1902,620.6,88.7,3.4,0.66,138.7,79.12,36.17
2023-03-01,Australia,Paradip,Iron Ore,Panamax,82102,1711,1612,1902,620.6,88.7,4.2,0.63,122.9,79.12,39.42
2023-03-01,Australia,Paradip,Coal,Capesize,177221,1711,1612,1902,620.6,88.7,4.0,0.62,130.1,79.12,33.36
2023-03-01,Australia,Paradip,Iron Ore,Capesize,184034,1711,1612,1902,620.6,88.7,3.8,0.6,136.9,79.12,34.76
2023-03-01,Australia,Paradip,Coal,Supramax,60356,1711,1612,1902,620.6,88.7,3.6,0.66,138.9,79.12,41.58
2023-03-01,Australia,Paradip,Iron Ore,Supramax,59804,1711,1612,1902,620.6,88.7,3.1,0.63,136.5,79.12,43.42
2023-03-01,Australia,Chennai,Coal,Panamax,74859,1711,1612,1902,620.6,88.7,3.7,0.7,135.3,79.12,34.3
2023-03-01,Australia,Chennai,Iron Ore,Panamax,71968,1711,1612,1902,620.6,88.7,3.6,0.63,125.2,79.12,36.72
2023-03-01,Australia,Chennai,Coal,Capesize,161837,1711,1612,1902,620.6,88.7,3.0,0.73,124.3,79.12,29.5
2023-03-01,Australia,Chennai,Iron Ore,Capesize,188850,1711,1612,1902,620.6,88.7,3.0,0.68,124.5,79.12,31.69
2023-03-01,Australia,Chennai,Coal,Supramax,57219,1711,1612,1902,620.6,88.7,3.5,0.67,121.1,79.12,39.74
2023-03-01,Australia,Chennai,Iron Ore,Supramax,49621,1711,1612,1902,620.6,88.7,4.1,0.65,106.4,79.12,41.62
2023-03-01,Indonesia,Visakhapatnam,Coal,Panamax,79845,1711,1612,1902,620.6,88.7,3.9,0.66,132.6,79.12,12.95
2023-03-01,Indonesia,Visakhapatnam,Iron Ore,Panamax,71080,1711,1612,1902,620.6,88.7,3.7,0.64,127.3,79.12,13.63
2023-03-01,Indonesia,Visakhapatnam,Coal,Capesize,185227,1711,1612,1902,620.6,88.7,4.0,0.7,117.9,79.12,12.0
2023-03-01,Indonesia,Visakhapatnam,Iron Ore,Capesize,162012,1711,1612,1902,620.6,88.7,3.5,0.65,120.4,79.12,12.31
2023-03-01,Indonesia,Visakhapatnam,Coal,Supramax,55540,1711,1612,1902,620.6,88.7,4.0,0.61,117.7,79.12,14.93
2023-03-01,Indonesia,Visakhapatnam,Iron Ore,Supramax,59994,1711,1612,1902,620.6,88.7,4.2,0.64,131.2,79.12,16.02
2023-03-01,Indonesia,Paradip,Coal,Panamax,75721,1711,1612,1902,620.6,88.7,4.1,0.63,119.7,79.12,13.91
2023-03-01,Indonesia,Paradip,Iron Ore,Panamax,78776,1711,1612,1902,620.6,88.7,4.2,0.61,125.4,79.12,14.92
2023-03-01,Indonesia,Paradip,Coal,Capesize,163034,1711,1612,1902,620.6,88.7,3.7,0.62,139.8,79.12,12.24
2023-03-01,Indonesia,Paradip,Iron Ore,Capesize,167126,1711,1612,1902,620.6,88.7,3.7,0.69,127.0,79.12,12.67
2023-03-01,Indonesia,Paradip,Coal,Supramax,52532,1711,1612,1902,620.6,88.7,3.4,0.66,139.0,79.12,13.88
2023-03-01,Indonesia,Paradip,Iron Ore,Supramax,52986,1711,1612,1902,620.6,88.7,4.0,0.61,130.5,79.12,16.38
2023-04-01,Australia,Visakhapatnam,Coal,Panamax,81897,1693,1697,2070,585.4,84.1,4.1,0.62,130.5,79.52,37.4
2023-04-01,Australia,Visakhapatnam,Iron Ore,Panamax,76864,1693,1697,2070,585.4,84.1,4.0,0.62,124.3,79.52,39.56
2023-04-01,Australia,Visakhapatnam,Coal,Capesize,183719,1693,1697,2070,585.4,84.1,4.3,0.54,122.0,79.52,34.61
2023-04-01,Australia,Visakhapatnam,Iron Ore,Capesize,169353,1693,1697,2070,585.4,84.1,3.1,0.76,127.7,79.52,31.55
2023-04-01,Australia,Visakhapatnam,Coal,Supramax,52120,1693,1697,2070,585.4,84.1,3.8,0.7,128.5,79.52,41.53
2023-04-01,Australia,Visakhapatnam,Iron Ore,Supramax,53434,1693,1697,2070,585.4,84.1,3.8,0.69,131.7,79.52,43.09
2023-04-01,Australia,Paradip,Coal,Panamax,73440,1693,1697,2070,585.4,84.1,3.7,0.69,123.7,79.52,36.75
2023-04-01,Australia,Paradip,Iron Ore,Panamax,78854,1693,1697,2070,585.4,84.1,3.5,0.62,136.9,79.52,38.98
2023-04-01,Australia,Paradip,Coal,Capesize,161835,1693,1697,2070,585.4,84.1,3.7,0.71,125.4,79.52,32.77
2023-04-01,Australia,Paradip,Iron Ore,Capesize,180138,1693,1697,2070,585.4,84.1,4.0,0.63,130.4,79.52,35.97
2023-04-01,Australia,Paradip,Coal,Supramax,54601,1693,1697,2070,585.4,84.1,3.7,0.67,124.3,79.52,42.41
2023-04-01,Australia,Paradip,Iron Ore,Supramax,59128,1693,1697,2070,585.4,84.1,3.3,0.65,126.7,79.52,44.59
2023-04-01,Australia,Chennai,Coal,Panamax,68275,1693,1697,2070,585.4,84.1,3.8,0.59,142.3,79.52,36.98
2023-04-01,Australia,Chennai,Iron Ore,Panamax,75738,1693,1697,2070,585.4,84.1,4.1,0.57,143.5,79.52,39.48
2023-04-01,Australia,Chennai,Coal,Capesize,163702,1693,1697,2070,585.4,84.1,3.4,0.63,118.0,79.52,31.86
2023-04-01,Australia,Chennai,Iron Ore,Capesize,166669,1693,1697,2070,585.4,84.1,3.9,0.66,119.4,79.52,34.1
2023-04-01,Australia,Chennai,Coal,Supramax,54192,1693,1697,2070,585.4,84.1,4.0,0.61,121.1,79.52,41.71
2023-04-01,Australia,Chennai,Iron Ore,Supramax,58520,1693,1697,2070,585.4,84.1,3.7,0.64,119.8,79.52,43.26
2023-04-01,Indonesia,Visakhapatnam,Coal,Panamax,72734,1693,1697,2070,585.4,84.1,4.3,0.61,132.9,79.52,13.89
2023-04-01,Indonesia,Visakhapatnam,Iron Ore,Panamax,82336,1693,1697,2070,585.4,84.1,4.6,0.56,126.0,79.52,15.27
2023-04-01,Indonesia,Visakhapatnam,Coal,Capesize,167096,1693,1697,2070,585.4,84.1,3.5,0.74,115.7,79.52,12.0
2023-04-01,Indonesia,Visakhapatnam,Iron Ore,Capesize,187328,1693,1697,2070,585.4,84.1,4.2,0.59,120.7,79.52,13.23
2023-04-01,Indonesia,Visakhapatnam,Coal,Supramax,54711,1693,1697,2070,585.4,84.1,3.9,0.64,119.6,79.52,14.49
2023-04-01,Indonesia,Visakhapatnam,Iron Ore,Supramax,54861,1693,1697,2070,585.4,84.1,3.6,0.65,123.9,79.52,13.93
2023-04-01,Indonesia,Paradip,Coal,Panamax,67704,1693,1697,2070,585.4,84.1,3.9,0.6,114.6,79.52,14.16
2023-04-01,Indonesia,Paradip,Iron Ore,Panamax,76922,1693,1697,2070,585.4,84.1,3.6,0.62,124.5,79.52,13.51
2023-04-01,Indonesia,Paradip,Coal,Capesize,187629,1693,1697,2070,585.4,84.1,3.1,0.69,136.7,79.52,12.0
2023-04-01,Indonesia,Paradip,Iron Ore,Capesize,188279,1693,1697,2070,585.4,84.1,3.9,0.7,116.6,79.52,12.0
2023-04-01,Indonesia,Paradip,Coal,Supramax,54832,1693,1697,2070,585.4,84.1,4.2,0.67,128.3,79.52,14.47
2023-04-01,Indonesia,Paradip,Iron Ore,Supramax,54047,1693,1697,2070,585.4,84.1,3.6,0.63,128.5,79.52,15.79
2023-05-01,Australia,Visakhapatnam,Coal,Panamax,72167,1831,1724,2161,630.5,69.8,2.9,0.7,128.5,79.67,38.38
2023-05-01,Australia,Visakhapatnam,Iron Ore,Panamax,77692,1831,1724,2161,630.5,69.8,4.0,0.62,123.5,79.67,41.96
2023-05-01,Australia,Visakhapatnam,Coal,Capesize,159892,1831,1724,2161,630.5,69.8,3.9,0.61,130.4,79.67,35.8
2023-05-01,Australia,Visakhapatnam,Iron Ore,Capesize,175315,1831,1724,2161,630.5,69.8,2.8,0.73,132.2,79.67,34.71
2023-05-01,Australia,Visakhapatnam,Coal,Supramax,50617,1831,1724,2161,630.5,69.8,3.2,0.75,143.5,79.67,42.92
2023-05-01,Australia,Visakhapatnam,Iron Ore,Supramax,54840,1831,1724,2161,630.5,69.8,3.3,0.66,139.5,79.67,46.7
2023-05-01,Australia,Paradip,Coal,Panamax,76724,1831,1724,2161,630.5,69.8,3.3,0.66,113.9,79.67,39.74
2023-05-01,Australia,Paradip,Iron Ore,Panamax,82380,1831,1724,2161,630.5,69.8,3.4,0.6,125.1,79.67,42.94
2023-05-01,Australia,Paradip,Coal,Capesize,185412,1831,1724,2161,630.5,69.8,3.9,0.66,129.0,79.67,36.41
2023-05-01,Australia,Paradip,Iron Ore,Capesize,186320,1831,1724,2161,630.5,69.8,2.8,0.72,138.3,79.67,36.9
2023-05-01,Australia,Paradip,Coal,Supramax,58045,1831,1724,2161,630.5,69.8,3.5,0.67,124.7,79.67,45.07
2023-05-01,Australia,Paradip,Iron Ore,Supramax,50811,1831,1724,2161,630.5,69.8,3.3,0.66,137.8,79.67,46.79
2023-05-01,Australia,Chennai,Coal,Panamax,78612,1831,1724,2161,630.5,69.8,3.6,0.67,119.3,79.67,37.38
2023-05-01,Australia,Chennai,Iron Ore,Panamax,82348,1831,1724,2161,630.5,69.8,4.2,0.66,125.4,79.67,39.74
2023-05-01,Australia,Chennai,Coal,Capesize,184240,1831,1724,2161,630.5,69.8,3.3,0.61,135.4,79.67,34.2
2023-05-01,Australia,Chennai,Iron Ore,Capesize,171861,1831,1724,2161,630.5,69.8,3.3,0.66,127.2,79.67,35.52
2023-05-01,Australia,Chennai,Coal,Supramax,54901,1831,1724,2161,630.5,69.8,3.5,0.67,131.4,79.67,42.92
2023-05-01,Australia,Chennai,Iron Ore,Supramax,55984,1831,1724,2161,630.5,69.8,3.2,0.68,132.0,79.67,44.94
2023-05-01,Indonesia,Visakhapatnam,Coal,Panamax,75076,1831,1724,2161,630.5,69.8,4.0,0.57,125.5,79.67,15.92
2023-05-01,Indonesia,Visakhapatnam,Iron Ore,Panamax,72208,1831,1724,2161,630.5,69.8,3.8,0.7,118.6,79.67,14.9
2023-05-01,Indonesia,Visakhapatnam,Coal,Capesize,157790,1831,1724,2161,630.5,69.8,3.1,0.7,117.2,79.67,12.0
2023-05-01,Indonesia,Visakhapatnam,Iron Ore,Capesize,185152,1831,1724,2161,630.5,69.8,3.5,0.67,116.9,79.67,13.4
2023-05-01,Indonesia,Visakhapatnam,Coal,Supramax,59206,1831,1724,2161,630.5,69.8,3.4,0.67,128.3,79.67,15.36
2023-05-01,Indonesia,Visakhapatnam,Iron Ore,Supramax,51151,1831,1724,2161,630.5,69.8,3.5,0.67,139.2,79.67,16.13
2023-05-01,Indonesia,Paradip,Coal,Panamax,74504,1831,1724,2161,630.5,69.8,3.0,0.73,137.7,79.67,12.63
2023-05-01,Indonesia,Paradip,Iron Ore,Panamax,80323,1831,1724,2161,630.5,69.8,3.3,0.68,132.0,79.67,14.28
2023-05-01,Indonesia,Paradip,Coal,Capesize,185890,1831,1724,2161,630.5,69.8,3.2,0.62,115.8,79.67,13.65
2023-05-01,Indonesia,Paradip,Iron Ore,Capesize,169306,1831,1724,2161,630.5,69.8,3.3,0.68,139.7,79.67,13.3
2023-05-01,Indonesia,Paradip,Coal,Supramax,58636,1831,1724,2161,630.5,69.8,3.3,0.67,118.9,79.67,15.94
2023-05-01,Indonesia,Paradip,Iron Ore,Supramax,52632,1831,1724,2161,630.5,69.8,3.0,0.64,114.4,79.67,16.18
2023-06-01,Australia,Visakhapatnam,Coal,Panamax,74341,1858,1799,2120,594.0,84.7,3.5,0.58,96.1,79.53,39.77
2023-06-01,Australia,Visakhapatnam,Iron Ore,Panamax,71412,1858,1799,2120,594.0,84.7,3.5,0.62,132.0,79.53,41.22
2023-06-01,Australia,Visakhapatnam,Coal,Capesize,186461,1858,1799,2120,594.0,84.7,3.4,0.67,134.2,79.53,34.17
2023-06-01,Australia,Visakhapatnam,Iron Ore,Capesize,165564,1858,1799,2120,594.0,84.7,3.7,0.58,128.5,79.53,36.94
2023-06-01,Australia,Visakhapatnam,Coal,Supramax,60485,1858,1799,2120,594.0,84.7,3.3,0.73,115.0,79.53,42.51
2023-06-01,Australia,Visakhapatnam,Iron Ore,Supramax,53533,1858,1799,2120,594.0,84.7,3.1,0.69,138.9,79.53,45.75
2023-06-01,Australia,Paradip,Coal,Panamax,77685,1858,1799,2120,594.0,84.7,3.2,0.69,126.6,79.53,37.96
2023-06-01,Australia,Paradip,Iron Ore,Panamax,77188,1858,1799,2120,594.0,84.7,3.1,0.73,115.2,79.53,40.22
2023-06-01,Australia,Paradip,Coal,Capesize,163852,1858,1799,2120,594.0,84.7,3.3,0.7,110.9,79.53,33.94
2023-06-01,Australia,Paradip,Iron Ore,Capesize,165618,1858,1799,2120,594.0,84.7,3.5,0.63,133.5,79.53,37.18
2023-06-01,Australia,Paradip,Coal,Supramax,59145,1858,1799,2120,594.0,84.7,3.2,0.67,118.8,79.53,44.6
2023-06-01,Australia,Paradip,Iron Ore,Supramax,54654,1858,1799,2120,594.0,84.7,3.0,0.72,124.1,79.53,45.58
2023-06-01,Australia,Chennai,Coal,Panamax,82351,1858,1799,2120,594.0,84.7,2.5,0.68,131.7,79.53,36.01
2023-06-01,Australia,Chennai,Iron Ore,Panamax,69550,1858,1799,2120,594.0,84.7,2.9,0.72,121.3,79.53,37.84
2023-06-01,Australia,Chennai,Coal,Capesize,167731,1858,1799,2120,594.0,84.7,4.1,0.67,135.7,79.53,34.09
2023-06-01,Australia,Chennai,Iron Ore,Capesize,170601,1858,1799,2120,594.0,84.7,3.7,0.6,118.2,79.53,35.84
2023-06-01,Australia,Chennai,Coal,Supramax,51917,1858,1799,2120,594.0,84.7,3.0,0.67,129.6,79.53,42.12
2023-06-01,Australia,Chennai,Iron Ore,Supramax,50205,1858,1799,2120,594.0,84.7,3.2,0.66,123.6,79.53,44.19
2023-06-01,Indonesia,Visakhapatnam,Coal,Panamax,72538,1858,1799,2120,594.0,84.7,3.5,0.63,122.9,79.53,13.7
2023-06-01,Indonesia,Visakhapatnam,Iron Ore,Panamax,67748,1858,1799,2120,594.0,84.7,3.8,0.65,130.7,79.53,14.22
2023-06-01,Indonesia,Visakhapatnam,Coal,Capesize,180789,1858,1799,2120,594.0,84.7,3.4,0.62,128.4,79.53,12.28
2023-06-01,Indonesia,Visakhapatnam,Iron Ore,Capesize,172642,1858,1799,2120,594.0,84.7,3.0,0.71,139.2,79.53,12.0
2023-06-01,Indonesia,Visakhapatnam,Coal,Supramax,50099,1858,1799,2120,594.0,84.7,3.3,0.66,142.7,79.53,13.86
2023-06-01,Indonesia,Visakhapatnam,Iron Ore,Supramax,56008,1858,1799,2120,594.0,84.7,3.4,0.7,125.7,79.53,14.61
2023-06-01,Indonesia,Paradip,Coal,Panamax,68305,1858,1799,2120,594.0,84.7,2.7,0.71,131.9,79.53,12.0
2023-06-01,Indonesia,Paradip,Iron Ore,Panamax,78317,1858,1799,2120,594.0,84.7,2.9,0.67,142.0,79.53,13.87
2023-06-01,Indonesia,Paradip,Coal,Capesize,190604,1858,1799,2120,594.0,84.7,3.1,0.67,126.4,79.53,12.0
2023-06-01,Indonesia,Paradip,Iron Ore,Capesize,181295,1858,1799,2120,594.0,84.7,2.9,0.65,129.3,79.53,12.1
2023-06-01,Indonesia,Paradip,Coal,Supramax,52683,1858,1799,2120,594.0,84.7,3.6,0.66,118.6,79.53,15.2
2023-06-01,Indonesia,Paradip,Iron Ore,Supramax,56511,1858,1799,2120,594.0,84.7,3.6,0.71,143.2,79.53,15.39
2023-07-01,Australia,Visakhapatnam,Coal,Panamax,76222,1833,1818,2003,615.9,83.6,3.4,0.64,126.0,79.62,38.96
2023-07-01,Australia,Visakhapatnam,Iron Ore,Panamax,72673,1833,1818,2003,615.9,83.6,2.9,0.69,129.4,79.62,39.52
2023-07-01,Australia,Visakhapatnam,Coal,Capesize,185567,1833,1818,2003,615.9,83.6,2.9,0.66,120.8,79.62,33.9
2023-07-01,Australia,Visakhapatnam,Iron Ore,Capesize,166725,1833,1818,2003,615.9,83.6,3.0,0.69,123.4,79.62,35.75
2023-07-01,Australia,Visakhapatnam,Coal,Supramax,59196,1833,1818,2003,615.9,83.6,3.2,0.64,128.0,79.62,44.08
2023-07-01,Australia,Visakhapatnam,Iron Ore,Supramax,49846,1833,1818,2003,615.9,83.6,2.4,0.77,121.4,79.62,43.91
2023-07-01,Australia,Paradip,Coal,Panamax,71660,1833,1818,2003,615.9,83.6,2.7,0.77,143.7,79.62,37.8
2023-07-01,Australia,Paradip,Iron Ore,Panamax,74267,1833,1818,2003,615.9,83.6,1.9,0.65,136.9,79.62,40.05
2023-07-01,Australia,Paradip,Coal,Capesize,189327,1833,1818,2003,615.9,83.6,3.2,0.68,120.4,79.62,34.08
2023-07-01,Australia,Paradip,Iron Ore,Capesize,187587,1833,1818,2003,615.9,83.6,2.6,0.71,138.5,79.62,35.73
2023-07-01,Australia,Paradip,Coal,Supramax,55826,1833,1818,2003,615.9,83.6,2.5,0.67,133.0,79.62,43.57
2023-07-01,Australia,Paradip,Iron Ore,Supramax,51868,1833,1818,2003,615.9,83.6,2.9,0.75,141.7,79.62,45.48
2023-07-01,Australia,Chennai,Coal,Panamax,73560,1833,1818,2003,615.9,83.6,3.2,0.69,139.6,79.62,36.71
2023-07-01,Australia,Chennai,Iron Ore,Panamax,70561,1833,1818,2003,615.9,83.6,3.3,0.7,118.1,79.62,38.79
2023-07-01,Australia,Chennai,Coal,Capesize,167478,1833,1818,2003,615.9,83.6,3.1,0.68,118.0,79.62,32.74
2023-07-01,Australia,Chennai,Iron Ore,Capesize,157774,1833,1818,2003,615.9,83.6,2.2,0.7,133.7,79.62,33.3
2023-07-01,Australia,Chennai,Coal,Supramax,56857,1833,1818,2003,615.9,83.6,3.5,0.66,132.8,79.62,42.12
2023-07-01,Australia,Chennai,Iron Ore,Supramax,57842,1833,1818,2003,615.9,83.6,2.6,0.78,135.5,79.62,42.44
2023-07-01,Indonesia,Visakhapatnam,Coal,Panamax,72553,1833,1818,2003,615.9,83.6,2.6,0.69,122.7,79.62,12.45
2023-07-01,Indonesia,Visakhapatnam,Iron Ore,Panamax,71187,1833,1818,2003,615.9,83.6,2.6,0.74,133.8,79.62,12.65
2023-07-01,Indonesia,Visakhapatnam,Coal,Capesize,175744,1833,1818,2003,615.9,83.6,3.3,0.7,117.0,79.62,12.0
2023-07-01,Indonesia,Visakhapatnam,Iron Ore,Capesize,172452,1833,1818,2003,615.9,83.6,3.0,0.71,131.7,79.62,12.0
2023-07-01,Indonesia,Visakhapatnam,Coal,Supramax,57443,1833,1818,2003,615.9,83.6,3.5,0.68,138.4,79.62,14.85
2023-07-01,Indonesia,Visakhapatnam,Iron Ore,Supramax,52347,1833,1818,2003,615.9,83.6,2.5,0.72,127.2,79.62,13.66
2023-07-01,Indonesia,Paradip,Coal,Panamax,74354,1833,1818,2003,615.9,83.6,3.2,0.71,131.5,79.62,12.9
2023-07-01,Indonesia,Paradip,Iron Ore,Panamax,75756,1833,1818,2003,615.9,83.6,2.5,0.69,131.3,79.62,13.04
2023-07-01,Indonesia,Paradip,Coal,Capesize,177109,1833,1818,2003,615.9,83.6,2.9,0.68,125.4,79.62,12.06
2023-07-01,Indonesia,Paradip,Iron Ore,Capesize,168212,1833,1818,2003,615.9,83.6,3.0,0.7,129.6,79.62,12.87
2023-07-01,Indonesia,Paradip,Coal,Supramax,52345,1833,1818,2003,615.9,83.6,2.6,0.66,118.7,79.62,15.06
2023-07-01,Indonesia,Paradip,Iron Ore,Supramax,57728,1833,1818,2003,615.9,83.6,2.3,0.71,133.5,79.62,14.72
2023-08-01,Australia,Visakhapatnam,Coal,Panamax,67924,1814,1806,1856,599.0,79.9,2.8,0.68,124.0,79.67,35.46
2023-08-01,Australia,Visakhapatnam,Iron Ore,Panamax,80055,1814,1806,1856,599.0,79.9,2.6,0.69,128.8,79.67,37.45
2023-08-01,Australia,Visakhapatnam,Coal,Capesize,162775,1814,1806,1856,599.0,79.9,3.0,0.67,122.2,79.67,31.73
2023-08-01,Australia,Visakhapatnam,Iron Ore,Capesize,176599,1814,1806,1856,599.0,79.9,2.2,0.79,138.5,79.67,31.83
2023-08-01,Australia,Visakhapatnam,Coal,Supramax,57394,1814,1806,1856,599.0,79.9,2.9,0.69,119.8,79.67,40.37
2023-08-01,Australia,Visakhapatnam,Iron Ore,Supramax,54113,1814,1806,1856,599.0,79.9,2.2,0.74,122.8,79.67,41.06
2023-08-01,Australia,Paradip,Coal,Panamax,69542,1814,1806,1856,599.0,79.9,2.6,0.76,132.9,79.67,35.28
2023-08-01,Australia,Paradip,Iron Ore,Panamax,72888,1814,1806,1856,599.0,79.9,2.8,0.62,127.3,79.67,39.49
2023-08-01,Australia,Paradip,Coal,Capesize,186332,1814,1806,1856,599.0,79.9,2.3,0.69,132.0,79.67,31.72
2023-08-01,Australia,Paradip,Iron Ore,Capesize,159531,1814,1806,1856,599.0,79.9,3.5,0.65,141.7,79.67,34.37
2023-08-01,Australia,Paradip,Coal,Supramax,52107,1814,1806,1856,599.0,79.9,2.6,0.7,131.1,79.67,41.33
2023-08-01,Australia,Paradip,Iron Ore,Supramax,56017,1814,1806,1856,599.0,79.9,2.6,0.62,114.8,79.67,44.93
2023-08-01,Australia,Chennai,Coal,Panamax,69702,1814,1806,1856,599.0,79.9,2.6,0.69,131.3,79.67,33.43
2023-08-01,Australia,Chennai,Iron Ore,Panamax,70435,1814,1806,1856,599.0,79.9,2.2,0.73,132.7,79.67,35.65
2023-08-01,Australia,Chennai,Coal,Capesize,170565,1814,1806,1856,599.0,79.9,2.3,0.7,119.1,79.67,30.01
2023-08-01,Australia,Chennai,Iron Ore,Capesize,171520,1814,1806,1856,599.0,79.9,2.0,0.7,132.5,79.67,31.77
2023-08-01,Australia,Chennai,Coal,Supramax,54505,1814,1806,1856,599.0,79.9,2.4,0.68,129.3,79.67,39.85
2023-08-01,Australia,Chennai,Iron Ore,Supramax,59224,1814,1806,1856,599.0,79.9,2.6,0.65,128.9,79.67,42.22
2023-08-01,Indonesia,Visakhapatnam,Coal,Panamax,80652,1814,1806,1856,599.0,79.9,2.7,0.66,123.8,79.67,12.0
2023-08-01,Indonesia,Visakhapatnam,Iron Ore,Panamax,76867,1814,1806,1856,599.0,79.9,1.9,0.75,132.3,79.67,12.0
2023-08-01,Indonesia,Visakhapatnam,Coal,Capesize,175703,1814,1806,1856,599.0,79.9,2.1,0.72,129.8,79.67,12.0
2023-08-01,Indonesia,Visakhapatnam,Iron Ore,Capesize,163754,1814,1806,1856,599.0,79.9,2.9,0.59,122.2,79.67,12.93
2023-08-01,Indonesia,Visakhapatnam,Coal,Supramax,53582,1814,1806,1856,599.0,79.9,3.4,0.7,132.6,79.67,13.6
2023-08-01,Indonesia,Visakhapatnam,Iron Ore,Supramax,51757,1814,1806,1856,599.0,79.9,3.5,0.61,131.9,79.67,16.26
2023-08-01,Indonesia,Paradip,Coal,Panamax,69209,1814,1806,1856,599.0,79.9,3.0,0.7,122.5,79.67,13.29
2023-08-01,Indonesia,Paradip,Iron Ore,Panamax,79254,1814,1806,1856,599.0,79.9,2.6,0.67,129.4,79.67,12.77
2023-08-01,Indonesia,Paradip,Coal,Capesize,174782,1814,1806,1856,599.0,79.9,2.8,0.77,120.8,79.67,12.0
2023-08-01,Indonesia,Paradip,Iron Ore,Capesize,188653,1814,1806,1856,599.0,79.9,3.3,0.74,131.9,79.67,12.0
2023-08-01,Indonesia,Paradip,Coal,Supramax,53763,1814,1806,1856,599.0,79.9,2.9,0.69,127.5,79.67,14.18
2023-08-01,Indonesia,Paradip,Iron Ore,Supramax,51848,1814,1806,1856,599.0,79.9,2.5,0.71,136.2,79.67,13.79
2023-09-01,Australia,Visakhapatnam,Coal,Panamax,75505,1698,1578,1688,580.7,84.6,3.1,0.7,138.0,78.4,33.31
2023-09-01,Australia,Visakhapatnam,Iron Ore,Panamax,68349,1698,1578,1688,580.7,84.6,3.1,0.62,131.2,78.4,37.11
2023-09-01,Australia,Visakhapatnam,Coal,Capesize,158142,1698,1578,1688,580.7,84.6,2.4,0.68,135.1,78.4,28.76
2023-09-01,Australia,Visakhapatnam,Iron Ore,Capesize,165057,1698,1578,1688,580.7,84.6,2.3,0.75,129.8,78.4,29.09
2023-09-01,Australia,Visakhapatnam,Coal,Supramax,54128,1698,1578,1688,580.7,84.6,3.1,0.67,115.5,78.4,38.92
2023-09-01,Australia,Visakhapatnam,Iron Ore,Supramax,57536,1698,1578,1688,580.7,84.6,2.5,0.74,124.1,78.4,38.7
2023-09-01,Australia,Paradip,Coal,Panamax,79725,1698,1578,1688,580.7,84.6,2.1,0.75,133.9,78.4,32.35
2023-09-01,Australia,Paradip,Iron Ore,Panamax,75172,1698,1578,1688,580.7,84.6,2.5,0.71,121.0,78.4,35.42
2023-09-01,Australia,Paradip,Coal,Capesize,189304,1698,1578,1688,580.7,84.6,2.9,0.67,124.0,78.4,30.25
2023-09-01,Australia,Paradip,Iron Ore,Capesize,190408,1698,1578,1688,580.7,84.6,2.3,0.72,125.4,78.4,30.41
2023-09-01,Australia,Paradip,Coal,Supramax,60217,1698,1578,1688,580.7,84.6,2.9,0.7,124.1,78.4,38.54
2023-09-01,Australia,Paradip,Iron Ore,Supramax,51491,1698,1578,1688,580.7,84.6,2.7,0.64,138.2,78.4,41.8
2023-09-01,Australia,Chennai,Coal,Panamax,73714,1698,1578,1688,580.7,84.6,2.6,0.72,128.6,78.4,32.14
2023-09-01,Australia,Chennai,Iron Ore,Panamax,67552,1698,1578,1688,580.7,84.6,2.6,0.71,131.8,78.4,34.43
2023-09-01,Australia,Chennai,Coal,Capesize,172218,1698,1578,1688,580.7,84.6,2.4,0.68,119.5,78.4,27.79
2023-09-01,Australia,Chennai,Iron Ore,Capesize,186468,1698,1578,1688,580.7,84.6,2.8,0.77,143.9,78.4,28.72
2023-09-01,Australia,Chennai,Coal,Supramax,51447,1698,1578,1688,580.7,84.6,3.4,0.62,142.6,78.4,37.99
2023-09-01,Australia,Chennai,Iron Ore,Supramax,53980,1698,1578,1688,580.7,84.6,2.7,0.7,133.8,78.4,38.8
2023-09-01,Indonesia,Visakhapatnam,Coal,Panamax,79448,1698,1578,1688,580.7,84.6,2.6,0.68,123.0,78.4,12.0
2023-09-01,Indonesia,Visakhapatnam,Iron Ore,Panamax,76520,1698,1578,1688,580.7,84.6,2.2,0.7,127.0,78.4,12.0
2023-09-01,Indonesia,Visakhapatnam,Coal,Capesize,171630,1698,1578,1688,580.7,84.6,3.1,0.76,129.5,78.4,12.0
2023-09-01,Indonesia,Visakhapatnam,Iron Ore,Capesize,179388,1698,1578,1688,580.7,84.6,2.5,0.72,132.5,78.4,12.0
2023-09-01,Indonesia,Visakhapatnam,Coal,Supramax,54823,1698,1578,1688,580.7,84.6,2.8,0.73,121.3,78.4,12.0
2023-09-01,Indonesia,Visakhapatnam,Iron Ore,Supramax,53416,1698,1578,1688,580.7,84.6,2.2,0.75,117.4,78.4,12.0
2023-09-01,Indonesia,Paradip,Coal,Panamax,70513,1698,1578,1688,580.7,84.6,2.4,0.63,122.3,78.4,12.0
2023-09-01,Indonesia,Paradip,Iron Ore,Panamax,81135,1698,1578,1688,580.7,84.6,2.9,0.72,117.0,78.4,12.0
2023-09-01,Indonesia,Paradip,Coal,Capesize,177862,1698,1578,1688,580.7,84.6,2.7,0.63,126.4,78.4,12.0
2023-09-01,Indonesia,Paradip,Iron Ore,Capesize,164710,1698,1578,1688,580.7,84.6,1.8,0.75,132.1,78.4,12.0
2023-09-01,Indonesia,Paradip,Coal,Supramax,50654,1698,1578,1688,580.7,84.6,2.5,0.71,128.2,78.4,12.0
2023-09-01,Indonesia,Paradip,Iron Ore,Supramax,51507,1698,1578,1688,580.7,84.6,3.3,0.69,132.4,78.4,13.02
2023-10-01,Australia,Visakhapatnam,Coal,Panamax,71442,1436,1614,1689,595.5,82.3,2.7,0.72,135.2,79.27,31.64
2023-10-01,Australia,Visakhapatnam,Iron Ore,Panamax,76396,1436,1614,1689,595.5,82.3,2.2,0.69,128.4,79.27,32.67
2023-10-01,Australia,Visakhapatnam,Coal,Capesize,171348,1436,1614,1689,595.5,82.3,2.3,0.72,124.8,79.27,27.33
2023-10-01,Australia,Visakhapatnam,Iron Ore,Capesize,172698,1436,1614,1689,595.5,82.3,2.8,0.64,130.0,79.27,31.28
2023-10-01,Australia,Visakhapatnam,Coal,Supramax,57832,1436,1614,1689,595.5,82.3,3.1,0.66,133.2,79.27,36.66
2023-10-01,Australia,Visakhapatnam,Iron Ore,Supramax,50005,1436,1614,1689,595.5,82.3,2.0,0.7,120.3,79.27,37.55
2023-10-01,Australia,Paradip,Coal,Panamax,71034,1436,1614,1689,595.5,82.3,2.7,0.69,137.1,79.27,32.23
2023-10-01,Australia,Paradip,Iron Ore,Panamax,80249,1436,1614,1689,595.5,82.3,2.4,0.7,141.1,79.27,34.45
2023-10-01,Australia,Paradip,Coal,Capesize,157667,1436,1614,1689,595.5,82.3,2.7,0.7,118.9,79.27,28.22
2023-10-01,Australia,Paradip,Iron Ore,Capesize,189576,1436,1614,1689,595.5,82.3,3.8,0.66,127.6,79.27,32.06
2023-10-01,Australia,Paradip,Coal,Supramax,56926,1436,1614,1689,595.5,82.3,3.1,0.69,127.6,79.27,37.13
2023-10-01,Australia,Paradip,Iron Ore,Supramax,56815,1436,1614,1689,595.5,82.3,2.5,0.69,112.1,79.27,38.57
2023-10-01,Australia,Chennai,Coal,Panamax,79258,1436,1614,1689,595.5,82.3,2.5,0.75,130.0,79.27,29.76
2023-10-01,Australia,Chennai,Iron Ore,Panamax,78241,1436,1614,1689,595.5,82.3,2.6,0.74,123.7,79.27,31.17
2023-10-01,Australia,Chennai,Coal,Capesize,186460,1436,1614,1689,595.5,82.3,2.6,0.68,126.8,79.27,27.13
2023-10-01,Australia,Chennai,Iron Ore,Capesize,163442,1436,1614,1689,595.5,82.3,3.1,0.71,118.1,79.27,29.4
2023-10-01,Australia,Chennai,Coal,Supramax,53225,1436,1614,1689,595.5,82.3,2.5,0.81,124.1,79.27,33.96
2023-10-01,Australia,Chennai,Iron Ore,Supramax,53315,1436,1614,1689,595.5,82.3,2.3,0.69,123.9,79.27,36.7
2023-10-01,Indonesia,Visakhapatnam,Coal,Panamax,76217,1436,1614,1689,595.5,82.3,2.4,0.76,137.3,79.27,12.0
2023-10-01,Indonesia,Visakhapatnam,Iron Ore,Panamax,76519,1436,1614,1689,595.5,82.3,2.6,0.71,119.8,79.27,12.0
2023-10-01,Indonesia,Visakhapatnam,Coal,Capesize,172246,1436,1614,1689,595.5,82.3,2.3,0.76,142.7,79.27,12.0
2023-10-01,Indonesia,Visakhapatnam,Iron Ore,Capesize,165736,1436,1614,1689,595.5,82.3,2.8,0.71,128.9,79.27,12.0
2023-10-01,Indonesia,Visakhapatnam,Coal,Supramax,52706,1436,1614,1689,595.5,82.3,2.9,0.69,125.6,79.27,12.19
2023-10-01,Indonesia,Visakhapatnam,Iron Ore,Supramax,49514,1436,1614,1689,595.5,82.3,2.8,0.63,128.5,79.27,12.75
2023-10-01,Indonesia,Paradip,Coal,Panamax,75252,1436,1614,1689,595.5,82.3,2.2,0.69,121.9,79.27,12.0
2023-10-01,Indonesia,Paradip,Iron Ore,Panamax,77006,1436,1614,1689,595.5,82.3,2.8,0.63,130.6,79.27,12.66
2023-10-01,Indonesia,Paradip,Coal,Capesize,168201,1436,1614,1689,595.5,82.3,3.0,0.68,127.7,79.27,12.0
2023-10-01,Indonesia,Paradip,Iron Ore,Capesize,161115,1436,1614,1689,595.5,82.3,2.1,0.72,127.5,79.27,12.0
2023-10-01,Indonesia,Paradip,Coal,Supramax,56996,1436,1614,1689,595.5,82.3,2.6,0.64,128.8,79.27,13.1
2023-10-01,Indonesia,Paradip,Iron Ore,Supramax,50056,1436,1614,1689,595.5,82.3,3.0,0.61,143.4,79.27,13.83
2023-11-01,Australia,Visakhapatnam,Coal,Panamax,80345,1322,1417,1707,598.3,78.7,3.4,0.66,139.8,79.12,31.24
2023-11-01,Australia,Visakhapatnam,Iron Ore,Panamax,68165,1322,1417,1707,598.3,78.7,2.5,0.64,135.8,79.12,32.5
2023-11-01,Australia,Visakhapatnam,Coal,Capesize,176398,1322,1417,1707,598.3,78.7,3.3,0.62,112.9,79.12,29.24
2023-11-01,Australia,Visakhapatnam,Iron Ore,Capesize,166629,1322,1417,1707,598.3,78.7,2.8,0.64,135.0,79.12,29.3
2023-11-01,Australia,Visakhapatnam,Coal,Supramax,52331,1322,1417,1707,598.3,78.7,3.0,0.72,124.4,79.12,34.84
2023-11-01,Australia,Visakhapatnam,Iron Ore,Supramax,56332,1322,1417,1707,598.3,78.7,2.3,0.66,115.7,79.12,36.36
2023-11-01,Australia,Paradip,Coal,Panamax,80290,1322,1417,1707,598.3,78.7,3.0,0.67,126.7,79.12,31.97
2023-11-01,Australia,Paradip,Iron Ore,Panamax,82048,1322,1417,1707,598.3,78.7,2.6,0.79,134.7,79.12,31.21
2023-11-01,Australia,Paradip,Coal,Capesize,173108,1322,1417,1707,598.3,78.7,3.4,0.69,123.7,79.12,28.65
2023-11-01,Australia,Paradip,Iron Ore,Capesize,163582,1322,1417,1707,598.3,78.7,3.3,0.6,131.2,79.12,30.25
2023-11-01,Australia,Paradip,Coal,Supramax,50104,1322,1417,1707,598.3,78.7,2.8,0.67,130.6,79.12,35.51
2023-11-01,Australia,Paradip,Iron Ore,Supramax,49579,1322,1417,1707,598.3,78.7,3.0,0.63,122.6,79.12,38.34
2023-11-01,Australia,Chennai,Coal,Panamax,77235,1322,1417,1707,598.3,78.7,2.7,0.61,120.8,79.12,30.14
2023-11-01,Australia,Chennai,Iron Ore,Panamax,81895,1322,1417,1707,598.3,78.7,2.9,0.69,121.0,79.12,31.32
2023-11-01,Australia,Chennai,Coal,Capesize,187941,1322,1417,1707,598.3,78.7,3.0,0.7,131.5,79.12,26.67
2023-11-01,Australia,Chennai,Iron Ore,Capesize,169000,1322,1417,1707,598.3,78.7,2.7,0.74,121.6,79.12,27.31
2023-11-01,Australia,Chennai,Coal,Supramax,53185,1322,1417,1707,598.3,78.7,3.0,0.61,131.2,79.12,35.0
2023-11-01,Australia,Chennai,Iron Ore,Supramax,57725,1322,1417,1707,598.3,78.7,3.1,0.69,111.4,79.12,35.5
2023-11-01,Indonesia,Visakhapatnam,Coal,Panamax,73313,1322,1417,1707,598.3,78.7,3.0,0.69,130.5,79.12,12.0
2023-11-01,Indonesia,Visakhapatnam,Iron Ore,Panamax,76442,1322,1417,1707,598.3,78.7,3.4,0.67,131.9,79.12,12.0
2023-11-01,Indonesia,Visakhapatnam,Coal,Capesize,180522,1322,1417,1707,598.3,78.7,3.4,0.65,137.9,79.12,12.0
2023-11-01,Indonesia,Visakhapatnam,Iron Ore,Capesize,172986,1322,1417,1707,598.3,78.7,3.3,0.76,123.8,79.12,12.0
2023-11-01,Indonesia,Visakhapatnam,Coal,Supramax,54683,1322,1417,1707,598.3,78.7,3.0,0.64,121.2,79.12,12.0
2023-11-01,Indonesia,Visakhapatnam,Iron Ore,Supramax,49589,1322,1417,1707,598.3,78.7,2.6,0.77,130.8,79.12,12.0
2023-11-01,Indonesia,Paradip,Coal,Panamax,71059,1322,1417,1707,598.3,78.7,2.6,0.71,143.2,79.12,12.0
2023-11-01,Indonesia,Paradip,Iron Ore,Panamax,74181,1322,1417,1707,598.3,78.7,3.3,0.66,123.3,79.12,12.0
2023-11-01,Indonesia,Paradip,Coal,Capesize,165409,1322,1417,1707,598.3,78.7,2.6,0.76,139.0,79.12,12.0
2023-11-01,Indonesia,Paradip,Iron Ore,Capesize,185372,1322,1417,1707,598.3,78.7,2.5,0.72,128.2,79.12,12.0
2023-11-01,Indonesia,Paradip,Coal,Supramax,57723,1322,1417,1707,598.3,78.7,3.3,0.6,132.9,79.12,13.47
2023-11-01,Indonesia,Paradip,Iron Ore,Supramax,52468,1322,1417,1707,598.3,78.7,2.3,0.81,126.5,79.12,12.0
2023-12-01,Australia,Visakhapatnam,Coal,Panamax,73405,1329,1360,1764,603.6,78.9,2.9,0.69,126.1,79.82,30.57
2023-12-01,Australia,Visakhapatnam,Iron Ore,Panamax,79499,1329,1360,1764,603.6,78.9,3.1,0.6,122.0,79.82,32.83
2023-12-01,Australia,Visakhapatnam,Coal,Capesize,159343,1329,1360,1764,603.6,78.9,3.0,0.71,136.0,79.82,26.66
2023-12-01,Australia,Visakhapatnam,Iron Ore,Capesize,176852,1329,1360,1764,603.6,78.9,3.1,0.69,134.0,79.82,29.25
2023-12-01,Australia,Visakhapatnam,Coal,Supramax,58332,1329,1360,1764,603.6,78.9,3.4,0.58,123.0,79.82,36.68
2023-12-01,Australia,Visakhapatnam,Iron Ore,Supramax,55162,1329,1360,1764,603.6,78.9,2.7,0.68,125.1,79.82,36.45
2023-12-01,Australia,Paradip,Coal,Panamax,73569,1329,1360,1764,603.6,78.9,3.1,0.65,136.9,79.82,32.29
2023-12-01,Australia,Paradip,Iron Ore,Panamax,80256,1329,1360,1764,603.6,78.9,2.6,0.68,132.4,79.82,32.28
2023-12-01,Australia,Paradip,Coal,Capesize,168514,1329,1360,1764,603.6,78.9,3.2,0.7,139.5,79.82,27.48
2023-12-01,Australia,Paradip,Iron Ore,Capesize,162162,1329,1360,1764,603.6,78.9,3.4,0.66,120.2,79.82,29.82
2023-12-01,Australia,Paradip,Coal,Supramax,59624,1329,1360,1764,603.6,78.9,3.5,0.63,124.0,79.82,35.75
2023-12-01,Australia,Paradip,Iron Ore,Supramax,52177,1329,1360,1764,603.6,78.9,3.2,0.71,138.0,79.82,36.08
2023-12-01,Australia,Chennai,Coal,Panamax,67776,1329,1360,1764,603.6,78.9,3.0,0.66,119.6,79.82,28.58
2023-12-01,Australia,Chennai,Iron Ore,Panamax,73845,1329,1360,1764,603.6,78.9,3.1,0.63,118.9,79.82,32.3
2023-12-01,Australia,Chennai,Coal,Capesize,174624,1329,1360,1764,603.6,78.9,3.6,0.66,120.9,79.82,26.96
2023-12-01,Australia,Chennai,Iron Ore,Capesize,158674,1329,1360,1764,603.6,78.9,3.0,0.69,125.0,79.82,27.61
2023-12-01,Australia,Chennai,Coal,Supramax,54493,1329,1360,1764,603.6,78.9,2.4,0.7,130.1,79.82,33.32
2023-12-01,Australia,Chennai,Iron Ore,Supramax,58827,1329,1360,1764,603.6,78.9,3.2,0.57,137.5,79.82,37.75
2023-12-01,Indonesia,Visakhapatnam,Coal,Panamax,75191,1329,1360,1764,603.6,78.9,3.1,0.74,140.0,79.82,12.0
2023-12-01,Indonesia,Visakhapatnam,Iron Ore,Panamax,76692,1329,1360,1764,603.6,78.9,4.1,0.61,143.6,79.82,13.17
2023-12-01,Indonesia,Visakhapatnam,Coal,Capesize,173231,1329,1360,1764,603.6,78.9,3.6,0.7,143.5,79.82,12.0
2023-12-01,Indonesia,Visakhapatnam,Iron Ore,Capesize,171294,1329,1360,1764,603.6,78.9,4.0,0.68,126.9,79.82,12.0
2023-12-01,Indonesia,Visakhapatnam,Coal,Supramax,54683,1329,1360,1764,603.6,78.9,2.9,0.72,140.1,79.82,12.0
2023-12-01,Indonesia,Visakhapatnam,Iron Ore,Supramax,58977,1329,1360,1764,603.6,78.9,3.1,0.72,132.0,79.82,12.0
2023-12-01,Indonesia,Paradip,Coal,Panamax,73098,1329,1360,1764,603.6,78.9,3.1,0.66,127.9,79.82,12.0
2023-12-01,Indonesia,Paradip,Iron Ore,Panamax,80242,1329,1360,1764,603.6,78.9,3.2,0.71,130.6,79.82,12.0
2023-12-01,Indonesia,Paradip,Coal,Capesize,177562,1329,1360,1764,603.6,78.9,3.2,0.72,123.0,79.82,12.0
2023-12-01,Indonesia,Paradip,Iron Ore,Capesize,160498,1329,1360,1764,603.6,78.9,3.2,0.73,130.9,79.82,12.0
2023-12-01,Indonesia,Paradip,Coal,Supramax,59906,1329,1360,1764,603.6,78.9,3.2,0.68,123.8,79.82,12.13
2023-12-01,Indonesia,Paradip,Iron Ore,Supramax,50710,1329,1360,1764,603.6,78.9,3.6,0.69,99.9,79.82,13.01
2024-01-01,Australia,Visakhapatnam,Coal,Panamax,72214,1392,1489,1623,610.4,82.7,3.3,0.64,143.5,81.41,33.0
2024-01-01,Australia,Visakhapatnam,Iron Ore,Panamax,70798,1392,1489,1623,610.4,82.7,3.5,0.62,125.5,81.41,35.39
2024-01-01,Australia,Visakhapatnam,Coal,Capesize,190978,1392,1489,1623,610.4,82.7,3.3,0.64,121.8,81.41,28.9
2024-01-01,Australia,Visakhapatnam,Iron Ore,Capesize,187990,1392,1489,1623,610.4,82.7,3.8,0.68,129.1,81.41,30.91
2024-01-01,Australia,Visakhapatnam,Coal,Supramax,50544,1392,1489,1623,610.4,82.7,3.3,0.66,142.2,81.41,37.53
2024-01-01,Australia,Visakhapatnam,Iron Ore,Supramax,52079,1392,1489,1623,610.4,82.7,4.0,0.67,124.5,81.41,39.17
2024-01-01,Australia,Paradip,Coal,Panamax,70259,1392,1489,1623,610.4,82.7,3.6,0.6,140.0,81.41,33.96
2024-01-01,Australia,Paradip,Iron Ore,Panamax,82165,1392,1489,1623,610.4,82.7,3.4,0.66,126.5,81.41,34.94
2024-01-01,Australia,Paradip,Coal,Capesize,184056,1392,1489,1623,610.4,82.7,3.5,0.71,133.4,81.41,28.64
2024-01-01,Australia,Paradip,Iron Ore,Capesize,185604,1392,1489,1623,610.4,82.7,3.6,0.6,136.5,81.41,32.43
2024-01-01,Australia,Paradip,Coal,Supramax,60450,1392,1489,1623,610.4,82.7,4.1,0.55,137.3,81.41,40.17
2024-01-01,Australia,Paradip,Iron Ore,Supramax,50432,1392,1489,1623,610.4,82.7,3.1,0.64,137.8,81.41,39.35
2024-01-01,Australia,Chennai,Coal,Panamax,76932,1392,1489,1623,610.4,82.7,3.8,0.68,125.3,81.41,31.47
2024-01-01,Australia,Chennai,Iron Ore,Panamax,79627,1392,1489,1623,610.4,82.7,3.7,0.66,138.7,81.41,33.78
2024-01-01,Australia,Chennai,Coal,Capesize,171357,1392,1489,1623,610.4,82.7,3.5,0.68,129.3,81.41,28.24
2024-01-01,Australia,Chennai,Iron Ore,Capesize,157823,1392,1489,1623,610.4,82.7,3.1,0.63,133.7,81.41,29.89
2024-01-01,Australia,Chennai,Coal,Supramax,52348,1392,1489,1623,610.4,82.7,3.1,0.65,119.9,81.41,36.13
2024-01-01,Australia,Chennai,Iron Ore,Supramax,52218,1392,1489,1623,610.4,82.7,4.4,0.6,131.5,81.41,39.65
2024-01-01,Indonesia,Visakhapatnam,Coal,Panamax,74856,1392,1489,1623,610.4,82.7,3.5,0.67,120.5,81.41,12.0
2024-01-01,Indonesia,Visakhapatnam,Iron Ore,Panamax,82393,1392,1489,1623,610.4,82.7,2.5,0.68,135.3,81.41,12.0
2024-01-01,Indonesia,Visakhapatnam,Coal,Capesize,161984,1392,1489,1623,610.4,82.7,4.2,0.57,145.5,81.41,12.5
2024-01-01,Indonesia,Visakhapatnam,Iron Ore,Capesize,162085,1392,1489,1623,610.4,82.7,2.8,0.69,129.9,81.41,12.0
2024-01-01,Indonesia,Visakhapatnam,Coal,Supramax,51037,1392,1489,1623,610.4,82.7,3.3,0.74,122.7,81.41,12.0
2024-01-01,Indonesia,Visakhapatnam,Iron Ore,Supramax,59064,1392,1489,1623,610.4,82.7,3.6,0.65,129.8,81.41,13.62
2024-01-01,Indonesia,Paradip,Coal,Panamax,72087,1392,1489,1623,610.4,82.7,2.5,0.73,123.1,81.41,12.0
2024-01-01,Indonesia,Paradip,Iron Ore,Panamax,71356,1392,1489,1623,610.4,82.7,3.6,0.67,140.5,81.41,12.88
2024-01-01,Indonesia,Paradip,Coal,Capesize,180011,1392,1489,1623,610.4,82.7,3.2,0.76,126.5,81.41,12.0
2024-01-01,Indonesia,Paradip,Iron Ore,Capesize,169609,1392,1489,1623,610.4,82.7,3.4,0.7,132.2,81.41,12.0
2024-01-01,Indonesia,Paradip,Coal,Supramax,56700,1392,1489,1623,610.4,82.7,3.6,0.66,108.2,81.41,13.06
2024-01-01,Indonesia,Paradip,Iron Ore,Supramax,49647,1392,1489,1623,610.4,82.7,3.4,0.64,133.9,81.41,14.52
2024-02-01,Australia,Visakhapatnam,Coal,Panamax,81946,1643,1463,1880,625.5,85.7,4.5,0.62,124.3,81.23,36.21
2024-02-01,Australia,Visakhapatnam,Iron Ore,Panamax,80072,1643,1463,1880,625.5,85.7,3.6,0.63,135.6,81.23,37.53
2024-02-01,Australia,Visakhapatnam,Coal,Capesize,187205,1643,1463,1880,625.5,85.7,2.8,0.7,128.8,81.23,30.05
2024-02-01,Australia,Visakhapatnam,Iron Ore,Capesize,183629,1643,1463,1880,625.5,85.7,3.8,0.6,131.5,81.23,34.12
2024-02-01,Australia,Visakhapatnam,Coal,Supramax,51404,1643,1463,1880,625.5,85.7,4.0,0.66,131.2,81.23,40.07
2024-02-01,Australia,Visakhapatnam,Iron Ore,Supramax,59336,1643,1463,1880,625.5,85.7,3.8,0.6,118.0,81.23,43.01
2024-02-01,Australia,Paradip,Coal,Panamax,73940,1643,1463,1880,625.5,85.7,3.2,0.69,140.9,81.23,34.82
2024-02-01,Australia,Paradip,Iron Ore,Panamax,81264,1643,1463,1880,625.5,85.7,3.5,0.64,126.6,81.23,37.06
2024-02-01,Australia,Paradip,Coal,Capesize,192419,1643,1463,1880,625.5,85.7,3.7,0.61,139.5,81.23,32.33
2024-02-01,Australia,Paradip,Iron Ore,Capesize,169775,1643,1463,1880,625.5,85.7,3.5,0.66,145.6,81.23,32.63
2024-02-01,Australia,Paradip,Coal,Supramax,60103,1643,1463,1880,625.5,85.7,3.9,0.57,138.1,81.23,41.87
2024-02-01,Australia,Paradip,Iron Ore,Supramax,59352,1643,1463,1880,625.5,85.7,3.1,0.68,144.4,81.23,41.55
2024-02-01,Australia,Chennai,Coal,Panamax,67638,1643,1463,1880,625.5,85.7,3.5,0.68,118.7,81.23,33.83
2024-02-01,Australia,Chennai,Iron Ore,Panamax,71770,1643,1463,1880,625.5,85.7,3.6,0.64,128.1,81.23,36.15
2024-02-01,Australia,Chennai,Coal,Capesize,164127,1643,1463,1880,625.5,85.7,3.7,0.66,133.3,81.23,30.0
2024-02-01,Australia,Chennai,Iron Ore,Capesize,174927,1643,1463,1880,625.5,85.7,4.1,0.61,138.5,81.23,32.86
2024-02-01,Australia,Chennai,Coal,Supramax,58194,1643,1463,1880,625.5,85.7,4.3,0.59,130.5,81.23,40.73
2024-02-01,Australia,Chennai,Iron Ore,Supramax,60297,1643,1463,1880,625.5,85.7,3.6,0.68,132.1,81.23,41.09
2024-02-01,Indonesia,Visakhapatnam,Coal,Panamax,81663,1643,1463,1880,625.5,85.7,4.1,0.6,125.3,81.23,13.74
2024-02-01,Indonesia,Visakhapatnam,Iron Ore,Panamax,70751,1643,1463,1880,625.5,85.7,3.8,0.63,125.0,81.23,13.34
2024-02-01,Indonesia,Visakhapatnam,Coal,Capesize,188586,1643,1463,1880,625.5,85.7,3.0,0.72,142.2,81.23,12.0
2024-02-01,Indonesia,Visakhapatnam,Iron Ore,Capesize,171815,1643,1463,1880,625.5,85.7,3.9,0.57,125.9,81.23,14.05
2024-02-01,Indonesia,Visakhapatnam,Coal,Supramax,51586,1643,1463,1880,625.5,85.7,3.3,0.67,126.8,81.23,13.75
2024-02-01,Indonesia,Visakhapatnam,Iron Ore,Supramax,55975,1643,1463,1880,625.5,85.7,3.5,0.65,144.5,81.23,14.32
2024-02-01,Indonesia,Paradip,Coal,Panamax,73590,1643,1463,1880,625.5,85.7,3.9,0.62,142.6,81.23,13.96
2024-02-01,Indonesia,Paradip,Iron Ore,Panamax,80704,1643,1463,1880,625.5,85.7,3.7,0.67,145.0,81.23,13.6
2024-02-01,Indonesia,Paradip,Coal,Capesize,176595,1643,1463,1880,625.5,85.7,3.7,0.65,127.2,81.23,12.52
2024-02-01,Indonesia,Paradip,Iron Ore,Capesize,161725,1643,1463,1880,625.5,85.7,3.5,0.61,141.8,81.23,13.85
2024-02-01,Indonesia,Paradip,Coal,Supramax,60193,1643,1463,1880,625.5,85.7,4.0,0.56,136.2,81.23,16.07
2024-02-01,Indonesia,Paradip,Iron Ore,Supramax,52597,1643,1463,1880,625.5,85.7,3.5,0.63,145.0,81.23,15.41
2024-03-01,Australia,Visakhapatnam,Coal,Panamax,77832,1696,1606,1924,625.8,86.0,4.2,0.66,135.3,81.27,37.3
2024-03-01,Australia,Visakhapatnam,Iron Ore,Panamax,72052,1696,1606,1924,625.8,86.0,3.9,0.66,124.8,81.27,39.39
2024-03-01,Australia,Visakhapatnam,Coal,Capesize,186094,1696,1606,1924,625.8,86.0,3.5,0.69,119.4,81.27,32.47
2024-03-01,Australia,Visakhapatnam,Iron Ore,Capesize,168821,1696,1606,1924,625.8,86.0,3.3,0.68,117.8,81.27,34.16
2024-03-01,Australia,Visakhapatnam,Coal,Supramax,56606,1696,1606,1924,625.8,86.0,3.6,0.64,122.7,81.27,42.56
2024-03-01,Australia,Visakhapatnam,Iron Ore,Supramax,50753,1696,1606,1924,625.8,86.0,4.4,0.56,139.4,81.27,46.48
2024-03-01,Australia,Paradip,Coal,Panamax,74003,1696,1606,1924,625.8,86.0,3.3,0.7,131.4,81.27,36.31
2024-03-01,Australia,Paradip,Iron Ore,Panamax,68408,1696,1606,1924,625.8,86.0,4.5,0.59,123.2,81.27,40.58
2024-03-01,Australia,Paradip,Coal,Capesize,176307,1696,1606,1924,625.8,86.0,4.1,0.7,142.6,81.27,32.76
2024-03-01,Australia,Paradip,Iron Ore,Capesize,167613,1696,1606,1924,625.8,86.0,4.3,0.49,143.3,81.27,38.51
2024-03-01,Australia,Paradip,Coal,Supramax,54004,1696,1606,1924,625.8,86.0,3.8,0.64,139.2,81.27,42.88
2024-03-01,Australia,Paradip,Iron Ore,Supramax,49669,1696,1606,1924,625.8,86.0,4.0,0.6,140.2,81.27,45.9
2024-03-01,Australia,Chennai,Coal,Panamax,72160,1696,1606,1924,625.8,86.0,3.7,0.65,105.0,81.27,35.76
2024-03-01,Australia,Chennai,Iron Ore,Panamax,67956,1696,1606,1924,625.8,86.0,3.8,0.65,141.7,81.27,37.67
2024-03-01,Australia,Chennai,Coal,Capesize,160205,1696,1606,1924,625.8,86.0,4.2,0.64,138.6,81.27,32.0
2024-03-01,Australia,Chennai,Iron Ore,Capesize,169650,1696,1606,1924,625.8,86.0,3.6,0.64,138.1,81.27,33.71
2024-03-01,Australia,Chennai,Coal,Supramax,52757,1696,1606,1924,625.8,86.0,3.0,0.75,135.9,81.27,38.7
2024-03-01,Australia,Chennai,Iron Ore,Supramax,58446,1696,1606,1924,625.8,86.0,3.3,0.74,131.9,81.27,41.02
2024-03-01,Indonesia,Visakhapatnam,Coal,Panamax,74523,1696,1606,1924,625.8,86.0,4.0,0.61,135.9,81.27,15.03
2024-03-01,Indonesia,Visakhapatnam,Iron Ore,Panamax,77140,1696,1606,1924,625.8,86.0,3.9,0.65,136.0,81.27,14.48
2024-03-01,Indonesia,Visakhapatnam,Coal,Capesize,171107,1696,1606,1924,625.8,86.0,4.2,0.61,137.1,81.27,13.25
2024-03-01,Indonesia,Visakhapatnam,Iron Ore,Capesize,192023,1696,1606,1924,625.8,86.0,3.6,0.62,147.2,81.27,13.2
2024-03-01,Indonesia,Visakhapatnam,Coal,Supramax,55195,1696,1606,1924,625.8,86.0,4.1,0.51,153.7,81.27,17.85
2024-03-01,Indonesia,Visakhapatnam,Iron Ore,Supramax,51430,1696,1606,1924,625.8,86.0,3.4,0.69,132.6,81.27,14.08
2024-03-01,Indonesia,Paradip,Coal,Panamax,78880,1696,1606,1924,625.8,86.0,3.9,0.64,130.3,81.27,14.75
2024-03-01,Indonesia,Paradip,Iron Ore,Panamax,79907,1696,1606,1924,625.8,86.0,3.6,0.71,131.5,81.27,14.12
2024-03-01,Indonesia,Paradip,Coal,Capesize,174069,1696,1606,1924,625.8,86.0,3.9,0.63,141.9,81.27,13.15
2024-03-01,Indonesia,Paradip,Iron Ore,Capesize,172282,1696,1606,1924,625.8,86.0,4.0,0.66,132.0,81.27,12.67
2024-03-01,Indonesia,Paradip,Coal,Supramax,51557,1696,1606,1924,625.8,86.0,3.6,0.61,127.6,81.27,15.71
2024-03-01,Indonesia,Paradip,Iron Ore,Supramax,56501,1696,1606,1924,625.8,86.0,4.4,0.61,139.5,81.27,17.36
2024-04-01,Australia,Visakhapatnam,Coal,Panamax,69831,1883,1818,2239,606.0,81.3,4.0,0.66,147.1,81.61,38.44
2024-04-01,Australia,Visakhapatnam,Iron Ore,Panamax,77303,1883,1818,2239,606.0,81.3,3.5,0.66,131.2,81.61,39.57
2024-04-01,Australia,Visakhapatnam,Coal,Capesize,165429,1883,1818,2239,606.0,81.3,3.6,0.64,126.8,81.61,33.91
2024-04-01,Australia,Visakhapatnam,Iron Ore,Capesize,182674,1883,1818,2239,606.0,81.3,4.4,0.57,143.8,81.61,37.57
2024-04-01,Australia,Visakhapatnam,Coal,Supramax,52765,1883,1818,2239,606.0,81.3,4.2,0.69,117.8,81.61,42.92
2024-04-01,Australia,Visakhapatnam,Iron Ore,Supramax,60363,1883,1818,2239,606.0,81.3,3.4,0.62,132.7,81.61,46.32
2024-04-01,Australia,Paradip,Coal,Panamax,69647,1883,1818,2239,606.0,81.3,3.4,0.57,124.1,81.61,39.53
2024-04-01,Australia,Paradip,Iron Ore,Panamax,74347,1883,1818,2239,606.0,81.3,3.2,0.66,124.7,81.61,40.31
2024-04-01,Australia,Paradip,Coal,Capesize,191914,1883,1818,2239,606.0,81.3,3.4,0.61,130.8,81.61,34.6
2024-04-01,Australia,Paradip,Iron Ore,Capesize,187480,1883,1818,2239,606.0,81.3,4.0,0.62,137.0,81.61,37.63
2024-04-01,Australia,Paradip,Coal,Supramax,57865,1883,1818,2239,606.0,81.3,3.7,0.61,135.0,81.61,45.03
2024-04-01,Australia,Paradip,Iron Ore,Supramax,56903,1883,1818,2239,606.0,81.3,4.0,0.63,134.7,81.61,47.29
2024-04-01,Australia,Chennai,Coal,Panamax,79942,1883,1818,2239,606.0,81.3,3.8,0.67,125.6,81.61,36.84
2024-04-01,Australia,Chennai,Iron Ore,Panamax,72061,1883,1818,2239,606.0,81.3,3.9,0.65,121.5,81.61,39.97
2024-04-01,Australia,Chennai,Coal,Capesize,189934,1883,1818,2239,606.0,81.3,3.8,0.61,159.0,81.61,34.02
2024-04-01,Australia,Chennai,Iron Ore,Capesize,158516,1883,1818,2239,606.0,81.3,3.4,0.66,133.2,81.61,35.14
2024-04-01,Australia,Chennai,Coal,Supramax,55600,1883,1818,2239,606.0,81.3,3.8,0.62,129.8,81.61,43.31
2024-04-01,Australia,Chennai,Iron Ore,Supramax,56411,1883,1818,2239,606.0,81.3,3.9,0.69,136.4,81.61,43.67
2024-04-01,Indonesia,Visakhapatnam,Coal,Panamax,77579,1883,1818,2239,606.0,81.3,4.0,0.69,132.4,81.61,13.42
2024-04-01,Indonesia,Visakhapatnam,Iron Ore,Panamax,68102,1883,1818,2239,606.0,81.3,3.6,0.62,138.1,81.61,14.8
2024-04-01,Indonesia,Visakhapatnam,Coal,Capesize,182682,1883,1818,2239,606.0,81.3,3.4,0.66,130.2,81.61,12.14
2024-04-01,Indonesia,Visakhapatnam,Iron Ore,Capesize,172355,1883,1818,2239,606.0,81.3,4.5,0.58,121.8,81.61,14.0
2024-04-01,Indonesia,Visakhapatnam,Coal,Supramax,59334,1883,1818,2239,606.0,81.3,3.8,0.63,123.1,81.61,14.66
2024-04-01,Indonesia,Visakhapatnam,Iron Ore,Supramax,60184,1883,1818,2239,606.0,81.3,5.0,0.57,131.2,81.61,17.37
2024-04-01,Indonesia,Paradip,Coal,Panamax,78604,1883,1818,2239,606.0,81.3,3.1,0.62,130.4,81.61,13.79
2024-04-01,Indonesia,Paradip,Iron Ore,Panamax,81089,1883,1818,2239,606.0,81.3,3.4,0.69,121.7,81.61,13.32
2024-04-01,Indonesia,Paradip,Coal,Capesize,189518,1883,1818,2239,606.0,81.3,3.2,0.69,136.2,81.61,12.0
2024-04-01,Indonesia,Paradip,Iron Ore,Capesize,171682,1883,1818,2239,606.0,81.3,3.6,0.65,126.2,81.61,13.1
2024-04-01,Indonesia,Paradip,Coal,Supramax,51909,1883,1818,2239,606.0,81.3,3.5,0.61,135.0,81.61,16.13
2024-04-01,Indonesia,Paradip,Iron Ore,Supramax,54398,1883,1818,2239,606.0,81.3,3.8,0.63,143.0,81.61,16.37
2024-05-01,Australia,Visakhapatnam,Coal,Panamax,81486,1818,1661,2177,621.0,84.3,3.5,0.63,129.6,81.04,40.69
2024-05-01,Australia,Visakhapatnam,Iron Ore,Panamax,70967,1818,1661,2177,621.0,84.3,3.7,0.65,128.8,81.04,42.53
2024-05-01,Australia,Visakhapatnam,Coal,Capesize,190969,1818,1661,2177,621.0,84.3,3.0,0.67,105.4,81.04,34.79
2024-05-01,Australia,Visakhapatnam,Iron Ore,Capesize,169670,1818,1661,2177,621.0,84.3,4.1,0.61,131.8,81.04,38.12
2024-05-01,Australia,Visakhapatnam,Coal,Supramax,55260,1818,1661,2177,621.0,84.3,2.8,0.64,130.5,81.04,45.57
2024-05-01,Australia,Visakhapatnam,Iron Ore,Supramax,52134,1818,1661,2177,621.0,84.3,4.1,0.62,134.7,81.04,48.52
2024-05-01,Australia,Paradip,Coal,Panamax,70253,1818,1661,2177,621.0,84.3,3.3,0.7,139.7,81.04,39.12
2024-05-01,Australia,Paradip,Iron Ore,Panamax,76494,1818,1661,2177,621.0,84.3,3.2,0.6,135.0,81.04,42.45
2024-05-01,Australia,Paradip,Coal,Capesize,184128,1818,1661,2177,621.0,84.3,4.3,0.65,126.1,81.04,36.77
2024-05-01,Australia,Paradip,Iron Ore,Capesize,176166,1818,1661,2177,621.0,84.3,3.3,0.69,131.7,81.04,36.42
2024-05-01,Australia,Paradip,Coal,Supramax,54651,1818,1661,2177,621.0,84.3,3.4,0.66,130.1,81.04,46.01
2024-05-01,Australia,Paradip,Iron Ore,Supramax,54026,1818,1661,2177,621.0,84.3,3.4,0.71,134.1,81.04,47.95
2024-05-01,Australia,Chennai,Coal,Panamax,82283,1818,1661,2177,621.0,84.3,4.0,0.63,121.8,81.04,39.14
2024-05-01,Australia,Chennai,Iron Ore,Panamax,68137,1818,1661,2177,621.0,84.3,3.0,0.68,131.2,81.04,39.58
2024-05-01,Australia,Chennai,Coal,Capesize,191889,1818,1661,2177,621.0,84.3,2.5,0.66,127.0,81.04,34.2
2024-05-01,Australia,Chennai,Iron Ore,Capesize,192316,1818,1661,2177,621.0,84.3,3.6,0.6,133.9,81.04,37.18
2024-05-01,Australia,Chennai,Coal,Supramax,59795,1818,1661,2177,621.0,84.3,3.6,0.7,142.1,81.04,43.55
2024-05-01,Australia,Chennai,Iron Ore,Supramax,58882,1818,1661,2177,621.0,84.3,3.4,0.65,139.2,81.04,46.22
2024-05-01,Indonesia,Visakhapatnam,Coal,Panamax,73362,1818,1661,2177,621.0,84.3,3.7,0.7,146.9,81.04,13.72
2024-05-01,Indonesia,Visakhapatnam,Iron Ore,Panamax,80778,1818,1661,2177,621.0,84.3,3.7,0.68,134.7,81.04,15.32
2024-05-01,Indonesia,Visakhapatnam,Coal,Capesize,188622,1818,1661,2177,621.0,84.3,3.2,0.61,131.7,81.04,13.87
2024-05-01,Indonesia,Visakhapatnam,Iron Ore,Capesize,175564,1818,1661,2177,621.0,84.3,3.0,0.62,131.3,81.04,13.89
2024-05-01,Indonesia,Visakhapatnam,Coal,Supramax,59171,1818,1661,2177,621.0,84.3,3.0,0.64,125.4,81.04,15.6
2024-05-01,Indonesia,Visakhapatnam,Iron Ore,Supramax,51529,1818,1661,2177,621.0,84.3,3.2,0.69,138.8,81.04,16.3
2024-05-01,Indonesia,Paradip,Coal,Panamax,75483,1818,1661,2177,621.0,84.3,3.2,0.61,139.8,81.04,15.55
2024-05-01,Indonesia,Paradip,Iron Ore,Panamax,72513,1818,1661,2177,621.0,84.3,3.8,0.67,142.2,81.04,15.52
2024-05-01,Indonesia,Paradip,Coal,Capesize,165145,1818,1661,2177,621.0,84.3,3.6,0.69,133.5,81.04,13.43
2024-05-01,Indonesia,Paradip,Iron Ore,Capesize,186763,1818,1661,2177,621.0,84.3,2.6,0.73,130.1,81.04,12.83
2024-05-01,Indonesia,Paradip,Coal,Supramax,53132,1818,1661,2177,621.0,84.3,4.0,0.68,135.4,81.04,16.53
2024-05-01,Indonesia,Paradip,Iron Ore,Supramax,55583,1818,1661,2177,621.0,84.3,3.1,0.68,122.7,81.04,16.36
2024-06-01,Australia,Visakhapatnam,Coal,Panamax,75370,1802,1941,2275,615.9,84.9,3.4,0.63,139.9,81.2,40.54
2024-06-01,Australia,Visakhapatnam,Iron Ore,Panamax,78919,1802,1941,2275,615.9,84.9,3.3,0.65,128.2,81.2,42.07
2024-06-01,Australia,Visakhapatnam,Coal,Capesize,185751,1802,1941,2275,615.9,84.9,3.1,0.69,128.5,81.2,35.31
2024-06-01,Australia,Visakhapatnam,Iron Ore,Capesize,170903,1802,1941,2275,615.9,84.9,2.8,0.71,126.0,81.2,36.38
2024-06-01,Australia,Visakhapatnam,Coal,Supramax,59556,1802,1941,2275,615.9,84.9,3.4,0.61,150.7,81.2,46.95
2024-06-01,Australia,Visakhapatnam,Iron Ore,Supramax,50116,1802,1941,2275,615.9,84.9,4.4,0.63,118.1,81.2,49.46
2024-06-01,Australia,Paradip,Coal,Panamax,75504,1802,1941,2275,615.9,84.9,3.0,0.68,117.2,81.2,40.38
2024-06-01,Australia,Paradip,Iron Ore,Panamax,71266,1802,1941,2275,615.9,84.9,3.7,0.58,129.9,81.2,44.13
2024-06-01,Australia,Paradip,Coal,Capesize,176450,1802,1941,2275,615.9,84.9,3.5,0.76,135.8,81.2,34.64
2024-06-01,Australia,Paradip,Iron Ore,Capesize,172460,1802,1941,2275,615.9,84.9,3.5,0.64,142.2,81.2,38.82
2024-06-01,Australia,Paradip,Coal,Supramax,50661,1802,1941,2275,615.9,84.9,3.1,0.64,149.4,81.2,45.71
2024-06-01,Australia,Paradip,Iron Ore,Supramax,57990,1802,1941,2275,615.9,84.9,3.3,0.61,113.0,81.2,50.2
2024-06-01,Australia,Chennai,Coal,Panamax,67760,1802,1941,2275,615.9,84.9,4.2,0.63,139.8,81.2,40.22
2024-06-01,Australia,Chennai,Iron Ore,Panamax,82223,1802,1941,2275,615.9,84.9,3.5,0.65,127.3,81.2,40.57
2024-06-01,Australia,Chennai,Coal,Capesize,166780,1802,1941,2275,615.9,84.9,3.8,0.52,136.1,81.2,37.36
2024-06-01,Australia,Chennai,Iron Ore,Capesize,184619,1802,1941,2275,615.9,84.9,3.2,0.66,120.4,81.2,37.32
2024-06-01,Australia,Chennai,Coal,Supramax,56425,1802,1941,2275,615.9,84.9,3.3,0.73,115.0,81.2,43.05
2024-06-01,Australia,Chennai,Iron Ore,Supramax,51553,1802,1941,2275,615.9,84.9,2.8,0.72,127.9,81.2,45.82
2024-06-01,Indonesia,Visakhapatnam,Coal,Panamax,71854,1802,1941,2275,615.9,84.9,3.8,0.61,132.8,81.2,14.7
2024-06-01,Indonesia,Visakhapatnam,Iron Ore,Panamax,71087,1802,1941,2275,615.9,84.9,3.4,0.7,134.6,81.2,12.53
2024-06-01,Indonesia,Visakhapatnam,Coal,Capesize,158092,1802,1941,2275,615.9,84.9,2.7,0.78,115.5,81.2,12.0
2024-06-01,Indonesia,Visakhapatnam,Iron Ore,Capesize,162114,1802,1941,2275,615.9,84.9,2.4,0.72,126.2,81.2,12.0
2024-06-01,Indonesia,Visakhapatnam,Coal,Supramax,54472,1802,1941,2275,615.9,84.9,4.0,0.63,141.5,81.2,16.67
2024-06-01,Indonesia,Visakhapatnam,Iron Ore,Supramax,54280,1802,1941,2275,615.9,84.9,3.8,0.64,145.9,81.2,16.64
2024-06-01,Indonesia,Paradip,Coal,Panamax,70862,1802,1941,2275,615.9,84.9,3.8,0.62,128.0,81.2,14.95
2024-06-01,Indonesia,Paradip,Iron Ore,Panamax,79299,1802,1941,2275,615.9,84.9,2.7,0.67,142.7,81.2,14.53
2024-06-01,Indonesia,Paradip,Coal,Capesize,183724,1802,1941,2275,615.9,84.9,2.5,0.77,136.1,81.2,12.0
2024-06-01,Indonesia,Paradip,Iron Ore,Capesize,181420,1802,1941,2275,615.9,84.9,3.1,0.62,132.1,81.2,14.48
2024-06-01,Indonesia,Paradip,Coal,Supramax,50855,1802,1941,2275,615.9,84.9,3.7,0.66,136.7,81.2,15.7
2024-06-01,Indonesia,Paradip,Iron Ore,Supramax,54061,1802,1941,2275,615.9,84.9,3.6,0.69,132.8,81.2,16.51
2024-07-01,Australia,Visakhapatnam,Coal,Panamax,76188,1852,1733,2101,590.0,89.9,3.1,0.73,128.0,81.02,37.84
2024-07-01,Australia,Visakhapatnam,Iron Ore,Panamax,68630,1852,1733,2101,590.0,89.9,1.9,0.69,130.8,81.02,39.73
2024-07-01,Australia,Visakhapatnam,Coal,Capesize,157770,1852,1733,2101,590.0,89.9,2.8,0.77,122.2,81.02,32.51
2024-07-01,Australia,Visakhapatnam,Iron Ore,Capesize,185812,1852,1733,2101,590.0,89.9,2.5,0.7,137.3,81.02,34.74
2024-07-01,Australia,Visakhapatnam,Coal,Supramax,57635,1852,1733,2101,590.0,89.9,3.1,0.55,134.4,81.02,44.92
2024-07-01,Australia,Visakhapatnam,Iron Ore,Supramax,53501,1852,1733,2101,590.0,89.9,2.3,0.78,134.2,81.02,44.04
2024-07-01,Australia,Paradip,Coal,Panamax,81315,1852,1733,2101,590.0,89.9,2.9,0.75,135.3,81.02,37.85
2024-07-01,Australia,Paradip,Iron Ore,Panamax,74368,1852,1733,2101,590.0,89.9,3.3,0.79,133.4,81.02,39.71
2024-07-01,Australia,Paradip,Coal,Capesize,177144,1852,1733,2101,590.0,89.9,2.8,0.65,132.1,81.02,34.22
2024-07-01,Australia,Paradip,Iron Ore,Capesize,184129,1852,1733,2101,590.0,89.9,2.7,0.69,128.7,81.02,36.37
2024-07-01,Australia,Paradip,Coal,Supramax,51013,1852,1733,2101,590.0,89.9,2.3,0.71,129.2,81.02,43.0
2024-07-01,Australia,Paradip,Iron Ore,Supramax,51149,1852,1733,2101,590.0,89.9,2.2,0.63,137.0,81.02,46.21
2024-07-01,Australia,Chennai,Coal,Panamax,80835,1852,1733,2101,590.0,89.9,2.6,0.74,144.8,81.02,36.18
2024-07-01,Australia,Chennai,Iron Ore,Panamax,79031,1852,1733,2101,590.0,89.9,3.0,0.72,132.6,81.02,37.65
2024-07-01,Australia,Chennai,Coal,Capesize,171896,1852,1733,2101,590.0,89.9,3.4,0.64,117.1,81.02,33.47
2024-07-01,Australia,Chennai,Iron Ore,Capesize,164683,1852,1733,2101,590.0,89.9,2.3,0.71,145.4,81.02,34.59
2024-07-01,Australia,Chennai,Coal,Supramax,60395,1852,1733,2101,590.0,89.9,3.3,0.7,125.5,81.02,41.82
2024-07-01,Australia,Chennai,Iron Ore,Supramax,57959,1852,1733,2101,590.0,89.9,3.4,0.63,143.4,81.02,45.72
2024-07-01,Indonesia,Visakhapatnam,Coal,Panamax,71062,1852,1733,2101,590.0,89.9,3.3,0.68,133.0,81.02,12.88
2024-07-01,Indonesia,Visakhapatnam,Iron Ore,Panamax,68268,1852,1733,2101,590.0,89.9,3.5,0.63,123.5,81.02,14.3
2024-07-01,Indonesia,Visakhapatnam,Coal,Capesize,177193,1852,1733,2101,590.0,89.9,2.5,0.74,145.4,81.02,12.0
2024-07-01,Indonesia,Visakhapatnam,Iron Ore,Capesize,164610,1852,1733,2101,590.0,89.9,2.6,0.67,133.4,81.02,12.6
2024-07-01,Indonesia,Visakhapatnam,Coal,Supramax,51620,1852,1733,2101,590.0,89.9,2.9,0.7,147.0,81.02,13.59
2024-07-01,Indonesia,Visakhapatnam,Iron Ore,Supramax,59193,1852,1733,2101,590.0,89.9,2.5,0.74,129.6,81.02,13.45
2024-07-01,Indonesia,Paradip,Coal,Panamax,77181,1852,1733,2101,590.0,89.9,3.3,0.61,113.7,81.02,14.0
2024-07-01,Indonesia,Paradip,Iron Ore,Panamax,74577,1852,1733,2101,590.0,89.9,3.0,0.71,128.3,81.02,13.57
2024-07-01,Indonesia,Paradip,Coal,Capesize,163050,1852,1733,2101,590.0,89.9,2.8,0.73,128.9,81.02,12.0
2024-07-01,Indonesia,Paradip,Iron Ore,Capesize,173089,1852,1733,2101,590.0,89.9,3.4,0.7,123.3,81.02,12.28
2024-07-01,Indonesia,Paradip,Coal,Supramax,50423,1852,1733,2101,590.0,89.9,2.9,0.6,134.7,81.02,15.7
2024-07-01,Indonesia,Paradip,Iron Ore,Supramax,56877,1852,1733,2101,590.0,89.9,2.9,0.72,127.0,81.02,14.75
2024-08-01,Australia,Visakhapatnam,Coal,Panamax,81476,1767,1624,2032,609.9,85.4,2.7,0.68,129.3,81.05,37.21
2024-08-01,Australia,Visakhapatnam,Iron Ore,Panamax,73394,1767,1624,2032,609.9,85.4,2.4,0.71,127.2,81.05,38.5
2024-08-01,Australia,Visakhapatnam,Coal,Capesize,166072,1767,1624,2032,609.9,85.4,2.5,0.79,124.7,81.05,31.18
2024-08-01,Australia,Visakhapatnam,Iron Ore,Capesize,179881,1767,1624,2032,609.9,85.4,2.8,0.65,122.6,81.05,35.08
2024-08-01,Australia,Visakhapatnam,Coal,Supramax,52838,1767,1624,2032,609.9,85.4,1.8,0.7,130.1,81.05,42.39
2024-08-01,Australia,Visakhapatnam,Iron Ore,Supramax,50134,1767,1624,2032,609.9,85.4,3.4,0.69,131.7,81.05,45.08
2024-08-01,Australia,Paradip,Coal,Panamax,76245,1767,1624,2032,609.9,85.4,2.8,0.64,130.9,81.05,38.1
2024-08-01,Australia,Paradip,Iron Ore,Panamax,67627,1767,1624,2032,609.9,85.4,2.8,0.67,135.3,81.05,40.19
2024-08-01,Australia,Paradip,Coal,Capesize,159501,1767,1624,2032,609.9,85.4,2.9,0.67,137.7,81.05,33.93
2024-08-01,Australia,Paradip,Iron Ore,Capesize,178833,1767,1624,2032,609.9,85.4,3.2,0.75,132.1,81.05,34.59
2024-08-01,Australia,Paradip,Coal,Supramax,58938,1767,1624,2032,609.9,85.4,2.4,0.68,128.1,81.05,43.66
2024-08-01,Australia,Paradip,Iron Ore,Supramax,58512,1767,1624,2032,609.9,85.4,2.2,0.69,124.5,81.05,44.55
2024-08-01,Australia,Chennai,Coal,Panamax,81575,1767,1624,2032,609.9,85.4,2.4,0.78,139.9,81.05,34.73
2024-08-01,Australia,Chennai,Iron Ore,Panamax,77708,1767,1624,2032,609.9,85.4,2.8,0.66,132.2,81.05,37.87
2024-08-01,Australia,Chennai,Coal,Capesize,172953,1767,1624,2032,609.9,85.4,2.9,0.63,125.4,81.05,32.42
2024-08-01,Australia,Chennai,Iron Ore,Capesize,163063,1767,1624,2032,609.9,85.4,1.7,0.8,116.8,81.05,31.25
2024-08-01,Australia,Chennai,Coal,Supramax,59966,1767,1624,2032,609.9,85.4,3.2,0.69,125.3,81.05,41.84
2024-08-01,Australia,Chennai,Iron Ore,Supramax,50370,1767,1624,2032,609.9,85.4,2.3,0.76,133.7,81.05,41.25
2024-08-01,Indonesia,Visakhapatnam,Coal,Panamax,70711,1767,1624,2032,609.9,85.4,2.7,0.76,135.1,81.05,12.0
2024-08-01,Indonesia,Visakhapatnam,Iron Ore,Panamax,71144,1767,1624,2032,609.9,85.4,2.8,0.69,130.5,81.05,12.72
2024-08-01,Indonesia,Visakhapatnam,Coal,Capesize,179791,1767,1624,2032,609.9,85.4,2.4,0.65,133.6,81.05,12.0
2024-08-01,Indonesia,Visakhapatnam,Iron Ore,Capesize,171542,1767,1624,2032,609.9,85.4,1.6,0.79,131.6,81.05,12.0
2024-08-01,Indonesia,Visakhapatnam,Coal,Supramax,58935,1767,1624,2032,609.9,85.4,2.9,0.71,132.6,81.05,13.93
2024-08-01,Indonesia,Visakhapatnam,Iron Ore,Supramax,50573,1767,1624,2032,609.9,85.4,2.7,0.67,141.0,81.05,14.7
2024-08-01,Indonesia,Paradip,Coal,Panamax,79948,1767,1624,2032,609.9,85.4,2.5,0.65,128.8,81.05,12.67
2024-08-01,Indonesia,Paradip,Iron Ore,Panamax,74367,1767,1624,2032,609.9,85.4,3.0,0.69,124.4,81.05,13.51
2024-08-01,Indonesia,Paradip,Coal,Capesize,192289,1767,1624,2032,609.9,85.4,3.2,0.59,129.4,81.05,13.22
2024-08-01,Indonesia,Paradip,Iron Ore,Capesize,166629,1767,1624,2032,609.9,85.4,2.1,0.83,136.1,81.05,12.0
2024-08-01,Indonesia,Paradip,Coal,Supramax,51663,1767,1624,2032,609.9,85.4,2.4,0.74,132.2,81.05,13.06
2024-08-01,Indonesia,Paradip,Iron Ore,Supramax,56559,1767,1624,2032,609.9,85.4,3.0,0.73,136.0,81.05,14.43
2024-09-01,Australia,Visakhapatnam,Coal,Panamax,67508,1771,1667,1823,665.0,78.6,2.8,0.64,131.0,81.68,37.59
2024-09-01,Australia,Visakhapatnam,Iron Ore,Panamax,74790,1771,1667,1823,665.0,78.6,2.0,0.78,126.6,81.68,37.49
2024-09-01,Australia,Visakhapatnam,Coal,Capesize,190265,1771,1667,1823,665.0,78.6,3.3,0.62,134.6,81.68,34.34
2024-09-01,Australia,Visakhapatnam,Iron Ore,Capesize,188673,1771,1667,1823,665.0,78.6,3.3,0.57,138.9,81.68,37.24
2024-09-01,Australia,Visakhapatnam,Coal,Supramax,53084,1771,1667,1823,665.0,78.6,3.0,0.66,140.6,81.68,42.88
2024-09-01,Australia,Visakhapatnam,Iron Ore,Supramax,53813,1771,1667,1823,665.0,78.6,2.7,0.7,136.5,81.68,43.38
2024-09-01,Australia,Paradip,Coal,Panamax,77307,1771,1667,1823,665.0,78.6,2.6,0.71,127.4,81.68,36.46
2024-09-01,Australia,Paradip,Iron Ore,Panamax,67686,1771,1667,1823,665.0,78.6,2.7,0.67,125.2,81.68,39.84
2024-09-01,Australia,Paradip,Coal,Capesize,184895,1771,1667,1823,665.0,78.6,2.7,0.68,136.0,81.68,34.09
2024-09-01,Australia,Paradip,Iron Ore,Capesize,163401,1771,1667,1823,665.0,78.6,2.5,0.72,148.3,81.68,34.83
2024-09-01,Australia,Paradip,Coal,Supramax,55276,1771,1667,1823,665.0,78.6,2.6,0.72,145.4,81.68,42.15
2024-09-01,Australia,Paradip,Iron Ore,Supramax,53830,1771,1667,1823,665.0,78.6,2.5,0.64,133.7,81.68,45.02
2024-09-01,Australia,Chennai,Coal,Panamax,70915,1771,1667,1823,665.0,78.6,2.9,0.71,141.9,81.68,34.87
2024-09-01,Australia,Chennai,Iron Ore,Panamax,78977,1771,1667,1823,665.0,78.6,3.5,0.65,130.4,81.68,39.22
2024-09-01,Australia,Chennai,Coal,Capesize,188549,1771,1667,1823,665.0,78.6,2.9,0.69,118.9,81.68,31.77
2024-09-01,Australia,Chennai,Iron Ore,Capesize,179354,1771,1667,1823,665.0,78.6,2.6,0.7,122.1,81.68,33.27
2024-09-01,Australia,Chennai,Coal,Supramax,58762,1771,1667,1823,665.0,78.6,2.5,0.79,132.9,81.68,38.85
2024-09-01,Australia,Chennai,Iron Ore,Supramax,53044,1771,1667,1823,665.0,78.6,2.9,0.71,133.7,81.68,42.57
2024-09-01,Indonesia,Visakhapatnam,Coal,Panamax,74498,1771,1667,1823,665.0,78.6,2.7,0.71,125.9,81.68,12.78
2024-09-01,Indonesia,Visakhapatnam,Iron Ore,Panamax,79533,1771,1667,1823,665.0,78.6,2.4,0.74,116.7,81.68,12.58
2024-09-01,Indonesia,Visakhapatnam,Coal,Capesize,187067,1771,1667,1823,665.0,78.6,3.4,0.67,123.7,81.68,13.28
2024-09-01,Indonesia,Visakhapatnam,Iron Ore,Capesize,168350,1771,1667,1823,665.0,78.6,2.9,0.65,124.2,81.68,13.02
2024-09-01,Indonesia,Visakhapatnam,Coal,Supramax,57111,1771,1667,1823,665.0,78.6,2.7,0.76,129.2,81.68,14.1
2024-09-01,Indonesia,Visakhapatnam,Iron Ore,Supramax,53412,1771,1667,1823,665.0,78.6,2.3,0.73,128.6,81.68,13.55
2024-09-01,Indonesia,Paradip,Coal,Panamax,81525,1771,1667,1823,665.0,78.6,3.1,0.63,137.6,81.68,14.63
2024-09-01,Indonesia,Paradip,Iron Ore,Panamax,82186,1771,1667,1823,665.0,78.6,3.4,0.71,138.4,81.68,14.14
2024-09-01,Indonesia,Paradip,Coal,Capesize,185415,1771,1667,1823,665.0,78.6,3.2,0.7,126.5,81.68,12.9
2024-09-01,Indonesia,Paradip,Iron Ore,Capesize,169426,1771,1667,1823,665.0,78.6,2.6,0.65,124.0,81.68,14.56
2024-09-01,Indonesia,Paradip,Coal,Supramax,55728,1771,1667,1823,665.0,78.6,1.8,0.73,116.1,81.68,13.64
2024-09-01,Indonesia,Paradip,Iron Ore,Supramax,49739,1771,1667,1823,665.0,78.6,2.0,0.73,140.9,81.68,14.81
2024-10-01,Australia,Visakhapatnam,Coal,Panamax,78612,1633,1670,1860,607.5,78.5,2.9,0.73,134.1,80.94,32.95
2024-10-01,Australia,Visakhapatnam,Iron Ore,Panamax,68736,1633,1670,1860,607.5,78.5,2.9,0.74,132.1,80.94,34.04
2024-10-01,Australia,Visakhapatnam,Coal,Capesize,178992,1633,1670,1860,607.5,78.5,2.8,0.76,121.5,80.94,28.61
2024-10-01,Australia,Visakhapatnam,Iron Ore,Capesize,160204,1633,1670,1860,607.5,78.5,3.1,0.71,134.8,80.94,31.13
2024-10-01,Australia,Visakhapatnam,Coal,Supramax,55579,1633,1670,1860,607.5,78.5,3.2,0.63,120.9,80.94,38.92
2024-10-01,Australia,Visakhapatnam,Iron Ore,Supramax,49790,1633,1670,1860,607.5,78.5,2.0,0.67,129.0,80.94,39.97
2024-10-01,Australia,Paradip,Coal,Panamax,77442,1633,1670,1860,607.5,78.5,2.7,0.7,136.5,80.94,33.31
2024-10-01,Australia,Paradip,Iron Ore,Panamax,70291,1633,1670,1860,607.5,78.5,2.9,0.71,128.7,80.94,34.36
2024-10-01,Australia,Paradip,Coal,Capesize,173781,1633,1670,1860,607.5,78.5,3.1,0.65,134.5,80.94,30.87
2024-10-01,Australia,Paradip,Iron Ore,Capesize,162065,1633,1670,1860,607.5,78.5,2.4,0.62,133.0,80.94,32.61
2024-10-01,Australia,Paradip,Coal,Supramax,50462,1633,1670,1860,607.5,78.5,2.9,0.72,144.5,80.94,39.15
2024-10-01,Australia,Paradip,Iron Ore,Supramax,59425,1633,1670,1860,607.5,78.5,2.9,0.7,130.0,80.94,40.25
2024-10-01,Australia,Chennai,Coal,Panamax,73736,1633,1670,1860,607.5,78.5,3.1,0.62,150.9,80.94,33.7
2024-10-01,Australia,Chennai,Iron Ore,Panamax,77560,1633,1670,1860,607.5,78.5,2.6,0.7,138.9,80.94,33.95
2024-10-01,Australia,Chennai,Coal,Capesize,161067,1633,1670,1860,607.5,78.5,2.2,0.75,116.4,80.94,27.15
2024-10-01,Australia,Chennai,Iron Ore,Capesize,165179,1633,1670,1860,607.5,78.5,2.6,0.68,132.5,80.94,30.44
2024-10-01,Australia,Chennai,Coal,Supramax,55164,1633,1670,1860,607.5,78.5,2.4,0.74,124.9,80.94,35.26
2024-10-01,Australia,Chennai,Iron Ore,Supramax,55776,1633,1670,1860,607.5,78.5,2.3,0.7,140.4,80.94,38.05
2024-10-01,Indonesia,Visakhapatnam,Coal,Panamax,74449,1633,1670,1860,607.5,78.5,2.6,0.71,134.2,80.94,12.0
2024-10-01,Indonesia,Visakhapatnam,Iron Ore,Panamax,75763,1633,1670,1860,607.5,78.5,3.1,0.7,121.6,80.94,12.0
2024-10-01,Indonesia,Visakhapatnam,Coal,Capesize,161392,1633,1670,1860,607.5,78.5,2.5,0.68,128.3,80.94,12.0
2024-10-01,Indonesia,Visakhapatnam,Iron Ore,Capesize,180613,1633,1670,1860,607.5,78.5,2.7,0.69,144.3,80.94,12.0
2024-10-01,Indonesia,Visakhapatnam,Coal,Supramax,53254,1633,1670,1860,607.5,78.5,2.5,0.68,125.8,80.94,12.54
2024-10-01,Indonesia,Visakhapatnam,Iron Ore,Supramax,51810,1633,1670,1860,607.5,78.5,2.7,0.71,126.9,80.94,12.97
2024-10-01,Indonesia,Paradip,Coal,Panamax,75953,1633,1670,1860,607.5,78.5,3.0,0.72,136.4,80.94,12.0
2024-10-01,Indonesia,Paradip,Iron Ore,Panamax,72132,1633,1670,1860,607.5,78.5,2.3,0.75,139.0,80.94,12.0
2024-10-01,Indonesia,Paradip,Coal,Capesize,185692,1633,1670,1860,607.5,78.5,3.4,0.68,141.3,80.94,12.0
2024-10-01,Indonesia,Paradip,Iron Ore,Capesize,188167,1633,1670,1860,607.5,78.5,2.6,0.77,139.9,80.94,12.0
2024-10-01,Indonesia,Paradip,Coal,Supramax,55719,1633,1670,1860,607.5,78.5,2.2,0.62,129.1,80.94,13.32
2024-10-01,Indonesia,Paradip,Iron Ore,Supramax,52673,1633,1670,1860,607.5,78.5,2.6,0.76,139.3,80.94,12.3
2024-11-01,Australia,Visakhapatnam,Coal,Panamax,71172,1557,1496,1696,609.4,81.3,2.5,0.74,133.7,81.61,30.75
2024-11-01,Australia,Visakhapatnam,Iron Ore,Panamax,73180,1557,1496,1696,609.4,81.3,2.3,0.68,131.8,81.61,32.81
2024-11-01,Australia,Visakhapatnam,Coal,Capesize,179162,1557,1496,1696,609.4,81.3,3.3,0.69,128.0,81.61,28.64
2024-11-01,Australia,Visakhapatnam,Iron Ore,Capesize,186177,1557,1496,1696,609.4,81.3,3.0,0.66,124.0,81.61,30.58
2024-11-01,Australia,Visakhapatnam,Coal,Supramax,58520,1557,1496,1696,609.4,81.3,3.2,0.6,130.0,81.61,37.97
2024-11-01,Australia,Visakhapatnam,Iron Ore,Supramax,59440,1557,1496,1696,609.4,81.3,3.2,0.7,129.6,81.61,38.2
2024-11-01,Australia,Paradip,Coal,Panamax,71778,1557,1496,1696,609.4,81.3,3.1,0.64,125.2,81.61,33.18
2024-11-01,Australia,Paradip,Iron Ore,Panamax,74940,1557,1496,1696,609.4,81.3,3.4,0.66,138.9,81.61,35.51
2024-11-01,Australia,Paradip,Coal,Capesize,164886,1557,1496,1696,609.4,81.3,2.6,0.69,128.8,81.61,28.41
2024-11-01,Australia,Paradip,Iron Ore,Capesize,176738,1557,1496,1696,609.4,81.3,2.1,0.66,132.8,81.61,29.8
2024-11-01,Australia,Paradip,Coal,Supramax,57942,1557,1496,1696,609.4,81.3,3.4,0.63,126.4,81.61,37.97
2024-11-01,Australia,Paradip,Iron Ore,Supramax,51889,1557,1496,1696,609.4,81.3,2.9,0.66,126.2,81.61,39.86
2024-11-01,Australia,Chennai,Coal,Panamax,75093,1557,1496,1696,609.4,81.3,3.2,0.7,130.4,81.61,31.26
2024-11-01,Australia,Chennai,Iron Ore,Panamax,73922,1557,1496,1696,609.4,81.3,2.4,0.68,125.8,81.61,32.78
2024-11-01,Australia,Chennai,Coal,Capesize,174005,1557,1496,1696,609.4,81.3,3.5,0.63,133.9,81.61,29.05
2024-11-01,Australia,Chennai,Iron Ore,Capesize,186404,1557,1496,1696,609.4,81.3,3.1,0.72,131.6,81.61,28.49
2024-11-01,Australia,Chennai,Coal,Supramax,50787,1557,1496,1696,609.4,81.3,2.5,0.64,122.2,81.61,35.85
2024-11-01,Australia,Chennai,Iron Ore,Supramax,56273,1557,1496,1696,609.4,81.3,3.1,0.6,135.7,81.61,38.09
2024-11-01,Indonesia,Visakhapatnam,Coal,Panamax,70896,1557,1496,1696,609.4,81.3,2.3,0.73,125.8,81.61,12.0
2024-11-01,Indonesia,Visakhapatnam,Iron Ore,Panamax,82451,1557,1496,1696,609.4,81.3,3.2,0.68,129.6,81.61,12.0
2024-11-01,Indonesia,Visakhapatnam,Coal,Capesize,180107,1557,1496,1696,609.4,81.3,3.0,0.65,127.0,81.61,12.0
2024-11-01,Indonesia,Visakhapatnam,Iron Ore,Capesize,191076,1557,1496,1696,609.4,81.3,2.3,0.7,122.2,81.61,12.0
2024-11-01,Indonesia,Visakhapatnam,Coal,Supramax,51229,1557,1496,1696,609.4,81.3,2.8,0.75,136.4,81.61,12.0
2024-11-01,Indonesia,Visakhapatnam,Iron Ore,Supramax,52540,1557,1496,1696,609.4,81.3,2.7,0.65,131.9,81.61,12.61
2024-11-01,Indonesia,Paradip,Coal,Panamax,69615,1557,1496,1696,609.4,81.3,2.3,0.8,124.3,81.61,12.0
2024-11-01,Indonesia,Paradip,Iron Ore,Panamax,78230,1557,1496,1696,609.4,81.3,2.7,0.68,133.1,81.61,12.0
2024-11-01,Indonesia,Paradip,Coal,Capesize,159770,1557,1496,1696,609.4,81.3,3.5,0.61,134.5,81.61,12.0
2024-11-01,Indonesia,Paradip,Iron Ore,Capesize,167065,1557,1496,1696,609.4,81.3,3.0,0.7,125.6,81.61,12.0
2024-11-01,Indonesia,Paradip,Coal,Supramax,57538,1557,1496,1696,609.4,81.3,3.1,0.6,130.1,81.61,13.9
2024-11-01,Indonesia,Paradip,Iron Ore,Supramax,55720,1557,1496,1696,609.4,81.3,2.7,0.62,134.1,81.61,13.82
2024-12-01,Australia,Visakhapatnam,Coal,Panamax,69747,1489,1503,1773,618.5,79.8,3.2,0.65,139.4,80.73,32.69
2024-12-01,Australia,Visakhapatnam,Iron Ore,Panamax,81062,1489,1503,1773,618.5,79.8,2.7,0.69,124.4,80.73,33.32
2024-12-01,Australia,Visakhapatnam,Coal,Capesize,158339,1489,1503,1773,618.5,79.8,2.9,0.65,130.9,80.73,29.13
2024-12-01,Australia,Visakhapatnam,Iron Ore,Capesize,166478,1489,1503,1773,618.5,79.8,2.9,0.68,132.3,80.73,29.86
2024-12-01,Australia,Visakhapatnam,Coal,Supramax,53083,1489,1503,1773,618.5,79.8,2.9,0.69,129.2,80.73,36.24
2024-12-01,Australia,Visakhapatnam,Iron Ore,Supramax,59483,1489,1503,1773,618.5,79.8,3.2,0.66,113.9,80.73,39.36
2024-12-01,Australia,Paradip,Coal,Panamax,78751,1489,1503,1773,618.5,79.8,3.2,0.65,124.4,80.73,32.63
2024-12-01,Australia,Paradip,Iron Ore,Panamax,81508,1489,1503,1773,618.5,79.8,3.5,0.61,133.4,80.73,34.56
2024-12-01,Australia,Paradip,Coal,Capesize,167190,1489,1503,1773,618.5,79.8,3.2,0.65,134.2,80.73,29.76
2024-12-01,Australia,Paradip,Iron Ore,Capesize,165647,1489,1503,1773,618.5,79.8,3.9,0.6,130.3,80.73,31.97
2024-12-01,Australia,Paradip,Coal,Supramax,59773,1489,1503,1773,618.5,79.8,2.9,0.66,129.4,80.73,36.76
2024-12-01,Australia,Paradip,Iron Ore,Supramax,50652,1489,1503,1773,618.5,79.8,3.1,0.66,138.1,80.73,39.33
2024-12-01,Australia,Chennai,Coal,Panamax,79832,1489,1503,1773,618.5,79.8,3.1,0.72,136.1,80.73,29.77
2024-12-01,Australia,Chennai,Iron Ore,Panamax,80689,1489,1503,1773,618.5,79.8,3.3,0.67,129.9,80.73,32.93
2024-12-01,Australia,Chennai,Coal,Capesize,158869,1489,1503,1773,618.5,79.8,3.2,0.67,123.0,80.73,27.25
2024-12-01,Australia,Chennai,Iron Ore,Capesize,158598,1489,1503,1773,618.5,79.8,3.5,0.64,131.4,80.73,29.84
2024-12-01,Australia,Chennai,Coal,Supramax,54296,1489,1503,1773,618.5,79.8,2.8,0.67,136.3,80.73,34.9
2024-12-01,Australia,Chennai,Iron Ore,Supramax,55508,1489,1503,1773,618.5,79.8,3.4,0.6,128.6,80.73,38.21
2024-12-01,Indonesia,Visakhapatnam,Coal,Panamax,81723,1489,1503,1773,618.5,79.8,3.5,0.61,144.5,80.73,12.55
2024-12-01,Indonesia,Visakhapatnam,Iron Ore,Panamax,79654,1489,1503,1773,618.5,79.8,3.1,0.64,125.0,80.73,12.13
2024-12-01,Indonesia,Visakhapatnam,Coal,Capesize,176942,1489,1503,1773,618.5,79.8,3.2,0.73,126.4,80.73,12.0
2024-12-01,Indonesia,Visakhapatnam,Iron Ore,Capesize,170152,1489,1503,1773,618.5,79.8,3.3,0.72,138.9,80.73,12.0
2024-12-01,Indonesia,Visakhapatnam,Coal,Supramax,59222,1489,1503,1773,618.5,79.8,2.9,0.8,143.7,80.73,12.0
2024-12-01,Indonesia,Visakhapatnam,Iron Ore,Supramax,58684,1489,1503,1773,618.5,79.8,4.0,0.63,131.1,80.73,14.99
2024-12-01,Indonesia,Paradip,Coal,Panamax,80886,1489,1503,1773,618.5,79.8,3.1,0.66,138.9,80.73,12.07
2024-12-01,Indonesia,Paradip,Iron Ore,Panamax,75479,1489,1503,1773,618.5,79.8,3.4,0.75,141.1,80.73,12.0
2024-12-01,Indonesia,Paradip,Coal,Capesize,190322,1489,1503,1773,618.5,79.8,2.6,0.76,132.6,80.73,12.0
2024-12-01,Indonesia,Paradip,Iron Ore,Capesize,189174,1489,1503,1773,618.5,79.8,3.2,0.66,139.8,80.73,12.0
2024-12-01,Indonesia,Paradip,Coal,Supramax,55242,1489,1503,1773,618.5,79.8,3.0,0.68,126.3,80.73,12.84
2024-12-01,Indonesia,Paradip,Iron Ore,Supramax,60389,1489,1503,1773,618.5,79.8,3.0,0.68,123.5,80.73,12.81
2025-01-01,Australia,Visakhapatnam,Coal,Panamax,71302,1579,1405,1977,629.9,86.8,3.5,0.71,144.8,82.71,33.89
2025-01-01,Australia,Visakhapatnam,Iron Ore,Panamax,73767,1579,1405,1977,629.9,86.8,3.5,0.7,139.8,82.71,35.37
2025-01-01,Australia,Visakhapatnam,Coal,Capesize,177956,1579,1405,1977,629.9,86.8,3.6,0.71,146.1,82.71,29.82
2025-01-01,Australia,Visakhapatnam,Iron Ore,Capesize,179876,1579,1405,1977,629.9,86.8,3.1,0.67,133.6,82.71,32.11
2025-01-01,Australia,Visakhapatnam,Coal,Supramax,56372,1579,1405,1977,629.9,86.8,4.1,0.64,137.8,82.71,40.23
2025-01-01,Australia,Visakhapatnam,Iron Ore,Supramax,60463,1579,1405,1977,629.9,86.8,3.8,0.66,130.9,82.71,41.63
2025-01-01,Australia,Paradip,Coal,Panamax,69321,1579,1405,1977,629.9,86.8,3.3,0.66,129.3,82.71,34.43
2025-01-01,Australia,Paradip,Iron Ore,Panamax,70549,1579,1405,1977,629.9,86.8,3.4,0.66,132.6,82.71,36.58
2025-01-01,Australia,Paradip,Coal,Capesize,166771,1579,1405,1977,629.9,86.8,3.7,0.58,135.6,82.71,32.38
2025-01-01,Australia,Paradip,Iron Ore,Capesize,192175,1579,1405,1977,629.9,86.8,3.5,0.63,130.0,82.71,32.76
2025-01-01,Australia,Paradip,Coal,Supramax,56600,1579,1405,1977,629.9,86.8,3.8,0.66,144.8,82.71,39.68
2025-01-01,Australia,Paradip,Iron Ore,Supramax,53822,1579,1405,1977,629.9,86.8,3.5,0.66,149.7,82.71,41.8
2025-01-01,Australia,Chennai,Coal,Panamax,77182,1579,1405,1977,629.9,86.8,2.5,0.7,145.9,82.71,31.84
2025-01-01,Australia,Chennai,Iron Ore,Panamax,79480,1579,1405,1977,629.9,86.8,3.5,0.63,133.9,82.71,34.65
2025-01-01,Australia,Chennai,Coal,Capesize,167897,1579,1405,1977,629.9,86.8,2.9,0.66,135.0,82.71,29.46
2025-01-01,Australia,Chennai,Iron Ore,Capesize,170694,1579,1405,1977,629.9,86.8,3.8,0.62,127.6,82.71,32.43
2025-01-01,Australia,Chennai,Coal,Supramax,59493,1579,1405,1977,629.9,86.8,4.8,0.62,134.4,82.71,39.69
2025-01-01,Australia,Chennai,Iron Ore,Supramax,56549,1579,1405,1977,629.9,86.8,4.1,0.61,115.4,82.71,40.56
2025-01-01,Indonesia,Visakhapatnam,Coal,Panamax,79279,1579,1405,1977,629.9,86.8,3.0,0.67,128.8,82.71,12.05
2025-01-01,Indonesia,Visakhapatnam,Iron Ore,Panamax,71962,1579,1405,1977,629.9,86.8,3.1,0.73,152.4,82.71,12.53
2025-01-01,Indonesia,Visakhapatnam,Coal,Capesize,166344,1579,1405,1977,629.9,86.8,2.9,0.77,133.3,82.71,12.0
2025-01-01,Indonesia,Visakhapatnam,Iron Ore,Capesize,171086,1579,1405,1977,629.9,86.8,3.6,0.59,149.4,82.71,13.72
2025-01-01,Indonesia,Visakhapatnam,Coal,Supramax,54335,1579,1405,1977,629.9,86.8,4.0,0.62,139.0,82.71,14.91
2025-01-01,Indonesia,Visakhapatnam,Iron Ore,Supramax,59867,1579,1405,1977,629.9,86.8,3.3,0.67,144.1,82.71,14.38
2025-01-01,Indonesia,Paradip,Coal,Panamax,80342,1579,1405,1977,629.9,86.8,2.9,0.77,127.0,82.71,12.0
2025-01-01,Indonesia,Paradip,Iron Ore,Panamax,77756,1579,1405,1977,629.9,86.8,3.5,0.69,130.8,82.71,12.99
2025-01-01,Indonesia,Paradip,Coal,Capesize,177079,1579,1405,1977,629.9,86.8,3.7,0.63,145.8,82.71,13.09
2025-01-01,Indonesia,Paradip,Iron Ore,Capesize,184262,1579,1405,1977,629.9,86.8,4.2,0.63,137.8,82.71,13.23
2025-01-01,Indonesia,Paradip,Coal,Supramax,57082,1579,1405,1977,629.9,86.8,3.8,0.67,135.3,82.71,14.65
2025-01-01,Indonesia,Paradip,Iron Ore,Supramax,54208,1579,1405,1977,629.9,86.8,3.6,0.65,136.5,82.71,14.87
2025-02-01,Australia,Visakhapatnam,Coal,Panamax,78217,1729,1484,1912,618.4,85.9,3.8,0.56,128.7,83.48,37.41
2025-02-01,Australia,Visakhapatnam,Iron Ore,Panamax,78516,1729,1484,1912,618.4,85.9,3.3,0.67,135.8,83.48,37.26
2025-02-01,Australia,Visakhapatnam,Coal,Capesize,176489,1729,1484,1912,618.4,85.9,4.7,0.6,128.8,83.48,33.16
2025-02-01,Australia,Visakhapatnam,Iron Ore,Capesize,159107,1729,1484,1912,618.4,85.9,2.9,0.64,146.2,83.48,33.44
2025-02-01,Australia,Visakhapatnam,Coal,Supramax,50068,1729,1484,1912,618.4,85.9,3.3,0.59,134.8,83.48,40.81
2025-02-01,Australia,Visakhapatnam,Iron Ore,Supramax,58104,1729,1484,1912,618.4,85.9,3.5,0.72,126.6,83.48,41.64
2025-02-01,Australia,Paradip,Coal,Panamax,73222,1729,1484,1912,618.4,85.9,3.8,0.66,127.5,83.48,36.63
2025-02-01,Australia,Paradip,Iron Ore,Panamax,70074,1729,1484,1912,618.4,85.9,3.8,0.65,146.4,83.48,38.42
2025-02-01,Australia,Paradip,Coal,Capesize,167707,1729,1484,1912,618.4,85.9,3.8,0.58,140.2,83.48,32.94
2025-02-01,Australia,Paradip,Iron Ore,Capesize,180137,1729,1484,1912,618.4,85.9,4.0,0.65,125.9,83.48,34.21
2025-02-01,Australia,Paradip,Coal,Supramax,52344,1729,1484,1912,618.4,85.9,3.3,0.64,139.7,83.48,40.97
2025-02-01,Australia,Paradip,Iron Ore,Supramax,56717,1729,1484,1912,618.4,85.9,3.3,0.64,136.5,83.48,43.41
2025-02-01,Australia,Chennai,Coal,Panamax,77017,1729,1484,1912,618.4,85.9,4.4,0.56,123.9,83.48,36.07
2025-02-01,Australia,Chennai,Iron Ore,Panamax,73727,1729,1484,1912,618.4,85.9,3.1,0.7,133.5,83.48,34.89
2025-02-01,Australia,Chennai,Coal,Capesize,172539,1729,1484,1912,618.4,85.9,4.0,0.64,136.6,83.48,30.81
2025-02-01,Australia,Chennai,Iron Ore,Capesize,189373,1729,1484,1912,618.4,85.9,3.4,0.69,144.0,83.48,31.87
2025-02-01,Australia,Chennai,Coal,Supramax,51556,1729,1484,1912,618.4,85.9,3.6,0.66,139.1,83.48,39.11
2025-02-01,Australia,Chennai,Iron Ore,Supramax,60173,1729,1484,1912,618.4,85.9,4.2,0.65,138.1,83.48,42.06
2025-02-01,Indonesia,Visakhapatnam,Coal,Panamax,67521,1729,1484,1912,618.4,85.9,3.2,0.62,118.8,83.48,13.32
2025-02-01,Indonesia,Visakhapatnam,Iron Ore,Panamax,75334,1729,1484,1912,618.4,85.9,4.1,0.66,130.3,83.48,14.24
2025-02-01,Indonesia,Visakhapatnam,Coal,Capesize,157832,1729,1484,1912,618.4,85.9,3.3,0.67,137.6,83.48,12.0
2025-02-01,Indonesia,Visakhapatnam,Iron Ore,Capesize,187021,1729,1484,1912,618.4,85.9,3.7,0.67,122.1,83.48,12.51
2025-02-01,Indonesia,Visakhapatnam,Coal,Supramax,49685,1729,1484,1912,618.4,85.9,3.2,0.64,133.7,83.48,14.47
2025-02-01,Indonesia,Visakhapatnam,Iron Ore,Supramax,50123,1729,1484,1912,618.4,85.9,4.4,0.56,133.0,83.48,16.21
2025-02-01,Indonesia,Paradip,Coal,Panamax,68824,1729,1484,1912,618.4,85.9,4.3,0.64,123.5,83.48,13.37
2025-02-01,Indonesia,Paradip,Iron Ore,Panamax,81734,1729,1484,1912,618.4,85.9,3.5,0.64,158.7,83.48,13.28
2025-02-01,Indonesia,Paradip,Coal,Capesize,188060,1729,1484,1912,618.4,85.9,3.8,0.61,150.4,83.48,14.07
2025-02-01,Indonesia,Paradip,Iron Ore,Capesize,163540,1729,1484,1912,618.4,85.9,3.3,0.72,144.0,83.48,12.0
2025-02-01,Indonesia,Paradip,Coal,Supramax,50000,1729,1484,1912,618.4,85.9,3.5,0.55,140.1,83.48,16.07
2025-02-01,Indonesia,Paradip,Iron Ore,Supramax,54492,1729,1484,1912,618.4,85.9,3.8,0.66,133.9,83.48,16.01
2025-03-01,Australia,Visakhapatnam,Coal,Panamax,82005,1685,1636,2086,631.8,91.9,4.2,0.65,120.4,82.57,39.08
2025-03-01,Australia,Visakhapatnam,Iron Ore,Panamax,71366,1685,1636,2086,631.8,91.9,4.4,0.64,146.9,82.57,40.42
2025-03-01,Australia,Visakhapatnam,Coal,Capesize,166930,1685,1636,2086,631.8,91.9,4.1,0.59,152.4,82.57,35.35
2025-03-01,Australia,Visakhapatnam,Iron Ore,Capesize,182540,1685,1636,2086,631.8,91.9,3.3,0.75,123.7,82.57,34.42
2025-03-01,Australia,Visakhapatnam,Coal,Supramax,57151,1685,1636,2086,631.8,91.9,3.6,0.68,144.7,82.57,42.19
2025-03-01,Australia,Visakhapatnam,Iron Ore,Supramax,52302,1685,1636,2086,631.8,91.9,4.2,0.67,124.2,82.57,45.05
2025-03-01,Australia,Paradip,Coal,Panamax,81100,1685,1636,2086,631.8,91.9,4.0,0.6,138.6,82.57,39.72
2025-03-01,Australia,Paradip,Iron Ore,Panamax,77607,1685,1636,2086,631.8,91.9,4.2,0.61,130.0,82.57,42.04
2025-03-01,Australia,Paradip,Coal,Capesize,183030,1685,1636,2086,631.8,91.9,4.0,0.59,126.2,82.57,35.62
2025-03-01,Australia,Paradip,Iron Ore,Capesize,170729,1685,1636,2086,631.8,91.9,3.5,0.61,122.9,82.57,36.97
2025-03-01,Australia,Paradip,Coal,Supramax,54168,1685,1636,2086,631.8,91.9,3.6,0.67,134.6,82.57,43.22
2025-03-01,Australia,Paradip,Iron Ore,Supramax,56623,1685,1636,2086,631.8,91.9,2.9,0.71,120.7,82.57,44.21
2025-03-01,Australia,Chennai,Coal,Panamax,68955,1685,1636,2086,631.8,91.9,3.8,0.66,123.6,82.57,36.63
2025-03-01,Australia,Chennai,Iron Ore,Panamax,80796,1685,1636,2086,631.8,91.9,3.0,0.65,133.5,82.57,38.15
2025-03-01,Australia,Chennai,Coal,Capesize,165865,1685,1636,2086,631.8,91.9,4.2,0.58,126.5,82.57,35.3
2025-03-01,Australia,Chennai,Iron Ore,Capesize,161576,1685,1636,2086,631.8,91.9,4.3,0.55,127.1,82.57,36.52
2025-03-01,Australia,Chennai,Coal,Supramax,59098,1685,1636,2086,631.8,91.9,3.7,0.69,135.1,82.57,42.34
2025-03-01,Australia,Chennai,Iron Ore,Supramax,50727,1685,1636,2086,631.8,91.9,3.3,0.78,138.1,82.57,42.21
2025-03-01,Indonesia,Visakhapatnam,Coal,Panamax,75816,1685,1636,2086,631.8,91.9,4.0,0.61,137.8,82.57,15.32
2025-03-01,Indonesia,Visakhapatnam,Iron Ore,Panamax,81919,1685,1636,2086,631.8,91.9,3.4,0.74,130.9,82.57,13.2
2025-03-01,Indonesia,Visakhapatnam,Coal,Capesize,171827,1685,1636,2086,631.8,91.9,4.1,0.68,129.3,82.57,12.57
2025-03-01,Indonesia,Visakhapatnam,Iron Ore,Capesize,185981,1685,1636,2086,631.8,91.9,4.3,0.67,148.3,82.57,12.98
2025-03-01,Indonesia,Visakhapatnam,Coal,Supramax,56666,1685,1636,2086,631.8,91.9,3.8,0.62,138.8,82.57,16.59
2025-03-01,Indonesia,Visakhapatnam,Iron Ore,Supramax,50505,1685,1636,2086,631.8,91.9,3.9,0.64,136.4,82.57,16.16
2025-03-01,Indonesia,Paradip,Coal,Panamax,77096,1685,1636,2086,631.8,91.9,3.7,0.6,135.3,82.57,15.33
2025-03-01,Indonesia,Paradip,Iron Ore,Panamax,75145,1685,1636,2086,631.8,91.9,4.3,0.62,142.8,82.57,16.34
2025-03-01,Indonesia,Paradip,Coal,Capesize,188855,1685,1636,2086,631.8,91.9,4.8,0.61,128.6,82.57,14.53
2025-03-01,Indonesia,Paradip,Iron Ore,Capesize,176503,1685,1636,2086,631.8,91.9,3.6,0.66,151.9,82.57,13.58
2025-03-01,Indonesia,Paradip,Coal,Supramax,51292,1685,1636,2086,631.8,91.9,4.2,0.64,144.7,82.57,16.4
2025-03-01,Indonesia,Paradip,Iron Ore,Supramax,54303,1685,1636,2086,631.8,91.9,3.3,0.6,140.9,82.57,17.48
2025-04-01,Australia,Visakhapatnam,Coal,Panamax,70726,1811,1792,2156,609.3,92.3,4.3,0.59,137.3,83.35,40.8
2025-04-01,Australia,Visakhapatnam,Iron Ore,Panamax,75388,1811,1792,2156,609.3,92.3,4.6,0.64,119.4,83.35,42.62
2025-04-01,Australia,Visakhapatnam,Coal,Capesize,159224,1811,1792,2156,609.3,92.3,3.0,0.71,132.1,83.35,33.31
2025-04-01,Australia,Visakhapatnam,Iron Ore,Capesize,189116,1811,1792,2156,609.3,92.3,3.8,0.66,134.0,83.35,37.49
2025-04-01,Australia,Visakhapatnam,Coal,Supramax,55733,1811,1792,2156,609.3,92.3,4.8,0.57,150.5,83.35,46.84
2025-04-01,Australia,Visakhapatnam,Iron Ore,Supramax,50555,1811,1792,2156,609.3,92.3,3.4,0.64,134.5,83.35,48.16
2025-04-01,Australia,Paradip,Coal,Panamax,77226,1811,1792,2156,609.3,92.3,3.9,0.54,144.9,83.35,41.52
2025-04-01,Australia,Paradip,Iron Ore,Panamax,82148,1811,1792,2156,609.3,92.3,4.0,0.61,128.6,83.35,41.4
2025-04-01,Australia,Paradip,Coal,Capesize,158566,1811,1792,2156,609.3,92.3,3.7,0.66,133.2,83.35,35.16
2025-04-01,Australia,Paradip,Iron Ore,Capesize,157707,1811,1792,2156,609.3,92.3,3.7,0.63,158.9,83.35,38.04
2025-04-01,Australia,Paradip,Coal,Supramax,52023,1811,1792,2156,609.3,92.3,3.5,0.67,139.3,83.35,45.38
2025-04-01,Australia,Paradip,Iron Ore,Supramax,53334,1811,1792,2156,609.3,92.3,3.9,0.59,138.8,83.35,49.21
2025-04-01,Australia,Chennai,Coal,Panamax,76772,1811,1792,2156,609.3,92.3,3.0,0.71,126.4,83.35,37.62
2025-04-01,Australia,Chennai,Iron Ore,Panamax,76894,1811,1792,2156,609.3,92.3,3.7,0.64,141.9,83.35,40.45
2025-04-01,Australia,Chennai,Coal,Capesize,176564,1811,1792,2156,609.3,92.3,3.4,0.63,141.7,83.35,33.48
2025-04-01,Australia,Chennai,Iron Ore,Capesize,163636,1811,1792,2156,609.3,92.3,4.4,0.61,144.9,83.35,36.85
2025-04-01,Australia,Chennai,Coal,Supramax,56837,1811,1792,2156,609.3,92.3,4.0,0.68,134.9,83.35,44.13
2025-04-01,Australia,Chennai,Iron Ore,Supramax,54793,1811,1792,2156,609.3,92.3,4.4,0.63,137.1,83.35,46.9
2025-04-01,Indonesia,Visakhapatnam,Coal,Panamax,81834,1811,1792,2156,609.3,92.3,3.4,0.71,143.4,83.35,12.77
2025-04-01,Indonesia,Visakhapatnam,Iron Ore,Panamax,74119,1811,1792,2156,609.3,92.3,3.7,0.66,130.4,83.35,13.94
2025-04-01,Indonesia,Visakhapatnam,Coal,Capesize,183244,1811,1792,2156,609.3,92.3,3.3,0.61,147.3,83.35,13.1
2025-04-01,Indonesia,Visakhapatnam,Iron Ore,Capesize,189594,1811,1792,2156,609.3,92.3,4.7,0.64,144.1,83.35,14.32
2025-04-01,Indonesia,Visakhapatnam,Coal,Supramax,55185,1811,1792,2156,609.3,92.3,5.0,0.58,137.6,83.35,17.99
2025-04-01,Indonesia,Visakhapatnam,Iron Ore,Supramax,55268,1811,1792,2156,609.3,92.3,3.7,0.65,135.8,83.35,16.17
2025-04-01,Indonesia,Paradip,Coal,Panamax,70398,1811,1792,2156,609.3,92.3,3.5,0.68,140.1,83.35,14.25
2025-04-01,Indonesia,Paradip,Iron Ore,Panamax,80990,1811,1792,2156,609.3,92.3,4.5,0.59,128.2,83.35,17.28
2025-04-01,Indonesia,Paradip,Coal,Capesize,185624,1811,1792,2156,609.3,92.3,4.1,0.76,137.4,83.35,12.0
2025-04-01,Indonesia,Paradip,Iron Ore,Capesize,177251,1811,1792,2156,609.3,92.3,3.8,0.58,142.8,83.35,14.38
2025-04-01,Indonesia,Paradip,Coal,Supramax,56629,1811,1792,2156,609.3,92.3,4.2,0.65,119.2,83.35,16.76
2025-04-01,Indonesia,Paradip,Iron Ore,Supramax,54289,1811,1792,2156,609.3,92.3,3.7,0.68,129.0,83.35,15.66
2025-05-01,Australia,Visakhapatnam,Coal,Panamax,69651,1923,1799,2461,628.6,92.6,3.3,0.67,129.2,82.47,40.75
2025-05-01,Australia,Visakhapatnam,Iron Ore,Panamax,79373,1923,1799,2461,628.6,92.6,3.5,0.69,143.5,82.47,43.26
2025-05-01,Australia,Visakhapatnam,Coal,Capesize,181362,1923,1799,2461,628.6,92.6,3.7,0.64,133.9,82.47,37.27
2025-05-01,Australia,Visakhapatnam,Iron Ore,Capesize,157926,1923,1799,2461,628.6,92.6,3.7,0.66,146.2,82.47,38.17
2025-05-01,Australia,Visakhapatnam,Coal,Supramax,51770,1923,1799,2461,628.6,92.6,3.3,0.66,147.2,82.47,46.69
2025-05-01,Australia,Visakhapatnam,Iron Ore,Supramax,50370,1923,1799,2461,628.6,92.6,2.9,0.69,136.7,82.47,48.05
2025-05-01,Australia,Paradip,Coal,Panamax,76371,1923,1799,2461,628.6,92.6,3.3,0.67,137.5,82.47,41.14
2025-05-01,Australia,Paradip,Iron Ore,Panamax,69467,1923,1799,2461,628.6,92.6,3.5,0.64,140.5,82.47,44.69
2025-05-01,Australia,Paradip,Coal,Capesize,179670,1923,1799,2461,628.6,92.6,4.2,0.66,140.9,82.47,38.17
2025-05-01,Australia,Paradip,Iron Ore,Capesize,170658,1923,1799,2461,628.6,92.6,3.9,0.66,126.4,82.47,40.1
2025-05-01,Australia,Paradip,Coal,Supramax,54406,1923,1799,2461,628.6,92.6,3.6,0.65,132.1,82.47,48.07
2025-05-01,Australia,Paradip,Iron Ore,Supramax,56466,1923,1799,2461,628.6,92.6,3.1,0.64,120.8,82.47,49.62
2025-05-01,Australia,Chennai,Coal,Panamax,77554,1923,1799,2461,628.6,92.6,3.3,0.7,141.7,82.47,38.87
2025-05-01,Australia,Chennai,Iron Ore,Panamax,73989,1923,1799,2461,628.6,92.6,3.5,0.7,130.4,82.47,41.74
2025-05-01,Australia,Chennai,Coal,Capesize,183532,1923,1799,2461,628.6,92.6,3.2,0.64,147.5,82.47,35.74
2025-05-01,Australia,Chennai,Iron Ore,Capesize,177106,1923,1799,2461,628.6,92.6,3.9,0.73,139.8,82.47,36.95
2025-05-01,Australia,Chennai,Coal,Supramax,49584,1923,1799,2461,628.6,92.6,3.2,0.64,140.4,82.47,46.44
2025-05-01,Australia,Chennai,Iron Ore,Supramax,53482,1923,1799,2461,628.6,92.6,3.7,0.68,132.2,82.47,47.92
2025-05-01,Indonesia,Visakhapatnam,Coal,Panamax,77733,1923,1799,2461,628.6,92.6,3.2,0.65,120.1,82.47,14.19
2025-05-01,Indonesia,Visakhapatnam,Iron Ore,Panamax,70494,1923,1799,2461,628.6,92.6,3.5,0.67,140.1,82.47,15.17
2025-05-01,Indonesia,Visakhapatnam,Coal,Capesize,191017,1923,1799,2461,628.6,92.6,3.5,0.63,120.8,82.47,13.51
2025-05-01,Indonesia,Visakhapatnam,Iron Ore,Capesize,182945,1923,1799,2461,628.6,92.6,3.7,0.69,140.6,82.47,13.34
2025-05-01,Indonesia,Visakhapatnam,Coal,Supramax,50195,1923,1799,2461,628.6,92.6,3.8,0.63,132.3,82.47,16.58
2025-05-01,Indonesia,Visakhapatnam,Iron Ore,Supramax,49941,1923,1799,2461,628.6,92.6,3.7,0.69,129.3,82.47,16.49
2025-05-01,Indonesia,Paradip,Coal,Panamax,80633,1923,1799,2461,628.6,92.6,3.4,0.61,129.9,82.47,15.37
2025-05-01,Indonesia,Paradip,Iron Ore,Panamax,74687,1923,1799,2461,628.6,92.6,4.2,0.62,135.7,82.47,16.79
2025-05-01,Indonesia,Paradip,Coal,Capesize,191039,1923,1799,2461,628.6,92.6,3.4,0.65,134.7,82.47,13.57
2025-05-01,Indonesia,Paradip,Iron Ore,Capesize,164572,1923,1799,2461,628.6,92.6,3.6,0.62,126.5,82.47,14.96
2025-05-01,Indonesia,Paradip,Coal,Supramax,58600,1923,1799,2461,628.6,92.6,4.1,0.65,143.1,82.47,17.92
2025-05-01,Indonesia,Paradip,Iron Ore,Supramax,54707,1923,1799,2461,628.6,92.6,3.6,0.73,142.8,82.47,16.32
2025-06-01,Australia,Visakhapatnam,Coal,Panamax,79366,2026,1838,2268,635.4,89.2,3.3,0.66,138.8,82.69,41.53
2025-06-01,Australia,Visakhapatnam,Iron Ore,Panamax,67613,2026,1838,2268,635.4,89.2,3.4,0.65,132.8,82.69,44.63
2025-06-01,Australia,Visakhapatnam,Coal,Capesize,176691,2026,1838,2268,635.4,89.2,2.8,0.65,136.1,82.69,36.68
2025-06-01,Australia,Visakhapatnam,Iron Ore,Capesize,180641,2026,1838,2268,635.4,89.2,3.1,0.64,139.6,82.69,38.61
2025-06-01,Australia,Visakhapatnam,Coal,Supramax,59279,2026,1838,2268,635.4,89.2,2.9,0.7,141.0,82.69,47.0
2025-06-01,Australia,Visakhapatnam,Iron Ore,Supramax,53692,2026,1838,2268,635.4,89.2,3.6,0.65,135.0,82.69,50.94
2025-06-01,Australia,Paradip,Coal,Panamax,71872,2026,1838,2268,635.4,89.2,3.3,0.68,129.2,82.69,42.25
2025-06-01,Australia,Paradip,Iron Ore,Panamax,71965,2026,1838,2268,635.4,89.2,3.3,0.64,129.2,82.69,45.41
2025-06-01,Australia,Paradip,Coal,Capesize,187381,2026,1838,2268,635.4,89.2,3.0,0.68,131.2,82.69,37.69
2025-06-01,Australia,Paradip,Iron Ore,Capesize,173069,2026,1838,2268,635.4,89.2,3.4,0.7,138.0,82.69,38.55
2025-06-01,Australia,Paradip,Coal,Supramax,50657,2026,1838,2268,635.4,89.2,3.6,0.63,146.7,82.69,48.85
2025-06-01,Australia,Paradip,Iron Ore,Supramax,57405,2026,1838,2268,635.4,89.2,3.3,0.77,124.6,82.69,49.36
2025-06-01,Australia,Chennai,Coal,Panamax,75392,2026,1838,2268,635.4,89.2,3.3,0.63,143.1,82.69,41.09
2025-06-01,Australia,Chennai,Iron Ore,Panamax,68767,2026,1838,2268,635.4,89.2,3.3,0.62,136.6,82.69,43.17
2025-06-01,Australia,Chennai,Coal,Capesize,165347,2026,1838,2268,635.4,89.2,3.5,0.65,133.4,82.69,36.61
2025-06-01,Australia,Chennai,Iron Ore,Capesize,191023,2026,1838,2268,635.4,89.2,3.5,0.67,149.6,82.69,39.06
2025-06-01,Australia,Chennai,Coal,Supramax,56269,2026,1838,2268,635.4,89.2,3.5,0.67,142.5,82.69,45.33
2025-06-01,Australia,Chennai,Iron Ore,Supramax,53613,2026,1838,2268,635.4,89.2,3.5,0.58,132.0,82.69,49.76
2025-06-01,Indonesia,Visakhapatnam,Coal,Panamax,69045,2026,1838,2268,635.4,89.2,3.3,0.67,153.4,82.69,14.41
2025-06-01,Indonesia,Visakhapatnam,Iron Ore,Panamax,71347,2026,1838,2268,635.4,89.2,3.3,0.7,141.8,82.69,15.14
2025-06-01,Indonesia,Visakhapatnam,Coal,Capesize,191179,2026,1838,2268,635.4,89.2,3.4,0.66,138.6,82.69,13.35
2025-06-01,Indonesia,Visakhapatnam,Iron Ore,Capesize,165596,2026,1838,2268,635.4,89.2,3.5,0.64,136.8,82.69,14.55
2025-06-01,Indonesia,Visakhapatnam,Coal,Supramax,56459,2026,1838,2268,635.4,89.2,3.1,0.67,138.7,82.69,16.22
2025-06-01,Indonesia,Visakhapatnam,Iron Ore,Supramax,59538,2026,1838,2268,635.4,89.2,3.0,0.67,143.1,82.69,17.15
2025-06-01,Indonesia,Paradip,Coal,Panamax,73904,2026,1838,2268,635.4,89.2,3.5,0.68,142.2,82.69,15.75
2025-06-01,Indonesia,Paradip,Iron Ore,Panamax,71860,2026,1838,2268,635.4,89.2,3.3,0.69,130.4,82.69,15.5
2025-06-01,Indonesia,Paradip,Coal,Capesize,163443,2026,1838,2268,635.4,89.2,2.5,0.72,137.7,82.69,12.0
2025-06-01,Indonesia,Paradip,Iron Ore,Capesize,168860,2026,1838,2268,635.4,89.2,3.2,0.73,127.5,82.69,13.58
2025-06-01,Indonesia,Paradip,Coal,Supramax,56277,2026,1838,2268,635.4,89.2,3.7,0.63,130.7,82.69,18.06
2025-06-01,Indonesia,Paradip,Iron Ore,Supramax,57430,2026,1838,2268,635.4,89.2,3.2,0.69,144.1,82.69,17.55
2025-07-01,Australia,Visakhapatnam,Coal,Panamax,82457,2060,1940,2242,650.1,83.9,2.5,0.69,111.8,83.41,40.81
2025-07-01,Australia,Visakhapatnam,Iron Ore,Panamax,76726,2060,1940,2242,650.1,83.9,3.4,0.68,144.3,83.41,43.6
2025-07-01,Australia,Visakhapatnam,Coal,Capesize,178118,2060,1940,2242,650.1,83.9,2.5,0.75,153.3,83.41,35.64
2025-07-01,Australia,Visakhapatnam,Iron Ore,Capesize,165843,2060,1940,2242,650.1,83.9,2.9,0.69,132.4,83.41,37.83
2025-07-01,Australia,Visakhapatnam,Coal,Supramax,60228,2060,1940,2242,650.1,83.9,2.2,0.69,141.6,83.41,46.19
2025-07-01,Australia,Visakhapatnam,Iron Ore,Supramax,51842,2060,1940,2242,650.1,83.9,2.7,0.78,128.3,83.41,47.44
2025-07-01,Australia,Paradip,Coal,Panamax,69729,2060,1940,2242,650.1,83.9,3.1,0.64,131.7,83.41,41.62
2025-07-01,Australia,Paradip,Iron Ore,Panamax,79357,2060,1940,2242,650.1,83.9,2.5,0.7,129.1,83.41,43.41
2025-07-01,Australia,Paradip,Coal,Capesize,160937,2060,1940,2242,650.1,83.9,3.6,0.67,121.8,83.41,37.41
2025-07-01,Australia,Paradip,Iron Ore,Capesize,186637,2060,1940,2242,650.1,83.9,3.6,0.77,150.0,83.41,38.42
2025-07-01,Australia,Paradip,Coal,Supramax,57140,2060,1940,2242,650.1,83.9,2.7,0.71,130.9,83.41,46.9
2025-07-01,Australia,Paradip,Iron Ore,Supramax,53401,2060,1940,2242,650.1,83.9,2.5,0.69,139.0,83.41,49.95
2025-07-01,Australia,Chennai,Coal,Panamax,82074,2060,1940,2242,650.1,83.9,2.9,0.67,137.8,83.41,40.37
2025-07-01,Australia,Chennai,Iron Ore,Panamax,68865,2060,1940,2242,650.1,83.9,3.0,0.64,137.5,83.41,43.32
2025-07-01,Australia,Chennai,Coal,Capesize,184477,2060,1940,2242,650.1,83.9,3.6,0.7,143.8,83.41,36.24
2025-07-01,Australia,Chennai,Iron Ore,Capesize,190869,2060,1940,2242,650.1,83.9,2.4,0.74,147.6,83.41,36.05
2025-07-01,Australia,Chennai,Coal,Supramax,55063,2060,1940,2242,650.1,83.9,2.9,0.65,128.1,83.41,45.49
2025-07-01,Australia,Chennai,Iron Ore,Supramax,53183,2060,1940,2242,650.1,83.9,3.1,0.7,124.8,83.41,48.49
2025-07-01,Indonesia,Visakhapatnam,Coal,Panamax,78905,2060,1940,2242,650.1,83.9,3.5,0.67,141.3,83.41,15.44
2025-07-01,Indonesia,Visakhapatnam,Iron Ore,Panamax,70158,2060,1940,2242,650.1,83.9,3.5,0.63,143.2,83.41,16.25
2025-07-01,Indonesia,Visakhapatnam,Coal,Capesize,174734,2060,1940,2242,650.1,83.9,3.1,0.6,130.5,83.41,13.79
2025-07-01,Indonesia,Visakhapatnam,Iron Ore,Capesize,171803,2060,1940,2242,650.1,83.9,2.9,0.73,126.0,83.41,12.8
2025-07-01,Indonesia,Visakhapatnam,Coal,Supramax,53676,2060,1940,2242,650.1,83.9,3.6,0.65,134.2,83.41,16.95
2025-07-01,Indonesia,Visakhapatnam,Iron Ore,Supramax,55020,2060,1940,2242,650.1,83.9,2.4,0.65,131.4,83.41,17.25
2025-07-01,Indonesia,Paradip,Coal,Panamax,74201,2060,1940,2242,650.1,83.9,2.4,0.73,139.5,83.41,14.58
2025-07-01,Indonesia,Paradip,Iron Ore,Panamax,76637,2060,1940,2242,650.1,83.9,2.7,0.72,137.8,83.41,15.34
2025-07-01,Indonesia,Paradip,Coal,Capesize,172666,2060,1940,2242,650.1,83.9,3.0,0.69,148.1,83.41,13.84
2025-07-01,Indonesia,Paradip,Iron Ore,Capesize,178340,2060,1940,2242,650.1,83.9,2.6,0.7,141.5,83.41,13.07
2025-07-01,Indonesia,Paradip,Coal,Supramax,54984,2060,1940,2242,650.1,83.9,2.9,0.75,150.8,83.41,15.73
2025-07-01,Indonesia,Paradip,Iron Ore,Supramax,49539,2060,1940,2242,650.1,83.9,3.2,0.68,123.2,83.41,17.14
2025-08-01,Australia,Visakhapatnam,Coal,Panamax,70049,1819,1787,2252,632.4,80.6,2.4,0.74,142.1,83.25,38.4
2025-08-01,Australia,Visakhapatnam,Iron Ore,Panamax,71350,1819,1787,2252,632.4,80.6,2.4,0.68,144.5,83.25,41.06
2025-08-01,Australia,Visakhapatnam,Coal,Capesize,179689,1819,1787,2252,632.4,80.6,3.5,0.63,150.9,83.25,35.77
2025-08-01,Australia,Visakhapatnam,Iron Ore,Capesize,162928,1819,1787,2252,632.4,80.6,2.8,0.68,143.7,83.25,37.1
2025-08-01,Australia,Visakhapatnam,Coal,Supramax,58358,1819,1787,2252,632.4,80.6,2.4,0.65,129.1,83.25,44.14
2025-08-01,Australia,Visakhapatnam,Iron Ore,Supramax,51603,1819,1787,2252,632.4,80.6,3.1,0.75,136.7,83.25,46.11
2025-08-01,Australia,Paradip,Coal,Panamax,67606,1819,1787,2252,632.4,80.6,2.2,0.75,131.5,83.25,37.66
2025-08-01,Australia,Paradip,Iron Ore,Panamax,74699,1819,1787,2252,632.4,80.6,2.2,0.76,132.5,83.25,40.57
2025-08-01,Australia,Paradip,Coal,Capesize,169757,1819,1787,2252,632.4,80.6,3.1,0.71,136.5,83.25,34.42
2025-08-01,Australia,Paradip,Iron Ore,Capesize,165730,1819,1787,2252,632.4,80.6,2.9,0.74,148.6,83.25,36.31
2025-08-01,Australia,Paradip,Coal,Supramax,53988,1819,1787,2252,632.4,80.6,2.9,0.7,138.8,83.25,44.98
2025-08-01,Australia,Paradip,Iron Ore,Supramax,60284,1819,1787,2252,632.4,80.6,2.7,0.7,128.2,83.25,47.34
2025-08-01,Australia,Chennai,Coal,Panamax,71878,1819,1787,2252,632.4,80.6,3.1,0.71,142.1,83.25,38.13
2025-08-01,Australia,Chennai,Iron Ore,Panamax,72736,1819,1787,2252,632.4,80.6,2.3,0.71,123.6,83.25,39.01
2025-08-01,Australia,Chennai,Coal,Capesize,176226,1819,1787,2252,632.4,80.6,2.5,0.68,117.5,83.25,33.71
2025-08-01,Australia,Chennai,Iron Ore,Capesize,191652,1819,1787,2252,632.4,80.6,3.0,0.69,132.0,83.25,35.2
2025-08-01,Australia,Chennai,Coal,Supramax,50397,1819,1787,2252,632.4,80.6,2.6,0.7,133.1,83.25,42.64
2025-08-01,Australia,Chennai,Iron Ore,Supramax,59774,1819,1787,2252,632.4,80.6,1.7,0.73,127.0,83.25,44.63
2025-08-01,Indonesia,Visakhapatnam,Coal,Panamax,69594,1819,1787,2252,632.4,80.6,3.4,0.67,133.6,83.25,13.97
2025-08-01,Indonesia,Visakhapatnam,Iron Ore,Panamax,69850,1819,1787,2252,632.4,80.6,1.9,0.74,138.9,83.25,12.41
2025-08-01,Indonesia,Visakhapatnam,Coal,Capesize,190632,1819,1787,2252,632.4,80.6,2.3,0.72,138.9,83.25,12.0
2025-08-01,Indonesia,Visakhapatnam,Iron Ore,Capesize,165549,1819,1787,2252,632.4,80.6,2.4,0.7,128.2,83.25,12.0
2025-08-01,Indonesia,Visakhapatnam,Coal,Supramax,54140,1819,1787,2252,632.4,80.6,2.4,0.72,155.0,83.25,13.76
2025-08-01,Indonesia,Visakhapatnam,Iron Ore,Supramax,53773,1819,1787,2252,632.4,80.6,3.2,0.65,134.2,83.25,15.62
2025-08-01,Indonesia,Paradip,Coal,Panamax,76367,1819,1787,2252,632.4,80.6,3.0,0.67,129.9,83.25,14.39
2025-08-01,Indonesia,Paradip,Iron Ore,Panamax,75392,1819,1787,2252,632.4,80.6,2.8,0.72,133.1,83.25,13.25
2025-08-01,Indonesia,Paradip,Coal,Capesize,174280,1819,1787,2252,632.4,80.6,2.7,0.63,156.0,83.25,13.05
2025-08-01,Indonesia,Paradip,Iron Ore,Capesize,181360,1819,1787,2252,632.4,80.6,2.8,0.68,138.0,83.25,12.9
2025-08-01,Indonesia,Paradip,Coal,Supramax,51040,1819,1787,2252,632.4,80.6,3.5,0.66,138.8,83.25,16.29
2025-08-01,Indonesia,Paradip,Iron Ore,Supramax,59853,1819,1787,2252,632.4,80.6,2.4,0.7,152.3,83.25,15.85
2025-09-01,Australia,Visakhapatnam,Coal,Panamax,78333,1766,1798,1988,647.1,95.6,3.1,0.66,138.3,83.62,37.44
2025-09-01,Australia,Visakhapatnam,Iron Ore,Panamax,81093,1766,1798,1988,647.1,95.6,3.5,0.66,130.8,83.62,39.4
2025-09-01,Australia,Visakhapatnam,Coal,Capesize,177172,1766,1798,1988,647.1,95.6,2.5,0.72,148.7,83.62,32.61
2025-09-01,Australia,Visakhapatnam,Iron Ore,Capesize,174793,1766,1798,1988,647.1,95.6,2.6,0.71,143.8,83.62,34.84
2025-09-01,Australia,Visakhapatnam,Coal,Supramax,53827,1766,1798,1988,647.1,95.6,2.7,0.74,129.2,83.62,41.5
2025-09-01,Australia,Visakhapatnam,Iron Ore,Supramax,51193,1766,1798,1988,647.1,95.6,2.7,0.7,130.5,83.62,43.96
2025-09-01,Australia,Paradip,Coal,Panamax,75802,1766,1798,1988,647.1,95.6,2.6,0.7,146.7,83.62,38.14
2025-09-01,Australia,Paradip,Iron Ore,Panamax,80982,1766,1798,1988,647.1,95.6,2.7,0.68,149.8,83.62,40.37
2025-09-01,Australia,Paradip,Coal,Capesize,173569,1766,1798,1988,647.1,95.6,2.9,0.71,129.1,83.62,33.6
2025-09-01,Australia,Paradip,Iron Ore,Capesize,183128,1766,1798,1988,647.1,95.6,2.6,0.77,130.0,83.62,34.13
2025-09-01,Australia,Paradip,Coal,Supramax,53486,1766,1798,1988,647.1,95.6,2.1,0.69,142.6,83.62,43.18
2025-09-01,Australia,Paradip,Iron Ore,Supramax,51247,1766,1798,1988,647.1,95.6,2.1,0.76,131.4,83.62,44.06
2025-09-01,Australia,Chennai,Coal,Panamax,80075,1766,1798,1988,647.1,95.6,2.9,0.72,135.7,83.62,35.85
2025-09-01,Australia,Chennai,Iron Ore,Panamax,75105,1766,1798,1988,647.1,95.6,2.3,0.76,129.8,83.62,36.92
2025-09-01,Australia,Chennai,Coal,Capesize,172258,1766,1798,1988,647.1,95.6,2.6,0.69,136.1,83.62,31.8
2025-09-01,Australia,Chennai,Iron Ore,Capesize,170412,1766,1798,1988,647.1,95.6,2.4,0.71,146.8,83.62,33.12
2025-09-01,Australia,Chennai,Coal,Supramax,59957,1766,1798,1988,647.1,95.6,2.3,0.77,149.5,83.62,38.8
2025-09-01,Australia,Chennai,Iron Ore,Supramax,54648,1766,1798,1988,647.1,95.6,2.8,0.7,136.4,83.62,43.36
2025-09-01,Indonesia,Visakhapatnam,Coal,Panamax,78694,1766,1798,1988,647.1,95.6,2.9,0.77,143.7,83.62,12.27
2025-09-01,Indonesia,Visakhapatnam,Iron Ore,Panamax,74366,1766,1798,1988,647.1,95.6,1.3,0.75,131.1,83.62,12.48
2025-09-01,Indonesia,Visakhapatnam,Coal,Capesize,169573,1766,1798,1988,647.1,95.6,3.1,0.67,138.0,83.62,12.0
2025-09-01,Indonesia,Visakhapatnam,Iron Ore,Capesize,186729,1766,1798,1988,647.1,95.6,2.2,0.77,139.7,83.62,12.0
2025-09-01,Indonesia,Visakhapatnam,Coal,Supramax,60206,1766,1798,1988,647.1,95.6,2.8,0.65,112.9,83.62,14.97
2025-09-01,Indonesia,Visakhapatnam,Iron Ore,Supramax,55764,1766,1798,1988,647.1,95.6,2.6,0.66,148.2,83.62,16.72
2025-09-01,Indonesia,Paradip,Coal,Panamax,77736,1766,1798,1988,647.1,95.6,2.3,0.73,150.7,83.62,13.38
2025-09-01,Indonesia,Paradip,Iron Ore,Panamax,79099,1766,1798,1988,647.1,95.6,2.7,0.67,137.0,83.62,13.71
2025-09-01,Indonesia,Paradip,Coal,Capesize,162986,1766,1798,1988,647.1,95.6,2.3,0.73,139.8,83.62,12.0
2025-09-01,Indonesia,Paradip,Iron Ore,Capesize,167576,1766,1798,1988,647.1,95.6,2.8,0.72,130.6,83.62,12.9
2025-09-01,Indonesia,Paradip,Coal,Supramax,50872,1766,1798,1988,647.1,95.6,2.5,0.73,137.7,83.62,14.08
2025-09-01,Indonesia,Paradip,Iron Ore,Supramax,50733,1766,1798,1988,647.1,95.6,2.8,0.74,138.9,83.62,15.3
2025-10-01,Australia,Visakhapatnam,Coal,Panamax,72643,1743,1540,1912,630.6,89.1,2.7,0.74,129.0,82.84,33.42
2025-10-01,Australia,Visakhapatnam,Iron Ore,Panamax,72106,1743,1540,1912,630.6,89.1,2.2,0.69,143.2,82.84,36.23
2025-10-01,Australia,Visakhapatnam,Coal,Capesize,163293,1743,1540,1912,630.6,89.1,2.8,0.67,138.0,82.84,31.25
2025-10-01,Australia,Visakhapatnam,Iron Ore,Capesize,178463,1743,1540,1912,630.6,89.1,2.7,0.65,133.2,82.84,34.03
2025-10-01,Australia,Visakhapatnam,Coal,Supramax,56973,1743,1540,1912,630.6,89.1,2.6,0.65,130.0,82.84,40.65
2025-10-01,Australia,Visakhapatnam,Iron Ore,Supramax,49753,1743,1540,1912,630.6,89.1,1.9,0.71,130.4,82.84,39.98
2025-10-01,Australia,Paradip,Coal,Panamax,82301,1743,1540,1912,630.6,89.1,3.0,0.7,133.2,82.84,35.23
2025-10-01,Australia,Paradip,Iron Ore,Panamax,71908,1743,1540,1912,630.6,89.1,2.4,0.69,147.5,82.84,36.55
2025-10-01,Australia,Paradip,Coal,Capesize,182870,1743,1540,1912,630.6,89.1,1.9,0.8,133.8,82.84,28.76
2025-10-01,Australia,Paradip,Iron Ore,Capesize,185969,1743,1540,1912,630.6,89.1,2.3,0.73,140.0,82.84,31.68
2025-10-01,Australia,Paradip,Coal,Supramax,49722,1743,1540,1912,630.6,89.1,3.1,0.61,132.3,82.84,41.1
2025-10-01,Australia,Paradip,Iron Ore,Supramax,58616,1743,1540,1912,630.6,89.1,2.5,0.76,141.1,82.84,41.43
2025-10-01,Australia,Chennai,Coal,Panamax,68669,1743,1540,1912,630.6,89.1,2.3,0.69,146.9,82.84,32.99
2025-10-01,Australia,Chennai,Iron Ore,Panamax,76973,1743,1540,1912,630.6,89.1,1.9,0.81,131.7,82.84,32.99
2025-10-01,Australia,Chennai,Coal,Capesize,171224,1743,1540,1912,630.6,89.1,2.4,0.67,135.9,82.84,30.35
2025-10-01,Australia,Chennai,Iron Ore,Capesize,178877,1743,1540,1912,630.6,89.1,2.9,0.7,136.1,82.84,31.44
2025-10-01,Australia,Chennai,Coal,Supramax,60032,1743,1540,1912,630.6,89.1,3.1,0.65,129.5,82.84,38.86
2025-10-01,Australia,Chennai,Iron Ore,Supramax,52439,1743,1540,1912,630.6,89.1,2.1,0.72,128.2,82.84,39.84
2025-10-01,Indonesia,Visakhapatnam,Coal,Panamax,74573,1743,1540,1912,630.6,89.1,2.6,0.69,128.9,82.84,12.0
2025-10-01,Indonesia,Visakhapatnam,Iron Ore,Panamax,71023,1743,1540,1912,630.6,89.1,3.1,0.69,141.7,82.84,12.64
2025-10-01,Indonesia,Visakhapatnam,Coal,Capesize,165121,1743,1540,1912,630.6,89.1,2.4,0.78,139.3,82.84,12.0
2025-10-01,Indonesia,Visakhapatnam,Iron Ore,Capesize,163928,1743,1540,1912,630.6,89.1,2.5,0.66,126.8,82.84,12.0
2025-10-01,Indonesia,Visakhapatnam,Coal,Supramax,50090,1743,1540,1912,630.6,89.1,2.7,0.68,124.6,82.84,13.32
2025-10-01,Indonesia,Visakhapatnam,Iron Ore,Supramax,49605,1743,1540,1912,630.6,89.1,3.2,0.66,142.2,82.84,14.99
2025-10-01,Indonesia,Paradip,Coal,Panamax,72836,1743,1540,1912,630.6,89.1,2.6,0.71,119.2,82.84,12.0
2025-10-01,Indonesia,Paradip,Iron Ore,Panamax,82448,1743,1540,1912,630.6,89.1,2.9,0.71,129.5,82.84,12.84
2025-10-01,Indonesia,Paradip,Coal,Capesize,190490,1743,1540,1912,630.6,89.1,3.4,0.68,145.6,82.84,12.0
2025-10-01,Indonesia,Paradip,Iron Ore,Capesize,159671,1743,1540,1912,630.6,89.1,2.5,0.67,139.7,82.84,12.0
2025-10-01,Indonesia,Paradip,Coal,Supramax,49992,1743,1540,1912,630.6,89.1,2.6,0.68,116.1,82.84,14.05
2025-10-01,Indonesia,Paradip,Iron Ore,Supramax,52383,1743,1540,1912,630.6,89.1,3.1,0.64,124.6,82.84,15.71
2025-11-01,Australia,Visakhapatnam,Coal,Panamax,79212,1347,1485,1875,619.8,96.0,3.0,0.63,138.8,83.0,33.13
2025-11-01,Australia,Visakhapatnam,Iron Ore,Panamax,76885,1347,1485,1875,619.8,96.0,2.6,0.75,139.3,83.0,33.78
2025-11-01,Australia,Visakhapatnam,Coal,Capesize,159495,1347,1485,1875,619.8,96.0,3.1,0.64,117.4,83.0,30.37
2025-11-01,Australia,Visakhapatnam,Iron Ore,Capesize,190090,1347,1485,1875,619.8,96.0,3.2,0.66,136.3,83.0,31.47
2025-11-01,Australia,Visakhapatnam,Coal,Supramax,51354,1347,1485,1875,619.8,96.0,2.4,0.63,127.5,83.0,38.91
2025-11-01,Australia,Visakhapatnam,Iron Ore,Supramax,58396,1347,1485,1875,619.8,96.0,2.9,0.68,132.1,83.0,39.27
2025-11-01,Australia,Paradip,Coal,Panamax,73015,1347,1485,1875,619.8,96.0,3.1,0.66,152.0,83.0,34.37
2025-11-01,Australia,Paradip,Iron Ore,Panamax,80305,1347,1485,1875,619.8,96.0,2.7,0.71,135.5,83.0,34.66
2025-11-01,Australia,Paradip,Coal,Capesize,186923,1347,1485,1875,619.8,96.0,2.9,0.75,128.2,83.0,29.03
2025-11-01,Australia,Paradip,Iron Ore,Capesize,188266,1347,1485,1875,619.8,96.0,3.1,0.72,140.8,83.0,31.15
2025-11-01,Australia,Paradip,Coal,Supramax,53836,1347,1485,1875,619.8,96.0,2.4,0.77,146.2,83.0,37.31
2025-11-01,Australia,Paradip,Iron Ore,Supramax,52399,1347,1485,1875,619.8,96.0,2.6,0.63,122.5,83.0,41.52
2025-11-01,Australia,Chennai,Coal,Panamax,80773,1347,1485,1875,619.8,96.0,3.0,0.74,135.0,83.0,31.17
2025-11-01,Australia,Chennai,Iron Ore,Panamax,72884,1347,1485,1875,619.8,96.0,2.6,0.75,136.3,83.0,32.62
2025-11-01,Australia,Chennai,Coal,Capesize,172544,1347,1485,1875,619.8,96.0,3.5,0.66,133.9,83.0,29.89
2025-11-01,Australia,Chennai,Iron Ore,Capesize,164450,1347,1485,1875,619.8,96.0,2.7,0.7,138.8,83.0,30.43
2025-11-01,Australia,Chennai,Coal,Supramax,54581,1347,1485,1875,619.8,96.0,2.4,0.72,147.5,83.0,35.47
2025-11-01,Australia,Chennai,Iron Ore,Supramax,54772,1347,1485,1875,619.8,96.0,3.1,0.65,141.2,83.0,38.87
2025-11-01,Indonesia,Visakhapatnam,Coal,Panamax,67774,1347,1485,1875,619.8,96.0,3.4,0.65,142.2,83.0,12.21
2025-11-01,Indonesia,Visakhapatnam,Iron Ore,Panamax,78385,1347,1485,1875,619.8,96.0,3.6,0.66,147.3,83.0,13.17
2025-11-01,Indonesia,Visakhapatnam,Coal,Capesize,174016,1347,1485,1875,619.8,96.0,3.3,0.69,127.4,83.0,12.0
2025-11-01,Indonesia,Visakhapatnam,Iron Ore,Capesize,190075,1347,1485,1875,619.8,96.0,3.2,0.68,129.5,83.0,12.0
2025-11-01,Indonesia,Visakhapatnam,Coal,Supramax,51788,1347,1485,1875,619.8,96.0,2.4,0.72,140.9,83.0,12.12
2025-11-01,Indonesia,Visakhapatnam,Iron Ore,Supramax,50182,1347,1485,1875,619.8,96.0,2.9,0.73,133.9,83.0,13.01
2025-11-01,Indonesia,Paradip,Coal,Panamax,74295,1347,1485,1875,619.8,96.0,2.2,0.71,142.0,83.0,12.0
2025-11-01,Indonesia,Paradip,Iron Ore,Panamax,76887,1347,1485,1875,619.8,96.0,3.1,0.69,137.0,83.0,13.25
2025-11-01,Indonesia,Paradip,Coal,Capesize,183295,1347,1485,1875,619.8,96.0,2.5,0.74,151.4,83.0,12.0
2025-11-01,Indonesia,Paradip,Iron Ore,Capesize,159638,1347,1485,1875,619.8,96.0,3.1,0.76,135.4,83.0,12.0
2025-11-01,Indonesia,Paradip,Coal,Supramax,58555,1347,1485,1875,619.8,96.0,3.1,0.71,139.2,83.0,12.89
2025-11-01,Indonesia,Paradip,Iron Ore,Supramax,54180,1347,1485,1875,619.8,96.0,2.6,0.72,142.5,83.0,13.23
2025-12-01,Australia,Visakhapatnam,Coal,Panamax,68347,1423,1332,1903,642.2,89.8,3.5,0.67,123.8,82.67,34.53
2025-12-01,Australia,Visakhapatnam,Iron Ore,Panamax,81176,1423,1332,1903,642.2,89.8,2.7,0.74,152.2,82.67,33.94
2025-12-01,Australia,Visakhapatnam,Coal,Capesize,170534,1423,1332,1903,642.2,89.8,3.1,0.73,125.4,82.67,28.97
2025-12-01,Australia,Visakhapatnam,Iron Ore,Capesize,176150,1423,1332,1903,642.2,89.8,2.8,0.7,141.8,82.67,30.12
2025-12-01,Australia,Visakhapatnam,Coal,Supramax,50730,1423,1332,1903,642.2,89.8,3.3,0.63,148.3,82.67,38.23
2025-12-01,Australia,Visakhapatnam,Iron Ore,Supramax,50437,1423,1332,1903,642.2,89.8,2.9,0.62,136.7,82.67,40.16
2025-12-01,Australia,Paradip,Coal,Panamax,73858,1423,1332,1903,642.2,89.8,3.2,0.65,133.5,82.67,34.37
2025-12-01,Australia,Paradip,Iron Ore,Panamax,82089,1423,1332,1903,642.2,89.8,3.3,0.68,138.4,82.67,36.02
2025-12-01,Australia,Paradip,Coal,Capesize,181533,1423,1332,1903,642.2,89.8,3.4,0.72,127.5,82.67,29.84
2025-12-01,Australia,Paradip,Iron Ore,Capesize,172617,1423,1332,1903,642.2,89.8,3.2,0.68,136.2,82.67,32.73
2025-12-01,Australia,Paradip,Coal,Supramax,59116,1423,1332,1903,642.2,89.8,3.3,0.56,147.2,82.67,40.05
2025-12-01,Australia,Paradip,Iron Ore,Supramax,52902,1423,1332,1903,642.2,89.8,3.1,0.69,134.1,82.67,40.73
2025-12-01,Australia,Chennai,Coal,Panamax,78321,1423,1332,1903,642.2,89.8,2.8,0.73,135.3,82.67,31.37
2025-12-01,Australia,Chennai,Iron Ore,Panamax,80956,1423,1332,1903,642.2,89.8,3.6,0.59,146.4,82.67,36.28
2025-12-01,Australia,Chennai,Coal,Capesize,182486,1423,1332,1903,642.2,89.8,2.7,0.69,131.0,82.67,27.87
2025-12-01,Australia,Chennai,Iron Ore,Capesize,184913,1423,1332,1903,642.2,89.8,3.5,0.7,143.0,82.67,30.9
2025-12-01,Australia,Chennai,Coal,Supramax,51730,1423,1332,1903,642.2,89.8,3.0,0.75,136.8,82.67,35.9
2025-12-01,Australia,Chennai,Iron Ore,Supramax,53650,1423,1332,1903,642.2,89.8,3.6,0.61,134.7,82.67,40.41
2025-12-01,Indonesia,Visakhapatnam,Coal,Panamax,68485,1423,1332,1903,642.2,89.8,2.7,0.74,131.6,82.67,12.0
2025-12-01,Indonesia,Visakhapatnam,Iron Ore,Panamax,77559,1423,1332,1903,642.2,89.8,2.9,0.7,134.7,82.67,12.6
2025-12-01,Indonesia,Visakhapatnam,Coal,Capesize,184405,1423,1332,1903,642.2,89.8,2.9,0.65,149.4,82.67,12.28
2025-12-01,Indonesia,Visakhapatnam,Iron Ore,Capesize,179290,1423,1332,1903,642.2,89.8,3.5,0.7,144.2,82.67,12.0
2025-12-01,Indonesia,Visakhapatnam,Coal,Supramax,55553,1423,1332,1903,642.2,89.8,3.2,0.66,149.8,82.67,14.11
2025-12-01,Indonesia,Visakhapatnam,Iron Ore,Supramax,53087,1423,1332,1903,642.2,89.8,2.9,0.72,150.7,82.67,13.66
2025-12-01,Indonesia,Paradip,Coal,Panamax,73021,1423,1332,1903,642.2,89.8,3.0,0.69,138.9,82.67,12.19
2025-12-01,Indonesia,Paradip,Iron Ore,Panamax,74794,1423,1332,1903,642.2,89.8,3.6,0.67,134.4,82.67,13.87
2025-12-01,Indonesia,Paradip,Coal,Capesize,164238,1423,1332,1903,642.2,89.8,3.5,0.68,131.1,82.67,12.21
2025-12-01,Indonesia,Paradip,Iron Ore,Capesize,182586,1423,1332,1903,642.2,89.8,3.8,0.66,131.1,82.67,12.8
2025-12-01,Indonesia,Paradip,Coal,Supramax,56019,1423,1332,1903,642.2,89.8,2.9,0.66,132.9,82.67,13.76
2025-12-01,Indonesia,Paradip,Iron Ore,Supramax,56756,1423,1332,1903,642.2,89.8,3.2,0.67,134.2,82.67,14.61
2026-01-01,Australia,Visakhapatnam,Coal,Panamax,73626,1616,1485,1809,641.1,88.9,3.3,0.63,134.9,85.7,36.12
2026-01-01,Australia,Visakhapatnam,Iron Ore,Panamax,79317,1616,1485,1809,641.1,88.9,3.3,0.66,141.6,85.7,37.43
2026-01-01,Australia,Visakhapatnam,Coal,Capesize,162937,1616,1485,1809,641.1,88.9,3.6,0.74,143.0,85.7,30.4
2026-01-01,Australia,Visakhapatnam,Iron Ore,Capesize,181003,1616,1485,1809,641.1,88.9,4.2,0.57,146.5,85.7,35.64
2026-01-01,Australia,Visakhapatnam,Coal,Supramax,58923,1616,1485,1809,641.1,88.9,3.3,0.63,140.6,85.7,40.03
2026-01-01,Australia,Visakhapatnam,Iron Ore,Supramax,54571,1616,1485,1809,641.1,88.9,3.3,0.67,124.0,85.7,41.64
2026-01-01,Australia,Paradip,Coal,Panamax,77042,1616,1485,1809,641.1,88.9,3.7,0.68,144.6,85.7,35.59
2026-01-01,Australia,Paradip,Iron Ore,Panamax,77318,1616,1485,1809,641.1,88.9,3.3,0.65,139.2,85.7,38.24
2026-01-01,Australia,Paradip,Coal,Capesize,170218,1616,1485,1809,641.1,88.9,4.2,0.62,126.3,85.7,33.24
2026-01-01,Australia,Paradip,Iron Ore,Capesize,181735,1616,1485,1809,641.1,88.9,3.5,0.7,137.2,85.7,33.02
2026-01-01,Australia,Paradip,Coal,Supramax,56078,1616,1485,1809,641.1,88.9,3.2,0.7,134.1,85.7,39.45
2026-01-01,Australia,Paradip,Iron Ore,Supramax,54252,1616,1485,1809,641.1,88.9,3.9,0.66,122.8,85.7,43.23
2026-01-01,Australia,Chennai,Coal,Panamax,73262,1616,1485,1809,641.1,88.9,3.7,0.64,135.3,85.7,35.18
2026-01-01,Australia,Chennai,Iron Ore,Panamax,79014,1616,1485,1809,641.1,88.9,4.4,0.64,151.9,85.7,37.26
2026-01-01,Australia,Chennai,Coal,Capesize,190974,1616,1485,1809,641.1,88.9,4.0,0.63,147.4,85.7,31.98
2026-01-01,Australia,Chennai,Iron Ore,Capesize,189929,1616,1485,1809,641.1,88.9,3.1,0.64,143.1,85.7,32.53
2026-01-01,Australia,Chennai,Coal,Supramax,51213,1616,1485,1809,641.1,88.9,3.6,0.63,141.1,85.7,39.02
2026-01-01,Australia,Chennai,Iron Ore,Supramax,51358,1616,1485,1809,641.1,88.9,2.9,0.74,138.5,85.7,39.16
2026-01-01,Indonesia,Visakhapatnam,Coal,Panamax,77216,1616,1485,1809,641.1,88.9,3.4,0.68,148.6,85.7,12.68
2026-01-01,Indonesia,Visakhapatnam,Iron Ore,Panamax,77232,1616,1485,1809,641.1,88.9,3.9,0.69,155.0,85.7,14.07
2026-01-01,Indonesia,Visakhapatnam,Coal,Capesize,175858,1616,1485,1809,641.1,88.9,3.5,0.68,151.7,85.7,12.0
2026-01-01,Indonesia,Visakhapatnam,Iron Ore,Capesize,178614,1616,1485,1809,641.1,88.9,3.2,0.69,133.0,85.7,12.0
2026-01-01,Indonesia,Visakhapatnam,Coal,Supramax,60347,1616,1485,1809,641.1,88.9,2.9,0.63,143.6,85.7,15.02
2026-01-01,Indonesia,Visakhapatnam,Iron Ore,Supramax,56298,1616,1485,1809,641.1,88.9,3.3,0.67,137.5,85.7,15.27
2026-01-01,Indonesia,Paradip,Coal,Panamax,78132,1616,1485,1809,641.1,88.9,3.7,0.64,145.5,85.7,13.91
2026-01-01,Indonesia,Paradip,Iron Ore,Panamax,77798,1616,1485,1809,641.1,88.9,3.5,0.68,142.5,85.7,13.62
2026-01-01,Indonesia,Paradip,Coal,Capesize,170623,1616,1485,1809,641.1,88.9,3.3,0.61,127.5,85.7,13.59
2026-01-01,Indonesia,Paradip,Iron Ore,Capesize,184729,1616,1485,1809,641.1,88.9,3.8,0.67,133.2,85.7,14.03
2026-01-01,Indonesia,Paradip,Coal,Supramax,53119,1616,1485,1809,641.1,88.9,3.0,0.67,135.2,85.7,14.67
2026-01-01,Indonesia,Paradip,Iron Ore,Supramax,55649,1616,1485,1809,641.1,88.9,3.0,0.67,131.4,85.7,15.06
2026-02-01,Australia,Visakhapatnam,Coal,Panamax,76755,1645,1637,1903,653.0,93.3,3.7,0.51,143.0,84.44,39.51
2026-02-01,Australia,Visakhapatnam,Iron Ore,Panamax,69129,1645,1637,1903,653.0,93.3,3.6,0.61,143.3,84.44,40.63
2026-02-01,Australia,Visakhapatnam,Coal,Capesize,172769,1645,1637,1903,653.0,93.3,3.2,0.64,150.8,84.44,33.49
2026-02-01,Australia,Visakhapatnam,Iron Ore,Capesize,166666,1645,1637,1903,653.0,93.3,4.1,0.62,154.3,84.44,37.0
2026-02-01,Australia,Visakhapatnam,Coal,Supramax,55410,1645,1637,1903,653.0,93.3,4.3,0.69,143.6,84.44,42.73
2026-02-01,Australia,Visakhapatnam,Iron Ore,Supramax,54491,1645,1637,1903,653.0,93.3,3.2,0.66,149.2,84.44,43.97
2026-02-01,Australia,Paradip,Coal,Panamax,82343,1645,1637,1903,653.0,93.3,4.6,0.61,149.0,84.44,39.54
2026-02-01,Australia,Paradip,Iron Ore,Panamax,73582,1645,1637,1903,653.0,93.3,3.9,0.6,152.2,84.44,40.75
2026-02-01,Australia,Paradip,Coal,Capesize,160588,1645,1637,1903,653.0,93.3,4.2,0.64,155.6,84.44,35.67
2026-02-01,Australia,Paradip,Iron Ore,Capesize,189228,1645,1637,1903,653.0,93.3,4.2,0.53,148.4,84.44,38.04
2026-02-01,Australia,Paradip,Coal,Supramax,52058,1645,1637,1903,653.0,93.3,3.5,0.7,135.1,84.44,42.92
2026-02-01,Australia,Paradip,Iron Ore,Supramax,60010,1645,1637,1903,653.0,93.3,3.5,0.65,137.3,84.44,44.49
2026-02-01,Australia,Chennai,Coal,Panamax,75284,1645,1637,1903,653.0,93.3,4.0,0.62,135.7,84.44,37.07
2026-02-01,Australia,Chennai,Iron Ore,Panamax,72465,1645,1637,1903,653.0,93.3,3.6,0.65,139.1,84.44,37.85
2026-02-01,Australia,Chennai,Coal,Capesize,184797,1645,1637,1903,653.0,93.3,3.8,0.71,149.2,84.44,31.72
2026-02-01,Australia,Chennai,Iron Ore,Capesize,181236,1645,1637,1903,653.0,93.3,3.7,0.67,128.5,84.44,34.67
2026-02-01,Australia,Chennai,Coal,Supramax,53479,1645,1637,1903,653.0,93.3,2.8,0.63,115.0,84.44,41.74
2026-02-01,Australia,Chennai,Iron Ore,Supramax,53611,1645,1637,1903,653.0,93.3,4.4,0.64,134.3,84.44,44.42
2026-02-01,Indonesia,Visakhapatnam,Coal,Panamax,69749,1645,1637,1903,653.0,93.3,4.1,0.66,141.8,84.44,15.43
2026-02-01,Indonesia,Visakhapatnam,Iron Ore,Panamax,78031,1645,1637,1903,653.0,93.3,3.4,0.64,135.0,84.44,15.01
2026-02-01,Indonesia,Visakhapatnam,Coal,Capesize,168703,1645,1637,1903,653.0,93.3,3.6,0.73,137.8,84.44,12.0
2026-02-01,Indonesia,Visakhapatnam,Iron Ore,Capesize,164020,1645,1637,1903,653.0,93.3,3.5,0.67,145.2,84.44,13.54
2026-02-01,Indonesia,Visakhapatnam,Coal,Supramax,51233,1645,1637,1903,653.0,93.3,4.1,0.67,135.0,84.44,16.06
2026-02-01,Indonesia,Visakhapatnam,Iron Ore,Supramax,59679,1645,1637,1903,653.0,93.3,3.5,0.6,146.3,84.44,17.27
2026-02-01,Indonesia,Paradip,Coal,Panamax,69036,1645,1637,1903,653.0,93.3,3.3,0.7,145.5,84.44,12.97
2026-02-01,Indonesia,Paradip,Iron Ore,Panamax,70066,1645,1637,1903,653.0,93.3,3.2,0.72,149.5,84.44,14.16
2026-02-01,Indonesia,Paradip,Coal,Capesize,184597,1645,1637,1903,653.0,93.3,3.7,0.68,128.9,84.44,13.87
2026-02-01,Indonesia,Paradip,Iron Ore,Capesize,165199,1645,1637,1903,653.0,93.3,3.7,0.74,139.2,84.44,13.18
2026-02-01,Indonesia,Paradip,Coal,Supramax,60055,1645,1637,1903,653.0,93.3,4.4,0.67,136.0,84.44,15.46
2026-02-01,Indonesia,Paradip,Iron Ore,Supramax,52842,1645,1637,1903,653.0,93.3,3.5,0.67,144.3,84.44,16.59
2026-03-01,Australia,Visakhapatnam,Coal,Panamax,74821,1862,1797,2092,612.0,89.2,3.9,0.65,143.9,85.82,38.78
2026-03-01,Australia,Visakhapatnam,Iron Ore,Panamax,75110,1862,1797,2092,612.0,89.2,4.2,0.6,127.8,85.82,41.63
2026-03-01,Australia,Visakhapatnam,Coal,Capesize,190977,1862,1797,2092,612.0,89.2,4.0,0.6,131.3,85.82,34.9
2026-03-01,Australia,Visakhapatnam,Iron Ore,Capesize,184070,1862,1797,2092,612.0,89.2,4.1,0.65,149.6,85.82,36.61
2026-03-01,Australia,Visakhapatnam,Coal,Supramax,50850,1862,1797,2092,612.0,89.2,4.0,0.63,146.6,85.82,43.23
2026-03-01,Australia,Visakhapatnam,Iron Ore,Supramax,60403,1862,1797,2092,612.0,89.2,4.7,0.63,140.3,85.82,47.29
2026-03-01,Australia,Paradip,Coal,Panamax,81990,1862,1797,2092,612.0,89.2,4.3,0.61,141.2,85.82,39.47
2026-03-01,Australia,Paradip,Iron Ore,Panamax,78324,1862,1797,2092,612.0,89.2,3.9,0.65,136.8,85.82,41.49
2026-03-01,Australia,Paradip,Coal,Capesize,173870,1862,1797,2092,612.0,89.2,3.5,0.66,135.4,85.82,34.63
2026-03-01,Australia,Paradip,Iron Ore,Capesize,175543,1862,1797,2092,612.0,89.2,4.1,0.54,149.2,85.82,38.97
2026-03-01,Australia,Paradip,Coal,Supramax,52353,1862,1797,2092,612.0,89.2,2.9,0.65,137.8,85.82,43.96
2026-03-01,Australia,Paradip,Iron Ore,Supramax,57221,1862,1797,2092,612.0,89.2,3.5,0.71,137.4,85.82,46.09
2026-03-01,Australia,Chennai,Coal,Panamax,82005,1862,1797,2092,612.0,89.2,3.8,0.62,149.4,85.82,37.64
2026-03-01,Australia,Chennai,Iron Ore,Panamax,67746,1862,1797,2092,612.0,89.2,4.3,0.61,143.4,85.82,41.15
2026-03-01,Australia,Chennai,Coal,Capesize,187163,1862,1797,2092,612.0,89.2,3.9,0.63,141.2,85.82,33.15
2026-03-01,Australia,Chennai,Iron Ore,Capesize,188616,1862,1797,2092,612.0,89.2,3.9,0.67,141.0,85.82,35.28
2026-03-01,Australia,Chennai,Coal,Supramax,55037,1862,1797,2092,612.0,89.2,3.1,0.66,139.4,85.82,42.03
2026-03-01,Australia,Chennai,Iron Ore,Supramax,57830,1862,1797,2092,612.0,89.2,4.3,0.56,132.4,85.82,46.3
2026-03-01,Indonesia,Visakhapatnam,Coal,Panamax,79077,1862,1797,2092,612.0,89.2,3.8,0.61,135.2,85.82,14.13
2026-03-01,Indonesia,Visakhapatnam,Iron Ore,Panamax,77394,1862,1797,2092,612.0,89.2,3.5,0.63,145.9,85.82,13.71
2026-03-01,Indonesia,Visakhapatnam,Coal,Capesize,179406,1862,1797,2092,612.0,89.2,3.1,0.64,142.9,85.82,12.21
2026-03-01,Indonesia,Visakhapatnam,Iron Ore,Capesize,184956,1862,1797,2092,612.0,89.2,4.3,0.57,143.5,85.82,15.06
2026-03-01,Indonesia,Visakhapatnam,Coal,Supramax,51774,1862,1797,2092,612.0,89.2,4.0,0.69,149.8,85.82,14.5
2026-03-01,Indonesia,Visakhapatnam,Iron Ore,Supramax,51617,1862,1797,2092,612.0,89.2,4.1,0.65,140.1,85.82,16.69
2026-03-01,Indonesia,Paradip,Coal,Panamax,69662,1862,1797,2092,612.0,89.2,3.9,0.62,143.5,85.82,15.03
2026-03-01,Indonesia,Paradip,Iron Ore,Panamax,82016,1862,1797,2092,612.0,89.2,4.6,0.54,146.8,85.82,17.39
2026-03-01,Indonesia,Paradip,Coal,Capesize,188093,1862,1797,2092,612.0,89.2,3.9,0.6,146.4,85.82,13.87
2026-03-01,Indonesia,Paradip,Iron Ore,Capesize,172280,1862,1797,2092,612.0,89.2,3.8,0.66,138.9,85.82,13.85
2026-03-01,Indonesia,Paradip,Coal,Supramax,52274,1862,1797,2092,612.0,89.2,4.1,0.6,144.5,85.82,16.76
2026-03-01,Indonesia,Paradip,Iron Ore,Supramax,50885,1862,1797,2092,612.0,89.2,3.8,0.61,139.3,85.82,16.89
2026-04-01,Australia,Visakhapatnam,Coal,Panamax,80850,1873,1815,2263,645.4,94.7,4.1,0.65,143.6,85.52,42.29
2026-04-01,Australia,Visakhapatnam,Iron Ore,Panamax,81092,1873,1815,2263,645.4,94.7,3.0,0.69,141.9,85.52,43.07
2026-04-01,Australia,Visakhapatnam,Coal,Capesize,180142,1873,1815,2263,645.4,94.7,3.7,0.63,142.3,85.52,37.86
2026-04-01,Australia,Visakhapatnam,Iron Ore,Capesize,181498,1873,1815,2263,645.4,94.7,3.9,0.65,141.5,85.52,39.3
2026-04-01,Australia,Visakhapatnam,Coal,Supramax,51266,1873,1815,2263,645.4,94.7,3.7,0.6,151.4,85.52,47.61
2026-04-01,Australia,Visakhapatnam,Iron Ore,Supramax,51146,1873,1815,2263,645.4,94.7,3.1,0.65,135.8,85.52,49.2
2026-04-01,Australia,Paradip,Coal,Panamax,68899,1873,1815,2263,645.4,94.7,3.4,0.68,146.8,85.52,41.26
2026-04-01,Australia,Paradip,Iron Ore,Panamax,68851,1873,1815,2263,645.4,94.7,3.6,0.65,151.5,85.52,43.95
2026-04-01,Australia,Paradip,Coal,Capesize,186785,1873,1815,2263,645.4,94.7,3.5,0.65,129.3,85.52,37.98
2026-04-01,Australia,Paradip,Iron Ore,Capesize,160758,1873,1815,2263,645.4,94.7,3.4,0.71,141.7,85.52,38.6
2026-04-01,Australia,Paradip,Coal,Supramax,52806,1873,1815,2263,645.4,94.7,3.6,0.57,166.1,85.52,48.78
2026-04-01,Australia,Paradip,Iron Ore,Supramax,54746,1873,1815,2263,645.4,94.7,4.2,0.67,133.3,85.52,50.61
2026-04-01,Australia,Chennai,Coal,Panamax,67709,1873,1815,2263,645.4,94.7,3.7,0.56,140.7,85.52,42.01
2026-04-01,Australia,Chennai,Iron Ore,Panamax,71246,1873,1815,2263,645.4,94.7,4.2,0.61,141.6,85.52,44.16
2026-04-01,Australia,Chennai,Coal,Capesize,169907,1873,1815,2263,645.4,94.7,4.7,0.54,140.3,85.52,39.31
2026-04-01,Australia,Chennai,Iron Ore,Capesize,159880,1873,1815,2263,645.4,94.7,3.7,0.7,140.9,85.52,37.4
2026-04-01,Australia,Chennai,Coal,Supramax,57634,1873,1815,2263,645.4,94.7,3.6,0.65,135.0,85.52,45.18
2026-04-01,Australia,Chennai,Iron Ore,Supramax,59640,1873,1815,2263,645.4,94.7,3.5,0.65,130.3,85.52,48.77
2026-04-01,Indonesia,Visakhapatnam,Coal,Panamax,78314,1873,1815,2263,645.4,94.7,4.5,0.6,146.6,85.52,16.39
2026-04-01,Indonesia,Visakhapatnam,Iron Ore,Panamax,81632,1873,1815,2263,645.4,94.7,4.5,0.58,139.5,85.52,17.27
2026-04-01,Indonesia,Visakhapatnam,Coal,Capesize,177835,1873,1815,2263,645.4,94.7,3.8,0.64,141.8,85.52,14.19
2026-04-01,Indonesia,Visakhapatnam,Iron Ore,Capesize,189058,1873,1815,2263,645.4,94.7,3.9,0.64,132.3,85.52,15.26
2026-04-01,Indonesia,Visakhapatnam,Coal,Supramax,56502,1873,1815,2263,645.4,94.7,4.2,0.61,149.4,85.52,17.74
2026-04-01,Indonesia,Visakhapatnam,Iron Ore,Supramax,51373,1873,1815,2263,645.4,94.7,3.9,0.6,138.1,85.52,17.98
2026-04-01,Indonesia,Paradip,Coal,Panamax,77777,1873,1815,2263,645.4,94.7,3.1,0.79,127.8,85.52,13.34
2026-04-01,Indonesia,Paradip,Iron Ore,Panamax,78195,1873,1815,2263,645.4,94.7,3.3,0.72,143.6,85.52,15.49
2026-04-01,Indonesia,Paradip,Coal,Capesize,180646,1873,1815,2263,645.4,94.7,3.8,0.65,138.6,85.52,14.21
2026-04-01,Indonesia,Paradip,Iron Ore,Capesize,160902,1873,1815,2263,645.4,94.7,4.1,0.64,139.3,85.52,15.11
2026-04-01,Indonesia,Paradip,Coal,Supramax,58847,1873,1815,2263,645.4,94.7,3.7,0.64,141.5,85.52,17.98
2026-04-01,Indonesia,Paradip,Iron Ore,Supramax,51751,1873,1815,2263,645.4,94.7,3.4,0.6,137.3,85.52,19.17
2026-05-01,Australia,Visakhapatnam,Coal,Panamax,69064,1951,2016,2353,671.0,93.9,3.2,0.66,133.1,85.28,43.3
2026-05-01,Australia,Visakhapatnam,Iron Ore,Panamax,77657,1951,2016,2353,671.0,93.9,3.6,0.69,139.5,85.28,45.82
2026-05-01,Australia,Visakhapatnam,Coal,Capesize,189942,1951,2016,2353,671.0,93.9,3.7,0.6,141.8,85.28,40.34
2026-05-01,Australia,Visakhapatnam,Iron Ore,Capesize,177303,1951,2016,2353,671.0,93.9,3.0,0.63,153.7,85.28,40.75
2026-05-01,Australia,Visakhapatnam,Coal,Supramax,55055,1951,2016,2353,671.0,93.9,3.1,0.72,141.3,85.28,47.67
2026-05-01,Australia,Visakhapatnam,Iron Ore,Supramax,52993,1951,2016,2353,671.0,93.9,3.4,0.64,127.9,85.28,51.57
2026-05-01,Australia,Paradip,Coal,Panamax,69265,1951,2016,2353,671.0,93.9,3.6,0.65,137.0,85.28,44.56
2026-05-01,Australia,Paradip,Iron Ore,Panamax,70324,1951,2016,2353,671.0,93.9,3.6,0.68,136.1,85.28,46.37
2026-05-01,Australia,Paradip,Coal,Capesize,169405,1951,2016,2353,671.0,93.9,3.1,0.67,139.4,85.28,38.6
2026-05-01,Australia,Paradip,Iron Ore,Capesize,161275,1951,2016,2353,671.0,93.9,2.5,0.66,145.4,85.28,40.85
2026-05-01,Australia,Paradip,Coal,Supramax,59662,1951,2016,2353,671.0,93.9,4.1,0.63,145.5,85.28,50.83
2026-05-01,Australia,Paradip,Iron Ore,Supramax,57759,1951,2016,2353,671.0,93.9,3.2,0.68,142.2,85.28,52.33
2026-05-01,Australia,Chennai,Coal,Panamax,77420,1951,2016,2353,671.0,93.9,3.4,0.64,128.2,85.28,42.82
2026-05-01,Australia,Chennai,Iron Ore,Panamax,69916,1951,2016,2353,671.0,93.9,3.1,0.68,145.8,85.28,44.11
2026-05-01,Australia,Chennai,Coal,Capesize,169894,1951,2016,2353,671.0,93.9,2.8,0.73,126.6,85.28,36.25
2026-05-01,Australia,Chennai,Iron Ore,Capesize,170803,1951,2016,2353,671.0,93.9,3.5,0.75,147.1,85.28,37.76
2026-05-01,Australia,Chennai,Coal,Supramax,55622,1951,2016,2353,671.0,93.9,3.3,0.58,134.5,85.28,48.7
2026-05-01,Australia,Chennai,Iron Ore,Supramax,54398,1951,2016,2353,671.0,93.9,3.4,0.67,146.6,85.28,50.38
2026-05-01,Indonesia,Visakhapatnam,Coal,Panamax,72074,1951,2016,2353,671.0,93.9,3.8,0.59,152.8,85.28,16.92
2026-05-01,Indonesia,Visakhapatnam,Iron Ore,Panamax,75885,1951,2016,2353,671.0,93.9,2.9,0.72,148.8,85.28,16.03
2026-05-01,Indonesia,Visakhapatnam,Coal,Capesize,163553,1951,2016,2353,671.0,93.9,3.4,0.65,145.9,85.28,14.86
2026-05-01,Indonesia,Visakhapatnam,Iron Ore,Capesize,166916,1951,2016,2353,671.0,93.9,3.5,0.69,136.2,85.28,15.23
2026-05-01,Indonesia,Visakhapatnam,Coal,Supramax,56565,1951,2016,2353,671.0,93.9,3.1,0.65,138.2,85.28,17.51
2026-05-01,Indonesia,Visakhapatnam,Iron Ore,Supramax,58125,1951,2016,2353,671.0,93.9,4.4,0.54,142.8,85.28,20.99
2026-05-01,Indonesia,Paradip,Coal,Panamax,71046,1951,2016,2353,671.0,93.9,3.5,0.65,144.6,85.28,17.02
2026-05-01,Indonesia,Paradip,Iron Ore,Panamax,68299,1951,2016,2353,671.0,93.9,3.0,0.67,144.2,85.28,15.99
2026-05-01,Indonesia,Paradip,Coal,Capesize,189116,1951,2016,2353,671.0,93.9,3.6,0.72,136.7,85.28,14.95
2026-05-01,Indonesia,Paradip,Iron Ore,Capesize,181196,1951,2016,2353,671.0,93.9,3.8,0.66,130.5,85.28,16.38
2026-05-01,Indonesia,Paradip,Coal,Supramax,55460,1951,2016,2353,671.0,93.9,2.8,0.7,136.8,85.28,16.95
2026-05-01,Indonesia,Paradip,Iron Ore,Supramax,57884,1951,2016,2353,671.0,93.9,3.8,0.62,140.3,85.28,19.89
2026-06-01,Australia,Visakhapatnam,Coal,Panamax,70592,2054,1928,2164,662.7,86.2,3.1,0.71,132.5,84.91,43.04
2026-06-01,Australia,Visakhapatnam,Iron Ore,Panamax,78498,2054,1928,2164,662.7,86.2,3.2,0.62,130.5,84.91,46.56
2026-06-01,Australia,Visakhapatnam,Coal,Capesize,182926,2054,1928,2164,662.7,86.2,2.8,0.67,146.7,84.91,37.77
2026-06-01,Australia,Visakhapatnam,Iron Ore,Capesize,158117,2054,1928,2164,662.7,86.2,4.3,0.54,142.7,84.91,43.87
2026-06-01,Australia,Visakhapatnam,Coal,Supramax,58309,2054,1928,2164,662.7,86.2,4.1,0.65,142.0,84.91,50.62
2026-06-01,Australia,Visakhapatnam,Iron Ore,Supramax,53427,2054,1928,2164,662.7,86.2,2.5,0.67,131.7,84.91,51.41
2026-06-01,Australia,Paradip,Coal,Panamax,74917,2054,1928,2164,662.7,86.2,3.1,0.66,150.6,84.91,44.49
2026-06-01,Australia,Paradip,Iron Ore,Panamax,75900,2054,1928,2164,662.7,86.2,3.0,0.62,147.4,84.91,47.02
2026-06-01,Australia,Paradip,Coal,Capesize,178471,2054,1928,2164,662.7,86.2,3.2,0.65,144.7,84.91,39.66
2026-06-01,Australia,Paradip,Iron Ore,Capesize,165801,2054,1928,2164,662.7,86.2,3.8,0.68,146.1,84.91,42.38
2026-06-01,Australia,Paradip,Coal,Supramax,59965,2054,1928,2164,662.7,86.2,3.4,0.68,144.9,84.91,50.3
2026-06-01,Australia,Paradip,Iron Ore,Supramax,58733,2054,1928,2164,662.7,86.2,3.2,0.62,126.7,84.91,53.85
2026-06-01,Australia,Chennai,Coal,Panamax,72194,2054,1928,2164,662.7,86.2,3.5,0.69,143.9,84.91,42.94
2026-06-01,Australia,Chennai,Iron Ore,Panamax,72563,2054,1928,2164,662.7,86.2,3.7,0.66,129.1,84.91,45.21
2026-06-01,Australia,Chennai,Coal,Capesize,171345,2054,1928,2164,662.7,86.2,3.3,0.66,145.3,84.91,37.99
2026-06-01,Australia,Chennai,Iron Ore,Capesize,187583,2054,1928,2164,662.7,86.2,2.9,0.69,137.1,84.91,39.13
2026-06-01,Australia,Chennai,Coal,Supramax,55839,2054,1928,2164,662.7,86.2,3.5,0.66,159.1,84.91,48.4
2026-06-01,Australia,Chennai,Iron Ore,Supramax,58150,2054,1928,2164,662.7,86.2,3.7,0.64,150.2,84.91,51.61
2026-06-01,Indonesia,Visakhapatnam,Coal,Panamax,77661,2054,1928,2164,662.7,86.2,3.4,0.62,143.9,84.91,16.1
2026-06-01,Indonesia,Visakhapatnam,Iron Ore,Panamax,80953,2054,1928,2164,662.7,86.2,3.7,0.63,144.8,84.91,17.69
2026-06-01,Indonesia,Visakhapatnam,Coal,Capesize,169388,2054,1928,2164,662.7,86.2,3.0,0.67,148.4,84.91,14.68
2026-06-01,Indonesia,Visakhapatnam,Iron Ore,Capesize,183489,2054,1928,2164,662.7,86.2,3.4,0.66,140.2,84.91,15.3
2026-06-01,Indonesia,Visakhapatnam,Coal,Supramax,58051,2054,1928,2164,662.7,86.2,3.7,0.61,143.5,84.91,19.42
2026-06-01,Indonesia,Visakhapatnam,Iron Ore,Supramax,49640,2054,1928,2164,662.7,86.2,2.5,0.73,145.7,84.91,17.38
2026-06-01,Indonesia,Paradip,Coal,Panamax,73736,2054,1928,2164,662.7,86.2,3.2,0.71,144.3,84.91,14.55
2026-06-01,Indonesia,Paradip,Iron Ore,Panamax,76654,2054,1928,2164,662.7,86.2,3.6,0.65,137.9,84.91,17.72
2026-06-01,Indonesia,Paradip,Coal,Capesize,182842,2054,1928,2164,662.7,86.2,3.5,0.68,131.0,84.91,14.41
2026-06-01,Indonesia,Paradip,Iron Ore,Capesize,167003,2054,1928,2164,662.7,86.2,4.3,0.61,148.6,84.91,17.57
2026-06-01,Indonesia,Paradip,Coal,Supramax,55751,2054,1928,2164,662.7,86.2,3.0,0.65,123.8,84.91,18.18
2026-06-01,Indonesia,Paradip,Iron Ore,Supramax,54147,2054,1928,2164,662.7,86.2,3.2,0.64,145.6,84.91,18.38
2026-07-01,Australia,Visakhapatnam,Coal,Panamax,73035,2019,1888,2317,628.4,90.9,1.7,0.73,140.8,85.22,39.68
2026-07-01,Australia,Visakhapatnam,Iron Ore,Panamax,74160,2019,1888,2317,628.4,90.9,3.1,0.68,139.0,85.22,43.71
2026-07-01,Australia,Visakhapatnam,Coal,Capesize,182353,2019,1888,2317,628.4,90.9,3.5,0.65,137.5,85.22,37.79
2026-07-01,Australia,Visakhapatnam,Iron Ore,Capesize,165222,2019,1888,2317,628.4,90.9,2.9,0.73,131.6,85.22,38.32
2026-07-01,Australia,Visakhapatnam,Coal,Supramax,51613,2019,1888,2317,628.4,90.9,2.7,0.63,141.3,85.22,48.08
2026-07-01,Australia,Visakhapatnam,Iron Ore,Supramax,53816,2019,1888,2317,628.4,90.9,2.6,0.64,133.0,85.22,51.0
2026-07-01,Australia,Paradip,Coal,Panamax,72545,2019,1888,2317,628.4,90.9,2.3,0.73,138.1,85.22,40.8
2026-07-01,Australia,Paradip,Iron Ore,Panamax,71731,2019,1888,2317,628.4,90.9,3.2,0.71,149.4,85.22,44.4
2026-07-01,Australia,Paradip,Coal,Capesize,160933,2019,1888,2317,628.4,90.9,2.8,0.73,128.4,85.22,35.98
2026-07-01,Australia,Paradip,Iron Ore,Capesize,161829,2019,1888,2317,628.4,90.9,2.4,0.66,138.0,85.22,39.68
2026-07-01,Australia,Paradip,Coal,Supramax,59755,2019,1888,2317,628.4,90.9,2.6,0.66,128.1,85.22,48.0
2026-07-01,Australia,Paradip,Iron Ore,Supramax,59560,2019,1888,2317,628.4,90.9,2.6,0.63,144.4,85.22,50.96
2026-07-01,Australia,Chennai,Coal,Panamax,76972,2019,1888,2317,628.4,90.9,3.6,0.61,139.1,85.22,41.35
2026-07-01,Australia,Chennai,Iron Ore,Panamax,71539,2019,1888,2317,628.4,90.9,2.3,0.66,144.1,85.22,42.96
2026-07-01,Australia,Chennai,Coal,Capesize,188830,2019,1888,2317,628.4,90.9,3.4,0.71,146.3,85.22,35.36
2026-07-01,Australia,Chennai,Iron Ore,Capesize,183443,2019,1888,2317,628.4,90.9,2.6,0.77,151.7,85.22,35.94
2026-07-01,Australia,Chennai,Coal,Supramax,58195,2019,1888,2317,628.4,90.9,2.3,0.75,141.8,85.22,44.65
2026-07-01,Australia,Chennai,Iron Ore,Supramax,57763,2019,1888,2317,628.4,90.9,2.6,0.65,117.6,85.22,49.35
2026-07-01,Indonesia,Visakhapatnam,Coal,Panamax,69070,2019,1888,2317,628.4,90.9,2.5,0.68,142.0,85.22,14.06
2026-07-01,Indonesia,Visakhapatnam,Iron Ore,Panamax,78827,2019,1888,2317,628.4,90.9,3.1,0.63,148.7,85.22,15.55
2026-07-01,Indonesia,Visakhapatnam,Coal,Capesize,190105,2019,1888,2317,628.4,90.9,2.9,0.69,139.8,85.22,13.05
2026-07-01,Indonesia,Visakhapatnam,Iron Ore,Capesize,169329,2019,1888,2317,628.4,90.9,3.7,0.64,141.7,85.22,14.54
2026-07-01,Indonesia,Visakhapatnam,Coal,Supramax,53110,2019,1888,2317,628.4,90.9,2.6,0.69,138.5,85.22,15.21
2026-07-01,Indonesia,Visakhapatnam,Iron Ore,Supramax,56002,2019,1888,2317,628.4,90.9,2.8,0.72,137.7,85.22,15.95
2026-07-01,Indonesia,Paradip,Coal,Panamax,79127,2019,1888,2317,628.4,90.9,3.1,0.67,139.8,85.22,15.41
2026-07-01,Indonesia,Paradip,Iron Ore,Panamax,70887,2019,1888,2317,628.4,90.9,3.0,0.63,139.3,85.22,15.86
2026-07-01,Indonesia,Paradip,Coal,Capesize,160526,2019,1888,2317,628.4,90.9,2.9,0.76,141.8,85.22,12.79
2026-07-01,Indonesia,Paradip,Iron Ore,Capesize,183875,2019,1888,2317,628.4,90.9,3.2,0.69,142.3,85.22,14.32
2026-07-01,Indonesia,Paradip,Coal,Supramax,60476,2019,1888,2317,628.4,90.9,2.6,0.72,138.7,85.22,14.74
2026-07-01,Indonesia,Paradip,Iron Ore,Supramax,50143,2019,1888,2317,628.4,90.9,3.6,0.63,133.1,85.22,18.69
2026-08-01,Australia,Visakhapatnam,Coal,Panamax,76587,2046,1861,2146,664.7,94.0,2.7,0.69,135.3,85.56,41.02
2026-08-01,Australia,Visakhapatnam,Iron Ore,Panamax,75372,2046,1861,2146,664.7,94.0,3.0,0.65,146.0,85.56,44.1
2026-08-01,Australia,Visakhapatnam,Coal,Capesize,163938,2046,1861,2146,664.7,94.0,3.0,0.66,136.3,85.56,36.71
2026-08-01,Australia,Visakhapatnam,Iron Ore,Capesize,161005,2046,1861,2146,664.7,94.0,3.2,0.71,133.0,85.56,39.2
2026-08-01,Australia,Visakhapatnam,Coal,Supramax,51620,2046,1861,2146,664.7,94.0,2.7,0.73,153.9,85.56,45.1
2026-08-01,Australia,Visakhapatnam,Iron Ore,Supramax,59317,2046,1861,2146,664.7,94.0,2.6,0.66,135.1,85.56,48.89
2026-08-01,Australia,Paradip,Coal,Panamax,69182,2046,1861,2146,664.7,94.0,2.1,0.84,143.1,85.56,38.83
2026-08-01,Australia,Paradip,Iron Ore,Panamax,74735,2046,1861,2146,664.7,94.0,2.8,0.74,137.4,85.56,42.72
2026-08-01,Australia,Paradip,Coal,Capesize,173205,2046,1861,2146,664.7,94.0,2.3,0.75,156.6,85.56,35.88
2026-08-01,Australia,Paradip,Iron Ore,Capesize,179522,2046,1861,2146,664.7,94.0,2.9,0.68,152.1,85.56,38.54
2026-08-01,Australia,Paradip,Coal,Supramax,59047,2046,1861,2146,664.7,94.0,2.3,0.71,143.2,85.56,46.29
2026-08-01,Australia,Paradip,Iron Ore,Supramax,54210,2046,1861,2146,664.7,94.0,3.2,0.72,130.6,85.56,49.77
2026-08-01,Australia,Chennai,Coal,Panamax,76746,2046,1861,2146,664.7,94.0,2.8,0.77,137.2,85.56,38.87
2026-08-01,Australia,Chennai,Iron Ore,Panamax,73209,2046,1861,2146,664.7,94.0,1.4,0.77,150.3,85.56,39.42
2026-08-01,Australia,Chennai,Coal,Capesize,180126,2046,1861,2146,664.7,94.0,2.6,0.68,133.9,85.56,35.67
2026-08-01,Australia,Chennai,Iron Ore,Capesize,173831,2046,1861,2146,664.7,94.0,2.2,0.75,154.1,85.56,36.33
2026-08-01,Australia,Chennai,Coal,Supramax,53809,2046,1861,2146,664.7,94.0,3.1,0.61,140.6,85.56,46.59
2026-08-01,Australia,Chennai,Iron Ore,Supramax,50835,2046,1861,2146,664.7,94.0,2.4,0.71,125.5,85.56,47.15
2026-08-01,Indonesia,Visakhapatnam,Coal,Panamax,67864,2046,1861,2146,664.7,94.0,2.6,0.7,133.9,85.56,14.21
2026-08-01,Indonesia,Visakhapatnam,Iron Ore,Panamax,74049,2046,1861,2146,664.7,94.0,2.8,0.63,140.6,85.56,15.36
2026-08-01,Indonesia,Visakhapatnam,Coal,Capesize,174948,2046,1861,2146,664.7,94.0,3.0,0.64,146.7,85.56,14.67
2026-08-01,Indonesia,Visakhapatnam,Iron Ore,Capesize,174989,2046,1861,2146,664.7,94.0,2.6,0.57,124.7,85.56,14.93
2026-08-01,Indonesia,Visakhapatnam,Coal,Supramax,54048,2046,1861,2146,664.7,94.0,3.5,0.67,134.2,85.56,17.65
2026-08-01,Indonesia,Visakhapatnam,Iron Ore,Supramax,57159,2046,1861,2146,664.7,94.0,2.9,0.6,148.8,85.56,18.21
2026-08-01,Indonesia,Paradip,Coal,Panamax,81953,2046,1861,2146,664.7,94.0,2.8,0.71,141.6,85.56,14.93
2026-08-01,Indonesia,Paradip,Iron Ore,Panamax,75323,2046,1861,2146,664.7,94.0,2.8,0.69,130.0,85.56,15.61
2026-08-01,Indonesia,Paradip,Coal,Capesize,168935,2046,1861,2146,664.7,94.0,2.1,0.77,138.5,85.56,12.3
2026-08-01,Indonesia,Paradip,Iron Ore,Capesize,170286,2046,1861,2146,664.7,94.0,2.1,0.66,142.9,85.56,14.04
2026-08-01,Indonesia,Paradip,Coal,Supramax,53070,2046,1861,2146,664.7,94.0,2.8,0.76,144.2,85.56,14.81
2026-08-01,Indonesia,Paradip,Iron Ore,Supramax,49693,2046,1861,2146,664.7,94.0,2.4,0.72,129.5,85.56,17.07
2026-09-01,Australia,Visakhapatnam,Coal,Panamax,76602,1963,1828,1973,645.5,91.6,2.6,0.66,135.3,85.25,38.44
2026-09-01,Australia,Visakhapatnam,Iron Ore,Panamax,72638,1963,1828,1973,645.5,91.6,2.8,0.72,144.2,85.25,39.73
2026-09-01,Australia,Visakhapatnam,Coal,Capesize,179441,1963,1828,1973,645.5,91.6,3.6,0.64,147.4,85.25,35.11
2026-09-01,Australia,Visakhapatnam,Iron Ore,Capesize,192351,1963,1828,1973,645.5,91.6,2.6,0.69,129.7,85.25,35.67
2026-09-01,Australia,Visakhapatnam,Coal,Supramax,58030,1963,1828,1973,645.5,91.6,2.5,0.73,125.6,85.25,42.76
2026-09-01,Australia,Visakhapatnam,Iron Ore,Supramax,53862,1963,1828,1973,645.5,91.6,2.5,0.73,140.9,85.25,45.55
2026-09-01,Australia,Paradip,Coal,Panamax,71418,1963,1828,1973,645.5,91.6,2.6,0.73,157.1,85.25,37.87
2026-09-01,Australia,Paradip,Iron Ore,Panamax,71566,1963,1828,1973,645.5,91.6,2.8,0.68,148.6,85.25,41.22
2026-09-01,Australia,Paradip,Coal,Capesize,175381,1963,1828,1973,645.5,91.6,2.8,0.69,133.8,85.25,34.32
2026-09-01,Australia,Paradip,Iron Ore,Capesize,187566,1963,1828,1973,645.5,91.6,2.2,0.71,152.7,85.25,35.74
2026-09-01,Australia,Paradip,Coal,Supramax,50210,1963,1828,1973,645.5,91.6,2.6,0.7,129.8,85.25,43.5
2026-09-01,Australia,Paradip,Iron Ore,Supramax,59769,1963,1828,1973,645.5,91.6,1.9,0.74,148.9,85.25,45.38
2026-09-01,Australia,Chennai,Coal,Panamax,77308,1963,1828,1973,645.5,91.6,2.9,0.72,146.6,85.25,35.91
2026-09-01,Australia,Chennai,Iron Ore,Panamax,74010,1963,1828,1973,645.5,91.6,3.2,0.7,139.2,85.25,39.04
2026-09-01,Australia,Chennai,Coal,Capesize,174770,1963,1828,1973,645.5,91.6,2.3,0.69,138.2,85.25,32.24
2026-09-01,Australia,Chennai,Iron Ore,Capesize,176040,1963,1828,1973,645.5,91.6,2.9,0.72,144.0,85.25,34.02
2026-09-01,Australia,Chennai,Coal,Supramax,50769,1963,1828,1973,645.5,91.6,3.1,0.68,136.0,85.25,42.64
2026-09-01,Australia,Chennai,Iron Ore,Supramax,52981,1963,1828,1973,645.5,91.6,2.3,0.75,146.6,85.25,43.27
2026-09-01,Indonesia,Visakhapatnam,Coal,Panamax,72312,1963,1828,1973,645.5,91.6,2.5,0.7,139.9,85.25,12.66
2026-09-01,Indonesia,Visakhapatnam,Iron Ore,Panamax,69036,1963,1828,1973,645.5,91.6,2.9,0.7,142.3,85.25,14.53
2026-09-01,Indonesia,Visakhapatnam,Coal,Capesize,188000,1963,1828,1973,645.5,91.6,2.2,0.78,131.9,85.25,12.0
2026-09-01,Indonesia,Visakhapatnam,Iron Ore,Capesize,183170,1963,1828,1973,645.5,91.6,2.5,0.73,149.1,85.25,12.0
2026-09-01,Indonesia,Visakhapatnam,Coal,Supramax,52126,1963,1828,1973,645.5,91.6,2.7,0.67,148.3,85.25,14.75
2026-09-01,Indonesia,Visakhapatnam,Iron Ore,Supramax,58433,1963,1828,1973,645.5,91.6,2.9,0.71,147.6,85.25,14.99
2026-09-01,Indonesia,Paradip,Coal,Panamax,82171,1963,1828,1973,645.5,91.6,2.2,0.7,142.3,85.25,12.87
2026-09-01,Indonesia,Paradip,Iron Ore,Panamax,69945,1963,1828,1973,645.5,91.6,2.5,0.76,126.8,85.25,13.37
2026-09-01,Indonesia,Paradip,Coal,Capesize,178636,1963,1828,1973,645.5,91.6,1.5,0.7,146.0,85.25,12.0
2026-09-01,Indonesia,Paradip,Iron Ore,Capesize,175074,1963,1828,1973,645.5,91.6,2.2,0.73,139.2,85.25,12.49
2026-09-01,Indonesia,Paradip,Coal,Supramax,51300,1963,1828,1973,645.5,91.6,2.0,0.73,145.9,85.25,14.3
2026-09-01,Indonesia,Paradip,Iron Ore,Supramax,57153,1963,1828,1973,645.5,91.6,2.7,0.68,147.2,85.25,15.63
